case_ref,fraud_type,category,is_scam,channel_name,sub_scenario,detection_method,case_owner_team,case_status,fraud_start_ts,fraud_date,detection_ts,customer_report_ts,resolution_ts,amount_attempted,amount_lost,amount_recovered,net_loss,recovery_rate,transaction_count,reimbursed_flag,provisional_credit_flag,cross_border_flag,detect_lag_hours,report_lag_hours,resolution_days,report_lag_band,product_name,balance_band,zelle_enabled,account_status,customer_ref,age_band,segment,state,city,tenure_years,digital_enrolled,prior_fraud_claims
FRD000008607,"Identity Theft/Synthetic",Unauthorized,0,"Online Banking","stolen SSN","ML Model","Fraud Ops",Open,"2026-02-17 08:56:46",2026-02-17,"2026-03-05 17:50:02","2026-03-05 22:02:28",NULL,2873.14,470.76,94.87,375.89,0.2015,2,0,1,0,392,397,NULL,"4. 7d+","Premier Savings",$1K-5K,1,active,CUS0002027,55-64,"Consumer Banking",KS,"Overland Park",0.9,1,1
FRD000004435,Phishing/Smishing,Unauthorized,1,"Online Banking","fake login page","Rules Engine","Fraud Ops","Closed-No Fraud","2024-11-09 05:16:11",2024-11-09,"2024-11-13 17:43:09",NULL,"2024-11-24 23:01:46",1647.70,0.00,0.00,0.00,NULL,1,0,0,1,108,NULL,15,"Never Reported","Freedom Unlimited",$25K-100K,0,active,CUS0002000,25-34,"Consumer Banking",MI,Lansing,0.7,1,0
FRD000006479,"Zelle/P2P Scam",Authorized,1,"Online Banking","rental deposit","Rules Engine",Claims,Closed-Confirmed,"2024-04-06 04:28:05",2024-04-06,"2024-04-06 21:04:48",NULL,"2024-05-04 21:13:25",429.94,429.94,52.20,377.74,0.1214,1,0,0,0,16,NULL,28,"Never Reported","Premier Savings",$5K-25K,1,active,CUS0000641,25-34,"Consumer Banking",TX,Houston,10.6,1,0
FRD000002082,Card-Not-Present,Unauthorized,0,"Online Banking","subscription abuse","ML Model","Card Services",Open,"2024-11-14 10:08:42",2024-11-14,"2024-11-17 04:09:46","2024-11-17 10:57:54",NULL,194.42,132.17,130.27,1.90,0.9856,3,1,1,1,66,72,NULL,"3. 3-7d","Sapphire Preferred",$25K-100K,0,active,CUS0000241,65+,"Consumer Banking",KS,Topeka,0.4,1,0
FRD000000879,Card-Not-Present,Unauthorized,0,"Online Banking","card testing","Merchant Alert","Card Services",Closed-Confirmed,"2025-12-30 22:47:26",2025-12-30,"2025-12-31 22:17:16",NULL,"2026-01-15 12:35:22",48.43,48.43,33.35,15.08,0.6886,2,1,0,0,23,NULL,15,"Never Reported","Private Client Checking",$5K-25K,1,active,CUS0000320,25-34,"Private Client Banking",CA,"San Diego",4.7,0,0
FRD000007207,"Zelle/P2P Scam",Authorized,1,"Online Banking","utility impersonation","Customer Reported",Claims,Closed-Confirmed,"2025-10-23 05:24:28",2025-10-23,"2025-10-23 15:52:09","2025-10-23 20:02:18","2025-11-10 10:42:35",1412.93,1412.93,193.69,1219.24,0.1371,2,0,0,0,10,14,18,"1. <24h","Auto Loan",$5K-25K,0,active,CUS0001862,45-54,"Consumer Banking",TX,Austin,2.0,1,1
FRD000006319,"Zelle/P2P Scam",Authorized,1,"Online Banking","fake marketplace seller","Customer Reported",Claims,Closed-Confirmed,"2025-04-18 12:02:49",2025-04-18,"2025-04-18 15:40:24","2025-04-18 20:46:04","2025-05-11 08:50:14",187.36,187.36,27.21,160.15,0.1452,1,0,0,0,3,8,22,"1. <24h","Business Savings",$25K-100K,1,active,CUS0001461,35-44,"Financial Banking",FL,Tampa,2.2,1,0
FRD000009899,"Tech Support/Impersonation",Authorized,1,"Online Banking","refund overpayment","Rules Engine",Claims,Closed-Confirmed,"2024-06-06 00:09:41",2024-06-06,"2024-06-09 17:22:44",NULL,"2024-06-23 05:22:40",1447.11,1447.11,358.43,1088.68,0.2477,1,1,0,1,89,NULL,17,"Never Reported","Auto Loan",<$1K,0,active,CUS0001576,18-24,"Consumer Banking",TX,Houston,6.2,1,0
FRD000004300,Phishing/Smishing,Unauthorized,1,"Online Banking","credential harvest","Rules Engine","Fraud Ops",Closed-Confirmed,"2024-02-02 19:33:36",2024-02-02,"2024-02-04 11:14:25","2024-02-06 04:58:19","2024-03-07 04:53:48",1781.43,1781.43,914.30,867.13,0.5132,1,1,0,0,39,81,33,"3. 3-7d","Auto Loan",$5K-25K,0,active,CUS0002074,25-34,"Consumer Banking",NJ,Trenton,8.5,1,1
FRD000008526,"Identity Theft/Synthetic",Unauthorized,0,"Online Banking","synthetic identity","ML Model","Fraud Ops",Closed-Confirmed,"2024-08-26 15:56:07",2024-08-26,"2025-03-30 06:56:14","2025-04-02 03:55:11","2025-04-25 03:11:52",10618.54,10618.54,2283.94,8334.60,0.2151,3,1,1,0,5175,5243,241,"4. 7d+","Sapphire Preferred",$5K-25K,0,closed,CUS0001600,55-64,"Consumer Banking",MI,Lansing,4.0,1,0
FRD000002899,Card-Not-Present,Unauthorized,0,"Online Banking","subscription abuse","Rules Engine","Card Services","Closed-No Fraud","2026-04-20 16:32:00",2026-04-20,"2026-04-21 08:33:07","2026-04-21 12:19:38","2026-05-09 11:05:28",58.30,0.00,0.00,0.00,NULL,3,0,0,1,16,19,18,"1. <24h","Sapphire Preferred",$1K-5K,0,active,CUS0002863,45-54,"Consumer Banking",CA,"San Diego",6.0,1,0
FRD000006288,"Zelle/P2P Scam",Authorized,1,"Online Banking","utility impersonation","Customer Reported",Claims,Closed-Confirmed,"2024-11-30 13:09:54",2024-11-30,"2024-11-30 19:01:09","2024-12-01 01:00:48","2024-12-07 13:41:31",308.86,308.86,37.52,271.34,0.1215,1,0,0,0,5,11,7,"1. <24h","Sapphire Preferred",$25K-100K,0,active,CUS0002307,45-54,"Consumer Banking",KS,"Overland Park",10.7,1,0
FRD000007275,"Zelle/P2P Scam",Authorized,1,"Online Banking","utility impersonation","Customer Reported",Claims,Closed-Confirmed,"2025-09-30 07:14:33",2025-09-30,"2025-09-30 23:57:49","2025-10-01 04:18:42","2025-10-18 07:23:16",5298.84,5298.84,504.61,4794.23,0.0952,1,0,0,0,16,21,18,"1. <24h","Freedom Unlimited",<$1K,0,active,CUS0002779,18-24,"Consumer Banking",FL,Miami,6.3,1,2
FRD000005334,"Account Takeover",Unauthorized,0,"Online Banking","SIM swap","Customer Reported","Fraud Ops",Closed-Confirmed,"2025-01-10 03:37:19",2025-01-10,"2025-01-16 04:16:03","2025-01-16 14:53:25","2025-01-30 04:48:08",2307.47,2307.47,1183.57,1123.90,0.5129,1,1,0,1,144,155,20,"3. 3-7d","Private Client Checking",$1K-5K,1,active,CUS0000675,25-34,"Private Client Banking",CA,"Los Angeles",2.7,1,1
FRD000001713,Card-Not-Present,Unauthorized,0,"Online Banking","digital wallet","Rules Engine","Card Services","Under Review","2024-11-12 04:51:46",2024-11-12,"2024-11-12 08:44:15",NULL,NULL,467.95,467.95,467.95,0.00,1.0000,2,1,0,0,3,NULL,NULL,"Never Reported","Freedom Unlimited",<$1K,0,active,CUS0002608,65+,"Consumer Banking",TX,Houston,4.3,1,0
FRD000008443,"Identity Theft/Synthetic",Unauthorized,0,"Online Banking",bust-out,"Statement Review","Fraud Ops",Closed-Confirmed,"2025-03-15 04:39:35",2025-03-15,"2025-04-26 16:53:22",NULL,"2025-05-06 11:49:08",54623.53,54623.53,13376.91,41246.62,0.2449,3,1,0,0,1020,NULL,52,"Never Reported","Total Checking",$1K-5K,1,active,CUS0000734,35-44,"Consumer Banking",FL,Tampa,5.0,0,0
FRD000006269,"Zelle/P2P Scam",Authorized,1,"Online Banking","utility impersonation","Customer Reported",Claims,Closed-Confirmed,"2024-06-20 11:41:21",2024-06-20,"2024-06-20 15:44:01","2024-06-21 02:27:12","2024-07-06 01:00:08",822.66,597.76,78.07,519.69,0.1306,1,0,0,0,4,14,15,"1. <24h","Freedom Unlimited",<$1K,0,active,CUS0000302,18-24,"Consumer Banking",FL,Orlando,0.5,1,0
FRD000005946,"Zelle/P2P Scam",Authorized,1,"Online Banking","ticket resale","Customer Reported",Claims,"Closed-No Fraud","2026-06-05 08:53:34",2026-06-05,"2026-06-05 23:43:21","2026-06-06 13:06:21","2026-06-12 19:01:36",171.99,0.00,0.00,0.00,NULL,1,0,0,1,14,28,7,"2. 24-72h","Private Client Savings",$1K-5K,1,active,CUS0001622,35-44,"Private Client Banking",CA,"San Francisco",10.7,1,0
FRD000001699,Card-Not-Present,Unauthorized,0,"Online Banking","digital wallet","ML Model","Card Services",Closed-Confirmed,"2024-02-10 20:01:04",2024-02-10,"2024-02-12 05:29:01","2024-02-12 11:31:07","2024-03-07 23:26:11",721.83,721.83,508.56,213.27,0.7045,3,1,0,0,33,39,26,"2. 24-72h","Premier Savings",$25K-100K,1,active,CUS0002711,35-44,"Consumer Banking",NJ,Newark,6.6,1,0
FRD000006387,"Zelle/P2P Scam",Authorized,1,"Online Banking","ticket resale","Rules Engine",Claims,Closed-Confirmed,"2025-07-14 21:06:30",2025-07-14,"2025-07-15 10:55:41",NULL,"2025-07-23 09:18:14",546.02,546.02,79.64,466.38,0.1459,1,0,0,0,13,NULL,8,"Never Reported","Private Client Savings",<$1K,1,active,CUS0002671,55-64,"Private Client Banking",KS,"Overland Park",1.9,1,0
FRD000001348,Card-Not-Present,Unauthorized,0,"Online Banking","subscription abuse","ML Model","Card Services",Closed-Confirmed,"2024-10-24 04:34:01",2024-10-24,"2024-10-25 05:49:51","2024-10-25 10:02:16","2024-11-01 01:54:18",120.21,58.43,51.19,7.24,0.8761,1,1,0,0,25,29,7,"2. 24-72h","Sapphire Preferred",<$1K,0,active,CUS0001138,25-34,"Consumer Banking",KS,Topeka,0.1,1,0
FRD000006232,"Zelle/P2P Scam",Authorized,1,"Online Banking","rental deposit","Customer Reported",Claims,Closed-Confirmed,"2026-04-04 09:43:38",2026-04-04,"2026-04-04 14:20:41","2026-04-05 00:45:35","2026-04-27 15:24:18",608.54,608.54,66.83,541.71,0.1098,1,0,0,0,4,15,23,"1. <24h","Auto Loan",$25K-100K,0,active,CUS0001224,25-34,"Consumer Banking",TX,Houston,2.8,1,0
FRD000009200,"Identity Theft/Synthetic",Unauthorized,0,"Online Banking","new account fraud","ML Model","Fraud Ops","Closed-No Fraud","2024-09-27 01:32:05",2024-09-27,"2024-12-15 04:49:49","2024-12-22 00:15:04","2024-12-23 22:28:46",5611.89,0.00,0.00,0.00,NULL,4,0,0,0,1899,2062,87,"4. 7d+","Premier Savings",$1K-5K,1,active,CUS0001377,25-34,"Consumer Banking",WA,Spokane,4.8,1,0
FRD000000313,Card-Not-Present,Unauthorized,0,"Online Banking","card testing","Merchant Alert","Card Services",Closed-Confirmed,"2024-03-30 13:52:34",2024-03-30,"2024-03-30 19:56:27",NULL,"2024-04-17 19:37:28",235.33,235.33,235.33,0.00,1.0000,3,1,0,0,6,NULL,18,"Never Reported","Private Client Checking",$25K-100K,1,active,CUS0001724,45-54,"Private Client Banking",FL,Orlando,6.0,1,0
FRD000004313,Phishing/Smishing,Unauthorized,1,"Online Banking","credential harvest","ML Model","Fraud Ops",Closed-Confirmed,"2025-09-16 10:17:57",2025-09-16,"2025-09-20 10:12:11","2025-09-22 10:21:21","2025-10-19 08:30:32",676.91,676.91,289.09,387.82,0.4271,1,1,1,0,95,144,32,"3. 3-7d","Freedom Unlimited",$5K-25K,0,active,CUS0001072,25-34,"Consumer Banking",FL,Miami,2.5,1,0
FRD000001734,Card-Not-Present,Unauthorized,0,"Online Banking","online retail","Customer Reported","Card Services",Closed-Confirmed,"2024-02-01 18:21:13",2024-02-01,"2024-02-02 09:34:48","2024-02-02 22:26:46","2024-02-29 20:48:15",69.80,69.80,69.80,0.00,1.0000,1,1,1,0,15,28,28,"2. 24-72h","Sapphire Preferred",$25K-100K,0,active,CUS0002918,25-34,"Consumer Banking",MI,Detroit,2.5,1,0
FRD000000279,Card-Not-Present,Unauthorized,0,"Online Banking","online retail","Merchant Alert","Card Services",Closed-Confirmed,"2024-10-08 19:43:11",2024-10-08,"2024-10-09 05:47:53",NULL,"2024-10-24 02:52:25",243.51,38.60,37.35,1.25,0.9676,1,0,0,0,10,NULL,15,"Never Reported","Total Checking",$1K-5K,1,active,CUS0002343,35-44,"Consumer Banking",TX,Houston,9.4,1,0
FRD000001255,Card-Not-Present,Unauthorized,0,"Online Banking","digital wallet","Merchant Alert","Card Services",Closed-Confirmed,"2026-06-15 13:14:03",2026-06-15,"2026-06-15 19:40:40",NULL,"2026-07-12 10:07:05",158.15,158.15,120.06,38.09,0.7592,2,1,0,0,6,NULL,26,"Never Reported","Auto Loan",<$1K,0,active,CUS0001631,45-54,"Consumer Banking",CA,"San Francisco",4.6,0,0
FRD000002852,Card-Not-Present,Unauthorized,0,"Online Banking","card testing","Rules Engine","Card Services",Open,"2024-04-13 04:25:55",2024-04-13,"2024-04-14 07:27:04",NULL,NULL,30.60,3.32,2.26,1.06,0.6807,2,1,0,0,27,NULL,NULL,"Never Reported","Premier Savings",$5K-25K,1,active,CUS0001866,55-64,"Consumer Banking",PA,Philadelphia,1.9,0,1
FRD000004819,Phishing/Smishing,Unauthorized,1,"Online Banking","SMS link","Customer Reported","Fraud Ops",Closed-Confirmed,"2024-02-04 04:12:40",2024-02-04,"2024-02-05 23:25:12","2024-02-07 18:25:14","2024-02-28 04:46:36",7936.01,7936.01,4961.09,2974.92,0.6251,1,1,1,0,43,86,24,"3. 3-7d","Freedom Unlimited",$5K-25K,0,active,CUS0001621,25-34,"Consumer Banking",CA,"Los Angeles",3.1,1,0
FRD000005210,"Account Takeover",Unauthorized,0,"Online Banking","credential stuffing","ML Model","Fraud Ops",Closed-Confirmed,"2024-01-24 16:08:10",2024-01-24,"2024-01-30 13:52:12","2024-01-31 13:26:51","2024-02-09 15:06:23",5341.47,5341.47,2700.57,2640.90,0.5056,4,1,0,0,141,165,15,"3. 3-7d","Financial Investment Account",<$1K,0,active,CUS0001280,25-34,"Private Client Banking",NY,"New York",13.9,1,0
FRD000002982,Card-Not-Present,Unauthorized,0,"Online Banking","card testing","Customer Reported","Card Services",Closed-Confirmed,"2024-06-28 18:59:33",2024-06-28,"2024-06-29 08:21:21","2024-06-29 14:36:48","2024-07-20 04:05:22",115.38,115.38,98.53,16.85,0.8540,1,1,1,0,13,19,21,"1. <24h","Private Client Checking",$25K-100K,1,active,CUS0002181,45-54,"Private Client Banking",TX,Houston,0.3,0,0
FRD000005782,"Account Takeover",Unauthorized,0,"Online Banking","password reset abuse","Customer Reported","Fraud Ops",Closed-Confirmed,"2026-05-30 03:12:35",2026-05-30,"2026-06-07 09:59:53","2026-06-08 14:32:17","2026-06-30 19:10:22",3612.14,3612.14,1994.32,1617.82,0.5521,4,0,1,0,198,227,31,"4. 7d+","Sapphire Preferred",$5K-25K,0,active,CUS0000286,55-64,"Consumer Banking",CA,"Los Angeles",3.7,1,0
FRD000004248,Phishing/Smishing,Unauthorized,1,"Online Banking","SMS link","ML Model","Fraud Ops",Closed-Confirmed,"2025-11-10 21:00:09",2025-11-10,"2025-11-14 06:46:36",NULL,"2025-11-22 05:13:37",3796.34,3796.34,2533.71,1262.63,0.6674,1,1,0,0,81,NULL,11,"Never Reported","Sapphire Preferred",$25K-100K,0,active,CUS0001257,65+,"Consumer Banking",TX,Houston,5.5,1,1
FRD000008673,"Identity Theft/Synthetic",Unauthorized,0,"Online Banking","synthetic identity","ML Model","Fraud Ops",Closed-Confirmed,"2025-01-10 10:22:43",2025-01-10,"2025-02-01 01:39:37","2025-02-05 20:52:43","2025-02-14 15:47:17",49043.14,49043.14,9378.40,39664.74,0.1912,4,1,0,0,519,634,35,"4. 7d+","Auto Loan",$1K-5K,0,active,CUS0001037,65+,"Consumer Banking",NJ,Newark,0.9,1,0
FRD000004626,Phishing/Smishing,Unauthorized,1,"Online Banking","fake login page","ML Model","Fraud Ops",Closed-Confirmed,"2026-02-16 06:18:34",2026-02-16,"2026-02-18 04:24:07",NULL,"2026-03-20 15:39:29",792.11,792.11,511.24,280.87,0.6454,2,1,0,0,46,NULL,32,"Never Reported","Total Checking",$5K-25K,1,active,CUS0002603,25-34,"Consumer Banking",KS,"Overland Park",0.2,1,0
FRD000000061,Card-Not-Present,Unauthorized,0,"Online Banking","online retail","ML Model","Card Services",Closed-Confirmed,"2025-09-19 07:14:40",2025-09-19,"2025-09-19 20:32:21",NULL,"2025-10-06 08:53:06",125.83,114.63,97.81,16.82,0.8533,6,1,0,1,13,NULL,17,"Never Reported","Premier Savings",<$1K,1,active,CUS0002477,55-64,"Consumer Banking",NJ,Trenton,35.0,1,0
FRD000003817,Phishing/Smishing,Unauthorized,1,"Online Banking","SMS link","Rules Engine","Fraud Ops",Closed-Confirmed,"2025-04-24 21:41:50",2025-04-24,"2025-04-28 05:13:28",NULL,"2025-05-04 19:58:22",1056.63,1056.63,456.55,600.08,0.4321,2,0,0,0,79,NULL,9,"Never Reported","Freedom Unlimited",<$1K,0,active,CUS0000379,45-54,"Consumer Banking",TX,Dallas,1.8,1,0
FRD000006156,"Zelle/P2P Scam",Authorized,1,"Online Banking","ticket resale","Customer Reported",Claims,Closed-Confirmed,"2024-02-29 23:18:07",2024-02-29,"2024-03-01 03:47:23","2024-03-01 13:17:10","2024-03-15 04:13:10",102.31,88.75,12.54,76.21,0.1413,1,0,0,0,4,13,14,"1. <24h","Total Checking",$5K-25K,1,active,CUS0001013,55-64,"Consumer Banking",MI,Detroit,3.9,1,0
FRD000004129,Phishing/Smishing,Unauthorized,1,"Online Banking","credential harvest","Rules Engine","Fraud Ops",Open,"2026-03-16 12:11:11",2026-03-16,"2026-03-20 08:28:45","2026-03-20 12:00:36",NULL,2949.48,2949.48,1694.35,1255.13,0.5745,2,1,1,0,92,95,NULL,"3. 3-7d","Total Checking",$5K-25K,1,active,CUS0001614,65+,"Consumer Banking",NY,Albany,4.7,1,0
FRD000001401,Card-Not-Present,Unauthorized,0,"Online Banking","subscription abuse","Rules Engine","Card Services",Closed-Confirmed,"2025-12-10 14:28:16",2025-12-10,"2025-12-10 22:46:20",NULL,"2025-12-21 23:39:59",608.80,608.80,588.34,20.46,0.9664,2,1,0,0,8,NULL,11,"Never Reported","Auto Loan",<$1K,0,active,CUS0000137,45-54,"Consumer Banking",FL,Tampa,10.0,1,2
FRD000001133,Card-Not-Present,Unauthorized,0,"Online Banking","subscription abuse","Rules Engine","Card Services","Closed-No Fraud","2025-11-03 11:33:19",2025-11-03,"2025-11-05 21:47:49","2025-11-06 03:46:40","2025-11-15 14:48:43",351.60,0.00,0.00,0.00,NULL,4,0,0,0,58,64,12,"2. 24-72h","Business Platinum",$5K-25K,0,active,CUS0002015,45-54,"Financial Banking",TX,Houston,0.2,1,0
FRD000005462,"Account Takeover",Unauthorized,0,"Online Banking","credential stuffing","ML Model","Fraud Ops",Closed-Confirmed,"2025-07-04 14:41:17",2025-07-04,"2025-07-14 11:21:29",NULL,"2025-07-27 00:18:36",4459.30,4459.30,2110.01,2349.29,0.4732,2,1,0,0,236,NULL,22,"Never Reported","Auto Loan",$5K-25K,0,active,CUS0000599,25-34,"Consumer Banking",CA,"Los Angeles",0.0,1,0
FRD000002421,Card-Not-Present,Unauthorized,0,"Online Banking","subscription abuse","ML Model","Card Services","Closed-No Fraud","2024-12-31 03:39:26",2024-12-31,"2024-12-31 07:36:02","2024-12-31 12:35:58","2025-01-14 03:37:25",31.90,0.00,0.00,0.00,NULL,1,0,0,0,3,8,13,"1. <24h","Premier Savings",<$1K,1,closed,CUS0002772,65+,"Consumer Banking",KS,Topeka,15.8,1,0
FRD000009838,"Tech Support/Impersonation",Authorized,1,"Online Banking","refund overpayment","Customer Reported",Claims,"Under Review","2025-04-21 14:21:20",2025-04-21,"2025-04-23 18:16:31","2025-04-24 16:20:46",NULL,5562.46,5562.46,1137.32,4425.14,0.2045,1,0,0,0,51,73,NULL,"3. 3-7d","Premier Savings",$1K-5K,1,active,CUS0002352,55-64,"Consumer Banking",CA,"San Francisco",10.3,1,0
FRD000002718,Card-Not-Present,Unauthorized,0,"Online Banking","digital wallet","ML Model","Card Services",Closed-Confirmed,"2026-01-16 17:41:48",2026-01-16,"2026-01-17 05:21:10","2026-01-17 08:51:13","2026-02-06 04:48:11",275.36,275.36,232.90,42.46,0.8458,2,1,1,0,11,15,20,"1. <24h","Sapphire Preferred",$1K-5K,0,active,CUS0002795,35-44,"Consumer Banking",KS,"Overland Park",0.2,0,0
FRD000005541,"Account Takeover",Unauthorized,0,"Online Banking","session hijack","Customer Reported","Fraud Ops",Closed-Confirmed,"2024-11-08 13:43:49",2024-11-08,"2024-11-09 11:30:31","2024-11-10 18:35:15","2024-11-30 20:55:17",5472.59,5472.59,3012.36,2460.23,0.5504,6,1,1,0,21,52,22,"2. 24-72h","Sapphire Preferred",$5K-25K,0,active,CUS0001236,65+,"Consumer Banking",NY,"New York",5.8,1,0
FRD000006577,"Zelle/P2P Scam",Authorized,1,"Online Banking","rental deposit","Customer Reported",Claims,Closed-Confirmed,"2025-09-14 16:05:34",2025-09-14,"2025-09-14 21:34:47","2025-09-15 08:12:00","2025-10-13 12:00:38",1699.73,1699.73,222.51,1477.22,0.1309,1,0,0,0,5,16,28,"1. <24h","Private Client Savings",$1K-5K,1,active,CUS0001237,55-64,"Private Client Banking",CA,"San Diego",6.3,1,0
FRD000002182,Card-Not-Present,Unauthorized,0,"Online Banking","subscription abuse","ML Model","Card Services",Closed-Confirmed,"2024-09-06 04:21:06",2024-09-06,"2024-09-06 11:52:49","2024-09-06 16:21:43","2024-09-18 08:19:20",103.00,103.00,73.35,29.65,0.7121,2,1,0,0,7,12,12,"1. <24h","Sapphire Preferred",$25K-100K,0,closed,CUS0000617,25-34,"Consumer Banking",KS,Topeka,2.4,1,0
FRD000004744,Phishing/Smishing,Unauthorized,1,"Online Banking","QR code","ML Model","Fraud Ops",Closed-Confirmed,"2025-03-25 16:13:43",2025-03-25,"2025-03-31 02:24:49",NULL,"2025-04-23 06:17:59",18469.62,7445.21,3739.14,3706.07,0.5022,1,1,0,0,130,NULL,28,"Never Reported","Private Client Savings",$25K-100K,1,active,CUS0001947,35-44,"Private Client Banking",TX,Houston,16.1,1,0
FRD000000295,Card-Not-Present,Unauthorized,0,"Online Banking","card testing","Rules Engine","Card Services",Closed-Confirmed,"2025-08-09 18:53:31",2025-08-09,"2025-08-10 13:37:44",NULL,"2025-08-28 16:06:14",78.93,78.93,61.42,17.51,0.7782,3,1,0,0,18,NULL,18,"Never Reported","Sapphire Preferred",$1K-5K,0,active,CUS0000988,35-44,"Consumer Banking",MA,Springfield,2.6,1,0
FRD000006465,"Zelle/P2P Scam",Authorized,1,"Online Banking","rental deposit","Customer Reported",Claims,Closed-Confirmed,"2024-07-18 17:05:35",2024-07-18,"2024-07-18 20:48:31","2024-07-19 06:43:26","2024-07-27 18:31:33",56.58,56.58,5.60,50.98,0.0990,1,0,0,0,3,13,9,"1. <24h","Total Checking",$1K-5K,1,active,CUS0001573,55-64,"Consumer Banking",CA,"San Diego",3.6,1,0
FRD000000616,Card-Not-Present,Unauthorized,0,"Online Banking","card testing","Customer Reported","Card Services",Closed-Confirmed,"2024-11-16 09:28:34",2024-11-16,"2024-11-16 12:25:47","2024-11-16 14:34:17","2024-12-22 10:02:00",349.08,349.08,298.49,50.59,0.8551,1,1,1,0,2,5,36,"1. <24h","Total Checking",$25K-100K,1,closed,CUS0000767,65+,"Consumer Banking",FL,Miami,1.6,1,1
FRD000002798,Card-Not-Present,Unauthorized,0,"Online Banking","card testing","Customer Reported","Card Services",Closed-Confirmed,"2024-08-11 19:33:15",2024-08-11,"2024-08-12 05:27:30","2024-08-12 13:41:36","2024-08-29 10:26:37",1228.05,1228.05,1228.05,0.00,1.0000,1,1,1,0,9,18,17,"1. <24h","Business Checking",$1K-5K,1,closed,CUS0000959,55-64,"Financial Banking",TX,Dallas,4.7,1,0
FRD000000484,Card-Not-Present,Unauthorized,0,"Online Banking","card testing","ML Model","Card Services",Closed-Confirmed,"2025-07-22 23:55:46",2025-07-22,"2025-07-23 19:13:00",NULL,"2025-08-11 06:45:30",203.08,184.36,136.76,47.60,0.7418,2,1,0,0,19,NULL,19,"Never Reported","Total Checking",<$1K,1,active,CUS0002703,55-64,"Consumer Banking",NJ,Trenton,9.9,1,0
FRD000002238,Card-Not-Present,Unauthorized,0,"Online Banking","card testing","Merchant Alert","Card Services",Closed-Confirmed,"2024-10-07 05:34:15",2024-10-07,"2024-10-07 14:20:44","2024-10-07 16:01:09","2024-10-15 01:38:15",142.12,66.84,52.99,13.85,0.7928,5,1,1,0,8,10,7,"1. <24h","Total Checking",<$1K,1,active,CUS0002157,55-64,"Consumer Banking",CA,"San Diego",0.8,1,0
FRD000005569,"Account Takeover",Unauthorized,0,"Online Banking","SIM swap","Customer Reported","Fraud Ops",Closed-Confirmed,"2026-06-30 21:37:34",2026-06-30,"2026-07-05 09:53:01","2026-07-06 05:55:33","2026-08-06 08:17:49",2292.68,2292.68,1069.81,1222.87,0.4666,5,1,1,0,108,128,36,"3. 3-7d","Premier Savings",$5K-25K,1,active,CUS0001931,65+,"Consumer Banking",FL,Miami,3.5,1,0
FRD000005526,"Account Takeover",Unauthorized,0,"Online Banking","credential stuffing","Rules Engine","Fraud Ops",Closed-Confirmed,"2025-07-18 02:37:42",2025-07-18,"2025-07-25 09:57:19",NULL,"2025-08-16 16:29:23",6274.60,5380.85,2105.76,3275.09,0.3913,1,1,0,1,175,NULL,29,"Never Reported","Freedom Unlimited",$5K-25K,0,active,CUS0001842,65+,"Consumer Banking",WA,Spokane,0.6,1,0
FRD000000603,Card-Not-Present,Unauthorized,0,"Online Banking","card testing","Customer Reported","Card Services",Closed-Confirmed,"2025-12-08 03:38:39",2025-12-08,"2025-12-08 16:48:58","2025-12-08 17:54:57","2025-12-31 07:26:59",33.41,33.41,33.41,0.00,1.0000,1,1,1,0,13,14,23,"1. <24h","Sapphire Preferred",$5K-25K,0,active,CUS0001070,35-44,"Consumer Banking",CA,"San Diego",9.6,1,2
FRD000002201,Card-Not-Present,Unauthorized,0,"Online Banking","subscription abuse","Customer Reported","Card Services",Closed-Confirmed,"2025-10-21 06:49:18",2025-10-21,"2025-10-21 21:39:34","2025-10-22 00:10:30","2025-11-27 15:51:22",97.40,97.40,67.03,30.37,0.6882,5,1,1,0,14,17,37,"1. <24h","Total Checking",$5K-25K,1,active,CUS0002199,25-34,"Consumer Banking",NJ,"Jersey City",8.6,1,0
FRD000005661,"Account Takeover",Unauthorized,0,"Online Banking","password reset abuse","ML Model","Fraud Ops",Closed-Confirmed,"2025-08-26 05:58:28",2025-08-26,"2025-09-01 08:51:03","2025-09-01 13:15:39","2025-09-22 20:48:46",13510.36,11200.70,6054.50,5146.20,0.5405,4,1,0,0,146,151,27,"3. 3-7d","Premier Savings",$25K-100K,1,active,CUS0002072,35-44,"Consumer Banking",CA,"San Francisco",0.2,0,0
FRD000004555,Phishing/Smishing,Unauthorized,1,"Online Banking","fake login page","ML Model","Fraud Ops",Closed-Confirmed,"2025-04-05 23:38:17",2025-04-05,"2025-04-06 12:07:35",NULL,"2025-04-19 00:30:04",1976.94,1976.94,1033.34,943.60,0.5227,1,1,0,0,12,NULL,13,"Never Reported","Sapphire Preferred",$25K-100K,0,active,CUS0002912,25-34,"Consumer Banking",TX,Austin,3.0,0,0
FRD000004485,Phishing/Smishing,Unauthorized,1,"Online Banking","SMS link","Customer Reported","Fraud Ops",Closed-Confirmed,"2025-04-14 21:25:19",2025-04-14,"2025-04-20 02:22:18","2025-04-20 06:21:26","2025-05-09 09:49:44",2373.48,2373.48,1303.81,1069.67,0.5493,3,1,1,0,124,128,24,"3. 3-7d","Auto Loan",$1K-5K,0,active,CUS0000874,25-34,"Consumer Banking",NJ,Newark,7.6,1,0
FRD000008552,"Identity Theft/Synthetic",Unauthorized,0,"Online Banking","synthetic identity","ML Model","Fraud Ops",Closed-Confirmed,"2026-05-03 18:42:47",2026-05-03,"2026-06-10 18:23:57","2026-06-11 23:42:56","2026-06-20 06:45:58",21732.14,21732.14,4093.29,17638.85,0.1884,3,1,0,0,911,941,47,"4. 7d+","Total Checking",$5K-25K,1,active,CUS0000629,55-64,"Consumer Banking",FL,Tampa,13.4,1,0
FRD000007256,"Zelle/P2P Scam",Authorized,1,"Online Banking","fake marketplace seller","Customer Reported",Claims,Closed-Confirmed,"2025-05-06 12:44:47",2025-05-06,"2025-05-06 15:57:32","2025-05-07 07:04:08","2025-05-30 01:58:15",1273.73,1273.73,123.34,1150.39,0.0968,1,0,0,0,3,18,23,"1. <24h","Freedom Unlimited",$5K-25K,0,active,CUS0001646,45-54,"Consumer Banking",MA,Worcester,7.8,1,0
FRD000001213,Card-Not-Present,Unauthorized,0,"Online Banking","card testing","Merchant Alert","Card Services",Closed-Confirmed,"2025-01-22 12:37:42",2025-01-22,"2025-01-23 23:16:14",NULL,"2025-02-12 19:45:56",142.45,75.25,67.41,7.84,0.8958,3,1,0,0,34,NULL,21,"Never Reported","Business Platinum",$25K-100K,0,active,CUS0002441,45-54,"Financial Banking",FL,Orlando,5.6,1,0
FRD000008131,"Business Email Compromise",Authorized,1,"Online Banking","vendor invoice redirect","Customer Reported","Wire Recall",Closed-Confirmed,"2026-05-30 11:39:55",2026-05-30,"2026-05-31 04:34:58","2026-05-31 14:25:41","2026-06-05 06:08:17",37542.51,37542.51,12895.47,24647.04,0.3435,1,0,0,0,16,26,5,"2. 24-72h","Premier Savings",$1K-5K,1,restricted,CUS0000458,55-64,"Consumer Banking",TX,Houston,4.5,1,0
FRD000002031,Card-Not-Present,Unauthorized,0,"Online Banking","digital wallet","Rules Engine","Card Services",Closed-Confirmed,"2025-12-10 14:49:02",2025-12-10,"2025-12-11 21:10:21","2025-12-12 01:58:21","2025-12-16 04:31:14",284.79,284.79,284.79,0.00,1.0000,2,0,1,1,30,35,5,"2. 24-72h","Sapphire Preferred",$25K-100K,0,active,CUS0002480,35-44,"Consumer Banking",NY,Albany,22.2,1,0
FRD000006537,"Zelle/P2P Scam",Authorized,1,"Online Banking","utility impersonation","Customer Reported",Claims,Closed-Confirmed,"2025-01-26 06:00:07",2025-01-26,"2025-01-26 09:31:49","2025-01-26 16:36:03","2025-01-30 08:51:49",6522.61,6522.61,958.22,5564.39,0.1469,1,0,0,0,3,10,4,"1. <24h","Freedom Unlimited",$1K-5K,0,active,CUS0002805,18-24,"Consumer Banking",NY,Albany,4.3,1,0
FRD000007151,"Zelle/P2P Scam",Authorized,1,"Online Banking","ticket resale","Customer Reported",Claims,Closed-Confirmed,"2025-12-30 08:45:37",2025-12-30,"2025-12-30 11:03:03","2025-12-30 20:19:17","2026-01-20 08:14:15",790.64,790.64,103.08,687.56,0.1304,1,0,0,0,2,11,20,"1. <24h","Business Platinum",$5K-25K,0,active,CUS0000522,45-54,"Financial Banking",FL,Tampa,15.1,1,0
FRD000000266,Card-Not-Present,Unauthorized,0,"Online Banking","online retail","Merchant Alert","Card Services",Closed-Confirmed,"2026-05-30 23:34:30",2026-05-30,"2026-05-31 15:30:55",NULL,"2026-06-21 09:39:45",160.24,160.24,160.24,0.00,1.0000,2,1,0,1,15,NULL,21,"Never Reported","Business Platinum",$25K-100K,0,active,CUS0001023,35-44,"Financial Banking",KS,Topeka,11.6,1,0
FRD000005902,"Zelle/P2P Scam",Authorized,1,"Online Banking","ticket resale","Customer Reported",Claims,Closed-Confirmed,"2026-05-25 17:56:21",2026-05-25,"2026-05-25 20:45:56","2026-05-25 21:47:06","2026-06-03 18:27:46",2443.86,2318.62,327.58,1991.04,0.1413,2,1,0,0,2,3,9,"1. <24h","Financial Investment Account",$1K-5K,0,active,CUS0001548,45-54,"Private Client Banking",CA,"San Diego",3.4,1,0
FRD000000675,Card-Not-Present,Unauthorized,0,"Online Banking","card testing","Customer Reported","Card Services",Closed-Confirmed,"2025-02-03 17:25:38",2025-02-03,"2025-02-04 22:24:34","2025-02-05 01:43:58","2025-02-15 05:48:28",105.38,105.38,76.82,28.56,0.7290,5,1,1,0,28,32,11,"2. 24-72h","Sapphire Preferred",<$1K,0,active,CUS0001086,55-64,"Consumer Banking",FL,Miami,12.2,1,0
FRD000004568,Phishing/Smishing,Unauthorized,1,"Online Banking","SMS link","Customer Reported","Fraud Ops",Closed-Confirmed,"2024-08-30 02:10:36",2024-08-30,"2024-09-10 08:14:41","2024-09-11 23:05:39","2024-09-24 18:55:07",1445.17,1445.17,860.27,584.90,0.5953,1,1,1,0,270,308,25,"4. 7d+","Total Checking",$5K-25K,1,active,CUS0000459,65+,"Consumer Banking",NJ,Newark,7.7,1,0
FRD000004748,Phishing/Smishing,Unauthorized,1,"Online Banking","fake login page","Customer Reported","Fraud Ops",Closed-Confirmed,"2024-06-17 23:47:56",2024-06-17,"2024-06-21 17:09:38","2024-06-21 18:18:47","2024-07-28 03:27:48",704.10,704.10,433.28,270.82,0.6154,1,1,1,1,89,90,40,"3. 3-7d","Auto Loan",<$1K,0,active,CUS0001760,35-44,"Consumer Banking",CA,"San Diego",2.5,1,1
FRD000008835,"Identity Theft/Synthetic",Unauthorized,0,"Online Banking","synthetic identity","Statement Review","Fraud Ops",Closed-Confirmed,"2024-03-10 04:27:03",2024-03-10,"2024-04-05 14:35:05","2024-04-08 10:18:06","2024-04-22 03:37:45",9879.76,9879.76,2247.73,7632.03,0.2275,1,1,1,0,634,701,42,"4. 7d+","Freedom Unlimited",$25K-100K,0,active,CUS0001969,35-44,"Consumer Banking",NJ,Trenton,4.2,1,0
FRD000003954,Phishing/Smishing,Unauthorized,1,"Online Banking","QR code","Customer Reported","Fraud Ops","Under Review","2025-05-06 15:43:24",2025-05-06,"2025-05-08 09:09:26","2025-05-09 07:48:14",NULL,2989.07,2989.07,1322.96,1666.11,0.4426,1,1,0,1,41,64,NULL,"2. 24-72h","Financial Investment Account",<$1K,0,active,CUS0001806,45-54,"Private Client Banking",KS,Topeka,6.7,1,1
FRD000002053,Card-Not-Present,Unauthorized,0,"Online Banking","online retail","ML Model","Card Services",Closed-Confirmed,"2025-06-05 11:23:51",2025-06-05,"2025-06-06 12:59:40","2025-06-06 20:34:03","2025-06-10 01:08:15",152.69,152.69,105.46,47.23,0.6907,1,1,1,0,25,33,4,"2. 24-72h","Premier Savings",$25K-100K,1,active,CUS0000839,55-64,"Consumer Banking",KS,"Overland Park",1.3,0,2
FRD000006900,"Zelle/P2P Scam",Authorized,1,"Online Banking","fake marketplace seller","Rules Engine",Claims,Closed-Confirmed,"2025-11-18 08:04:41",2025-11-18,"2025-11-18 16:16:34",NULL,"2025-11-21 06:40:41",2349.25,2349.25,256.72,2092.53,0.1093,1,0,0,0,8,NULL,2,"Never Reported","Freedom Unlimited",<$1K,0,active,CUS0000696,18-24,"Consumer Banking",NJ,Newark,1.5,1,0
FRD000005522,"Account Takeover",Unauthorized,0,"Online Banking","password reset abuse","Rules Engine","Fraud Ops",Closed-Confirmed,"2025-05-26 10:18:05",2025-05-26,"2025-05-29 14:57:14",NULL,"2025-06-13 01:50:16",2802.20,2617.10,990.96,1626.14,0.3786,2,1,0,0,76,NULL,17,"Never Reported","Freedom Unlimited",$25K-100K,0,restricted,CUS0000484,18-24,"Consumer Banking",NJ,Trenton,4.1,1,0
FRD000002553,Card-Not-Present,Unauthorized,0,"Online Banking","subscription abuse","Merchant Alert","Card Services",Closed-Confirmed,"2024-10-25 17:22:08",2024-10-25,"2024-10-26 00:34:39","2024-10-26 09:58:11","2024-11-04 09:13:26",170.92,170.92,170.92,0.00,1.0000,3,1,0,0,7,16,9,"1. <24h","Total Checking",$1K-5K,1,closed,CUS0002685,45-54,"Consumer Banking",FL,Tampa,0.6,1,0
FRD000002233,Card-Not-Present,Unauthorized,0,"Online Banking","card testing","Customer Reported","Card Services","Closed-No Fraud","2024-11-28 23:17:36",2024-11-28,"2024-11-29 01:56:45","2024-11-29 02:50:58","2024-12-16 18:46:13",184.10,0.00,0.00,0.00,NULL,1,0,0,0,2,3,17,"1. <24h","Business Platinum",$1K-5K,0,active,CUS0001942,55-64,"Financial Banking",KS,Topeka,22.2,1,2
FRD000004245,Phishing/Smishing,Unauthorized,1,"Online Banking","SMS link","Customer Reported","Fraud Ops",Closed-Confirmed,"2025-01-21 15:24:07",2025-01-21,"2025-01-24 16:50:09","2025-01-25 08:52:57","2025-01-30 13:18:07",678.39,267.98,125.65,142.33,0.4689,2,1,1,0,73,89,8,"3. 3-7d","Auto Loan",<$1K,0,active,CUS0000648,25-34,"Consumer Banking",CA,"San Francisco",3.1,1,0
FRD000005360,"Account Takeover",Unauthorized,0,"Online Banking","credential stuffing","Customer Reported","Fraud Ops",Closed-Confirmed,"2024-12-25 14:40:28",2024-12-25,"2024-12-29 15:44:22","2024-12-30 06:40:10","2025-01-18 10:07:37",4210.04,4210.04,2209.26,2000.78,0.5248,7,1,1,0,97,111,23,"3. 3-7d","Private Client Savings",$25K-100K,1,active,CUS0000381,18-24,"Private Client Banking",MI,Lansing,0.1,1,0
FRD000001134,Card-Not-Present,Unauthorized,0,"Online Banking","digital wallet","Rules Engine","Card Services",Closed-Confirmed,"2025-11-18 03:26:53",2025-11-18,"2025-11-18 08:15:06","2025-11-18 15:40:11","2025-12-14 14:30:32",143.26,143.26,133.27,9.99,0.9303,2,1,0,1,4,12,26,"1. <24h","Sapphire Preferred",$5K-25K,0,active,CUS0001571,55-64,"Consumer Banking",FL,Orlando,4.6,1,0
FRD000005428,"Account Takeover",Unauthorized,0,"Online Banking","password reset abuse","ML Model","Fraud Ops",Closed-Confirmed,"2024-07-04 01:41:32",2024-07-04,"2024-07-05 16:05:34","2024-07-08 01:44:57","2024-07-20 11:41:49",702.61,702.61,241.37,461.24,0.3435,2,1,0,1,38,96,16,"3. 3-7d","Sapphire Preferred",$5K-25K,0,active,CUS0001807,25-34,"Consumer Banking",MA,Springfield,5.8,1,1
FRD000004282,Phishing/Smishing,Unauthorized,1,"Online Banking","credential harvest","Customer Reported","Fraud Ops",Closed-Confirmed,"2025-02-21 02:55:30",2025-02-21,"2025-02-26 05:27:26","2025-02-26 17:44:42","2025-03-26 14:03:52",4166.82,4166.82,1908.14,2258.68,0.4579,2,1,0,0,122,134,33,"3. 3-7d","Financial Investment Account",$1K-5K,0,active,CUS0000278,45-54,"Private Client Banking",TX,Austin,19.8,1,0
FRD000002189,Card-Not-Present,Unauthorized,0,"Online Banking","subscription abuse","Customer Reported","Card Services","Under Review","2024-08-21 11:09:26",2024-08-21,"2024-08-21 17:42:08","2024-08-21 22:34:34",NULL,181.21,181.21,140.09,41.12,0.7731,4,1,1,0,6,11,NULL,"1. <24h","Financial Investment Account",<$1K,0,active,CUS0001734,25-34,"Private Client Banking",FL,Miami,0.9,0,0
FRD000008454,"Identity Theft/Synthetic",Unauthorized,0,"Online Banking",bust-out,"ML Model","Fraud Ops",Closed-Confirmed,"2024-02-01 20:45:01",2024-02-01,"2024-04-21 23:04:59",NULL,"2024-04-25 23:56:56",1281.92,1281.92,239.78,1042.14,0.1870,2,1,0,0,1922,NULL,84,"Never Reported","Auto Loan",<$1K,0,active,CUS0000027,25-34,"Consumer Banking",FL,Orlando,9.5,1,1
FRD000006830,"Zelle/P2P Scam",Authorized,1,"Online Banking","ticket resale","Customer Reported",Claims,Closed-Confirmed,"2025-07-29 11:22:02",2025-07-29,"2025-07-29 12:24:10","2025-07-30 08:23:39","2025-08-03 20:12:08",753.14,753.14,64.26,688.88,0.0853,6,0,0,0,1,21,5,"1. <24h","Financial Investment Account",<$1K,0,active,CUS0000186,25-34,"Private Client Banking",NY,Buffalo,9.7,0,0
FRD000005868,"Account Takeover",Unauthorized,0,"Online Banking","SIM swap","Customer Reported","Fraud Ops",Closed-Confirmed,"2026-05-22 13:19:39",2026-05-22,"2026-06-01 03:01:13","2026-06-01 09:29:12","2026-06-20 16:46:30",5499.57,5499.57,2329.28,3170.29,0.4235,4,1,1,0,229,236,29,"4. 7d+","Auto Loan",<$1K,0,active,CUS0000086,45-54,"Consumer Banking",NY,"New York",30.3,1,0
FRD000006178,"Zelle/P2P Scam",Authorized,1,"Online Banking","rental deposit","Customer Reported",Claims,Closed-Confirmed,"2024-02-25 03:01:53",2024-02-25,"2024-02-25 21:32:18","2024-02-26 01:05:35","2024-03-18 18:23:54",414.23,135.45,13.02,122.43,0.0961,2,0,0,0,18,22,22,"1. <24h","Business Savings",$1K-5K,1,active,CUS0002638,25-34,"Financial Banking",TX,Houston,7.8,1,0
FRD000004020,Phishing/Smishing,Unauthorized,1,"Online Banking","credential harvest","ML Model","Fraud Ops",Closed-Confirmed,"2025-10-29 07:21:21",2025-10-29,"2025-10-31 15:15:32",NULL,"2025-11-17 10:55:09",171.39,27.87,17.89,9.98,0.6419,2,1,0,0,55,NULL,19,"Never Reported","Total Checking",$5K-25K,1,active,CUS0001993,65+,"Consumer Banking",NJ,"Jersey City",26.6,1,0
FRD000006032,"Zelle/P2P Scam",Authorized,1,"Online Banking","rental deposit","Customer Reported",Claims,Closed-Confirmed,"2026-04-04 08:47:32",2026-04-04,"2026-04-04 09:44:40","2026-04-04 12:57:02","2026-05-02 00:00:13",924.36,924.36,138.81,785.55,0.1502,1,0,0,0,0,4,27,"1. <24h","Private Client Savings",$1K-5K,1,closed,CUS0000322,55-64,"Private Client Banking",MA,Boston,4.0,1,0
FRD000008307,"Business Email Compromise",Authorized,1,"Online Banking","CEO impersonation","Customer Reported","Wire Recall","Closed-No Fraud","2024-02-29 12:43:57",2024-02-29,"2024-03-03 22:28:07","2024-03-04 10:01:19","2024-03-11 12:34:01",109911.77,0.00,0.00,0.00,NULL,1,0,0,0,81,93,10,"3. 3-7d","Premier Savings",$5K-25K,1,active,CUS0001559,45-54,"Consumer Banking",MI,"Grand Rapids",17.4,1,0
FRD000008103,"Business Email Compromise",Authorized,1,"Online Banking","CEO impersonation","Customer Reported","Wire Recall",Closed-Confirmed,"2024-12-24 16:10:38",2024-12-24,"2024-12-25 13:32:50","2024-12-25 20:59:05","2025-01-21 19:03:16",247187.79,247187.79,89972.78,157215.01,0.3640,1,0,0,0,21,28,28,"2. 24-72h","Freedom Unlimited",$100K+,0,active,CUS0002502,65+,"Consumer Banking",CA,"San Diego",7.6,0,0
FRD000005144,"Account Takeover",Unauthorized,0,"Online Banking","password reset abuse","Rules Engine","Fraud Ops",Closed-Confirmed,"2024-11-07 01:04:00",2024-11-07,"2024-11-08 17:06:33",NULL,"2024-12-01 16:26:40",10413.58,7661.80,4238.78,3423.02,0.5532,3,1,0,1,40,NULL,24,"Never Reported","Business Platinum",$5K-25K,0,active,CUS0000337,65+,"Financial Banking",NJ,Newark,8.6,1,2
FRD000002302,Card-Not-Present,Unauthorized,0,"Online Banking","subscription abuse","ML Model","Card Services",Closed-Confirmed,"2025-12-30 14:37:41",2025-12-30,"2025-12-31 17:49:38","2026-01-01 05:23:29","2026-01-13 14:30:36",121.29,96.02,90.78,5.24,0.9454,3,1,0,0,27,38,13,"2. 24-72h","Freedom Unlimited",$25K-100K,0,active,CUS0002356,45-54,"Consumer Banking",TX,Dallas,5.3,1,0
FRD000007120,"Zelle/P2P Scam",Authorized,1,"Online Banking","rental deposit","Customer Reported",Claims,Open,"2024-11-06 19:51:50",2024-11-06,"2024-11-07 01:42:35","2024-11-07 09:18:20",NULL,618.10,443.80,62.86,380.94,0.1416,1,0,0,0,5,13,NULL,"1. <24h","Sapphire Preferred",$1K-5K,0,active,CUS0000325,25-34,"Consumer Banking",CA,"San Francisco",11.1,1,0
FRD000000713,Card-Not-Present,Unauthorized,0,"Online Banking","card testing","Rules Engine","Card Services","Closed-No Fraud","2024-02-21 20:01:44",2024-02-21,"2024-02-22 09:17:16","2024-02-22 10:31:26","2024-03-04 18:52:32",112.89,0.00,0.00,0.00,NULL,4,0,0,0,13,14,11,"1. <24h","Freedom Unlimited",$25K-100K,0,active,CUS0001536,25-34,"Consumer Banking",FL,Miami,19.4,0,0
FRD000004365,Phishing/Smishing,Unauthorized,1,"Online Banking","credential harvest","ML Model","Fraud Ops",Closed-Confirmed,"2024-08-20 10:16:25",2024-08-20,"2024-08-26 09:14:21","2024-08-27 03:57:58","2024-09-04 01:51:09",505.99,505.99,300.52,205.47,0.5939,1,1,1,1,142,161,14,"3. 3-7d","Total Checking",<$1K,1,active,CUS0000130,45-54,"Consumer Banking",CA,"San Francisco",0.6,1,0
FRD000006235,"Zelle/P2P Scam",Authorized,1,"Online Banking","rental deposit","Customer Reported",Claims,Closed-Confirmed,"2025-04-30 16:53:29",2025-04-30,"2025-05-01 04:10:43","2025-05-01 09:08:17","2025-05-27 12:18:35",2605.52,2308.71,340.16,1968.55,0.1473,1,0,0,0,11,16,26,"1. <24h","Auto Loan",$1K-5K,0,active,CUS0002802,45-54,"Consumer Banking",MI,"Grand Rapids",4.6,1,0
FRD000000183,Card-Not-Present,Unauthorized,0,"Online Banking","online retail","Merchant Alert","Card Services","Under Review","2024-09-03 20:53:13",2024-09-03,"2024-09-04 01:47:06","2024-09-04 20:52:21",NULL,540.16,540.16,402.43,137.73,0.7450,5,1,0,0,4,23,NULL,"1. <24h","Sapphire Preferred",$25K-100K,0,closed,CUS0002577,25-34,"Consumer Banking",FL,Tampa,5.3,1,0
FRD000004216,Phishing/Smishing,Unauthorized,1,"Online Banking","credential harvest","Rules Engine","Fraud Ops",Closed-Confirmed,"2026-06-04 10:22:38",2026-06-04,"2026-06-07 18:18:00","2026-06-08 05:21:50","2026-06-30 12:48:55",1594.07,1594.07,774.30,819.77,0.4857,2,1,1,0,79,90,26,"3. 3-7d","Premier Savings",$5K-25K,1,active,CUS0001662,45-54,"Consumer Banking",PA,Pittsburgh,13.6,1,0
FRD000009681,"Tech Support/Impersonation",Authorized,1,"Online Banking","fake antivirus","Customer Reported",Claims,Open,"2024-09-20 21:31:28",2024-09-20,"2024-09-22 15:04:35","2024-09-23 11:50:54",NULL,5734.70,5734.70,1126.59,4608.11,0.1965,2,0,0,1,41,62,NULL,"2. 24-72h","Total Checking",<$1K,1,active,CUS0002812,65+,"Consumer Banking",NJ,Newark,12.9,1,0
FRD000004578,Phishing/Smishing,Unauthorized,1,"Online Banking","QR code","Customer Reported","Fraud Ops",Closed-Confirmed,"2024-02-14 12:55:05",2024-02-14,"2024-02-21 04:51:56","2024-02-22 00:12:00","2024-03-11 14:42:42",2385.50,621.27,280.09,341.18,0.4508,3,1,1,0,159,179,26,"4. 7d+","Total Checking",<$1K,1,active,CUS0000401,35-44,"Consumer Banking",NY,Albany,0.0,1,0
FRD000008410,"Identity Theft/Synthetic",Unauthorized,0,"Online Banking",bust-out,"Statement Review","Fraud Ops",Closed-Confirmed,"2024-02-26 19:53:27",2024-02-26,"2024-08-15 12:56:55",NULL,"2024-08-29 12:59:37",8414.03,8414.03,2076.84,6337.19,0.2468,5,1,0,1,4097,NULL,184,"Never Reported","Business Checking",$25K-100K,1,active,CUS0000189,35-44,"Financial Banking",CA,"Los Angeles",3.3,1,0
FRD000002137,Card-Not-Present,Unauthorized,0,"Online Banking","card testing","Rules Engine","Card Services",Closed-Confirmed,"2025-03-21 15:30:19",2025-03-21,"2025-03-21 23:30:06","2025-03-22 02:33:34","2025-04-06 02:06:32",506.03,506.03,506.03,0.00,1.0000,3,1,0,0,7,11,15,"1. <24h","Freedom Unlimited",$1K-5K,0,active,CUS0002875,45-54,"Consumer Banking",NY,"New York",3.5,1,2
FRD000001882,Card-Not-Present,Unauthorized,0,"Online Banking","online retail","ML Model","Card Services",Closed-Confirmed,"2025-10-24 19:07:32",2025-10-24,"2025-10-24 22:33:45",NULL,"2025-11-18 08:53:26",72.08,72.08,72.04,0.04,0.9994,2,1,0,0,3,NULL,24,"Never Reported","Total Checking",<$1K,1,active,CUS0000652,25-34,"Consumer Banking",TX,Dallas,7.8,1,0
FRD000008669,"Identity Theft/Synthetic",Unauthorized,0,"Online Banking","synthetic identity","Statement Review","Fraud Ops",Closed-Confirmed,"2025-12-29 05:27:11",2025-12-29,"2026-05-11 08:02:59","2026-05-13 08:41:06","2026-06-08 17:12:45",4613.29,4613.29,828.90,3784.39,0.1797,4,1,1,0,3194,3243,161,"4. 7d+","Sapphire Preferred",<$1K,0,active,CUS0001899,45-54,"Consumer Banking",FL,Tampa,8.5,1,0
FRD000004467,Phishing/Smishing,Unauthorized,1,"Online Banking","SMS link","Customer Reported","Fraud Ops",Closed-Confirmed,"2025-08-19 12:21:40",2025-08-19,"2025-08-23 18:37:10","2025-08-25 09:23:18","2025-08-30 11:20:44",1054.54,564.34,347.42,216.92,0.6156,1,1,1,0,102,141,10,"3. 3-7d","Total Checking",$5K-25K,1,active,CUS0001149,45-54,"Consumer Banking",KS,Wichita,3.1,1,0
FRD000006525,"Zelle/P2P Scam",Authorized,1,"Online Banking","ticket resale","Customer Reported",Claims,Closed-Confirmed,"2025-06-22 15:25:54",2025-06-22,"2025-06-22 22:17:58","2025-06-22 23:21:02","2025-06-27 18:09:23",2065.61,982.43,152.49,829.94,0.1552,3,1,0,0,6,7,5,"1. <24h","Freedom Unlimited",<$1K,0,active,CUS0000408,65+,"Consumer Banking",TX,Dallas,0.0,1,0
FRD000009744,"Tech Support/Impersonation",Authorized,1,"Online Banking","refund overpayment","Customer Reported",Claims,Closed-Confirmed,"2025-03-11 15:40:01",2025-03-11,"2025-03-13 14:08:59","2025-03-13 23:56:22","2025-03-27 19:32:47",7750.62,3128.18,991.45,2136.73,0.3169,3,0,0,0,46,56,16,"2. 24-72h","Auto Loan",$1K-5K,0,restricted,CUS0000806,35-44,"Consumer Banking",PA,Harrisburg,6.0,1,0
FRD000008104,"Business Email Compromise",Authorized,1,"Online Banking","closing wire redirect","Customer Reported","Wire Recall",Open,"2026-05-04 11:50:57",2026-05-04,"2026-05-05 11:42:52","2026-05-06 03:10:11",NULL,39799.71,28234.53,8391.07,19843.46,0.2972,1,0,0,0,23,39,NULL,"2. 24-72h","Auto Loan",$5K-25K,0,active,CUS0000132,45-54,"Consumer Banking",NY,Albany,24.4,1,0
FRD000005340,"Account Takeover",Unauthorized,0,"Online Banking","SIM swap","Customer Reported","Fraud Ops",Closed-Confirmed,"2024-12-09 19:31:09",2024-12-09,"2024-12-19 08:19:42","2024-12-20 11:47:59","2024-12-27 16:21:21",2662.26,2662.26,1480.46,1181.80,0.5561,4,1,1,0,228,256,17,"4. 7d+","Auto Loan",<$1K,0,active,CUS0000711,65+,"Consumer Banking",KS,Wichita,0.6,0,0
FRD000001510,Card-Not-Present,Unauthorized,0,"Online Banking","card testing","Customer Reported","Card Services",Closed-Confirmed,"2025-02-01 20:52:34",2025-02-01,"2025-02-02 01:29:20","2025-02-02 12:47:45","2025-02-27 20:40:35",155.07,155.07,143.75,11.32,0.9270,1,1,1,0,4,15,25,"1. <24h","Freedom Unlimited",$1K-5K,0,active,CUS0000295,25-34,"Consumer Banking",TX,Houston,0.0,1,0
FRD000008797,"Identity Theft/Synthetic",Unauthorized,0,"Online Banking","new account fraud","Statement Review","Fraud Ops",Closed-Confirmed,"2024-01-16 14:02:13",2024-01-16,"2024-05-18 08:40:06","2024-05-21 10:25:29","2024-05-25 14:52:34",92821.44,76285.24,12367.77,63917.47,0.1621,1,1,0,0,2946,3020,130,"4. 7d+","Sapphire Preferred",<$1K,0,active,CUS0002129,65+,"Consumer Banking",CA,"San Diego",8.7,1,0
FRD000009156,"Identity Theft/Synthetic",Unauthorized,0,"Online Banking","synthetic identity","ML Model","Fraud Ops",Closed-Confirmed,"2025-10-01 03:55:07",2025-10-01,"2026-10-21 22:18:53",NULL,"2026-11-02 14:52:16",4588.46,4588.46,918.97,3669.49,0.2003,2,1,0,0,9258,NULL,397,"Never Reported","Total Checking",$1K-5K,1,active,CUS0000993,55-64,"Consumer Banking",KS,Wichita,13.6,1,0
FRD000005077,"Account Takeover",Unauthorized,0,"Online Banking","credential stuffing","Rules Engine","Fraud Ops",Closed-Confirmed,"2025-06-17 00:50:14",2025-06-17,"2025-06-22 11:21:31","2025-06-23 22:36:41","2025-07-25 15:35:56",4386.96,2756.12,1195.04,1561.08,0.4336,4,1,0,0,130,165,38,"3. 3-7d","Private Client Checking",$25K-100K,1,active,CUS0000389,35-44,"Private Client Banking",CA,"San Diego",7.0,1,0
FRD000008119,"Business Email Compromise",Authorized,1,"Online Banking","payroll diversion","Rules Engine","Wire Recall",Closed-Confirmed,"2025-05-30 06:00:36",2025-05-30,"2025-06-01 23:32:01",NULL,"2025-06-26 05:13:03",129302.23,129302.23,57314.47,71987.76,0.4433,1,0,0,1,65,NULL,26,"Never Reported","Sapphire Preferred",$25K-100K,0,active,CUS0002386,25-34,"Consumer Banking",KS,Wichita,5.7,1,0
FRD000005612,"Account Takeover",Unauthorized,0,"Online Banking","credential stuffing","ML Model","Fraud Ops",Closed-Confirmed,"2024-08-14 02:55:06",2024-08-14,"2024-08-22 17:55:58",NULL,"2024-09-12 10:12:57",48317.84,48317.84,27248.98,21068.86,0.5640,2,1,0,0,207,NULL,29,"Never Reported","Total Checking",$25K-100K,1,active,CUS0002617,45-54,"Consumer Banking",FL,Tampa,4.7,1,0
FRD000002563,Card-Not-Present,Unauthorized,0,"Online Banking","online retail","ML Model","Card Services",Closed-Confirmed,"2025-11-01 18:50:02",2025-11-01,"2025-11-02 01:49:44","2025-11-02 04:07:41","2025-11-08 02:03:20",136.71,136.71,136.71,0.00,1.0000,1,1,0,0,6,9,6,"1. <24h","Private Client Savings",<$1K,1,restricted,CUS0001773,18-24,"Private Client Banking",KS,Wichita,4.4,1,0
FRD000006968,"Zelle/P2P Scam",Authorized,1,"Online Banking","rental deposit","Customer Reported",Claims,Closed-Confirmed,"2024-01-12 15:34:26",2024-01-12,"2024-01-12 16:14:22","2024-01-13 01:28:12","2024-01-26 23:09:17",1290.01,822.78,97.11,725.67,0.1180,3,1,0,0,0,9,14,"1. <24h","Business Checking",$5K-25K,1,active,CUS0000173,65+,"Financial Banking",MI,"Grand Rapids",0.2,1,0
FRD000005354,"Account Takeover",Unauthorized,0,"Online Banking","credential stuffing","Customer Reported","Fraud Ops",Closed-Confirmed,"2024-07-20 19:26:18",2024-07-20,"2024-07-23 21:24:33","2024-07-25 16:07:08","2024-08-16 02:03:54",7080.68,1729.07,899.85,829.22,0.5204,4,1,1,0,73,116,26,"3. 3-7d","Total Checking",<$1K,1,active,CUS0002771,45-54,"Consumer Banking",CA,"Los Angeles",1.7,1,0
FRD000001916,Card-Not-Present,Unauthorized,0,"Online Banking","card testing","Rules Engine","Card Services",Closed-Confirmed,"2025-01-09 12:25:35",2025-01-09,"2025-01-10 09:39:51","2025-01-10 11:23:36","2025-01-30 19:49:46",902.89,902.89,848.10,54.79,0.9393,2,1,1,0,21,22,21,"1. <24h","Auto Loan",$5K-25K,0,active,CUS0000623,25-34,"Consumer Banking",KS,Wichita,5.0,1,0
FRD000004601,Phishing/Smishing,Unauthorized,1,"Online Banking","QR code","Customer Reported","Fraud Ops",Closed-Confirmed,"2024-01-29 19:03:42",2024-01-29,"2024-02-04 07:06:33","2024-02-04 16:43:17","2024-02-09 16:42:56",5359.07,5359.07,3418.30,1940.77,0.6379,3,1,0,0,132,141,10,"3. 3-7d","Total Checking",$1K-5K,1,active,CUS0000972,35-44,"Consumer Banking",NJ,Newark,2.4,1,0
FRD000008927,"Identity Theft/Synthetic",Unauthorized,0,"Online Banking","stolen SSN","Statement Review","Fraud Ops",Open,"2026-01-30 21:33:45",2026-01-30,"2026-05-25 04:32:08","2026-05-26 03:50:16",NULL,3031.85,946.42,222.53,723.89,0.2351,3,1,1,1,2742,2766,NULL,"4. 7d+","Total Checking",$25K-100K,1,active,CUS0000282,45-54,"Consumer Banking",FL,Orlando,3.5,1,2
FRD000004552,Phishing/Smishing,Unauthorized,1,"Online Banking","fake login page","Customer Reported","Fraud Ops",Open,"2025-08-24 13:42:23",2025-08-24,"2025-08-29 00:22:04","2025-08-31 07:27:23",NULL,2209.57,1468.47,748.73,719.74,0.5099,1,1,1,0,106,161,NULL,"3. 3-7d","Total Checking",$1K-5K,1,active,CUS0000025,18-24,"Consumer Banking",NY,"New York",13.5,1,0
FRD000008543,"Identity Theft/Synthetic",Unauthorized,0,"Online Banking",bust-out,"Statement Review","Fraud Ops",Closed-Confirmed,"2024-04-02 04:28:25",2024-04-02,"2024-10-20 07:13:24","2024-10-25 06:32:15","2024-11-16 08:20:32",4571.77,2798.87,411.62,2387.25,0.1471,2,1,0,0,4826,4946,228,"4. 7d+","Sapphire Preferred",$1K-5K,0,active,CUS0002330,25-34,"Consumer Banking",TX,Houston,24.1,1,0
FRD000000697,Card-Not-Present,Unauthorized,0,"Online Banking","online retail","Rules Engine","Card Services","Under Review","2024-01-09 03:00:17",2024-01-09,"2024-01-09 14:17:56","2024-01-09 21:20:12",NULL,482.87,482.87,433.94,48.93,0.8987,3,1,0,0,11,18,NULL,"1. <24h","Total Checking",$5K-25K,1,active,CUS0001993,65+,"Consumer Banking",NJ,"Jersey City",26.6,1,0
FRD000004577,Phishing/Smishing,Unauthorized,1,"Online Banking","QR code","Customer Reported","Fraud Ops",Closed-Confirmed,"2024-02-29 02:21:52",2024-02-29,"2024-03-06 03:51:28","2024-03-06 22:55:57","2024-03-27 07:49:12",1971.10,1971.10,951.92,1019.18,0.4829,2,1,1,0,145,164,27,"3. 3-7d","Total Checking",<$1K,1,active,CUS0000457,25-34,"Consumer Banking",KS,Wichita,12.8,1,0
FRD000001085,Card-Not-Present,Unauthorized,0,"Online Banking","card testing","Merchant Alert","Card Services",Closed-Confirmed,"2026-01-09 02:06:51",2026-01-09,"2026-01-09 10:40:04","2026-01-09 17:15:30","2026-02-22 18:59:54",70.80,70.80,52.22,18.58,0.7376,1,1,0,0,8,15,44,"1. <24h","Premier Savings",$100K+,1,active,CUS0000917,45-54,"Consumer Banking",TX,Austin,0.4,1,0
FRD000005247,"Account Takeover",Unauthorized,0,"Online Banking","password reset abuse","Customer Reported","Fraud Ops",Closed-Confirmed,"2026-04-15 06:43:58",2026-04-15,"2026-04-29 15:11:29","2026-04-29 18:09:33","2026-05-07 13:39:52",3006.87,3006.87,1323.93,1682.94,0.4403,6,0,0,0,344,347,22,"4. 7d+","Sapphire Preferred",$100K+,0,active,CUS0000535,35-44,"Consumer Banking",FL,Miami,0.2,1,0
FRD000006493,"Zelle/P2P Scam",Authorized,1,"Online Banking","fake marketplace seller","Customer Reported",Claims,Closed-Confirmed,"2026-04-29 00:27:43",2026-04-29,"2026-04-29 05:02:41","2026-04-29 13:36:29","2026-05-11 06:17:43",2446.65,2446.65,332.18,2114.47,0.1358,1,0,0,0,4,13,12,"1. <24h","Sapphire Preferred",$5K-25K,0,active,CUS0001530,45-54,"Consumer Banking",KS,"Overland Park",6.2,1,0
FRD000005414,"Account Takeover",Unauthorized,0,"Online Banking","session hijack","ML Model","Fraud Ops",Closed-Confirmed,"2024-04-16 03:39:33",2024-04-16,"2024-04-19 04:58:02",NULL,"2024-04-30 13:57:33",3372.38,3372.38,1301.23,2071.15,0.3858,3,1,0,0,73,NULL,14,"Never Reported","Private Client Checking",$1K-5K,1,active,CUS0000620,45-54,"Private Client Banking",CA,"San Francisco",11.9,1,1
FRD000008276,"Business Email Compromise",Authorized,1,"Online Banking","CEO impersonation","Customer Reported","Wire Recall",Closed-Confirmed,"2024-02-15 22:04:57",2024-02-15,"2024-02-17 12:30:10","2024-02-17 13:19:37","2024-02-21 17:15:17",7294.68,7294.68,4039.33,3255.35,0.5537,6,0,0,1,38,39,5,"2. 24-72h","Business Savings",$1K-5K,1,active,CUS0002253,35-44,"Financial Banking",FL,Miami,0.0,1,0
FRD000002076,Card-Not-Present,Unauthorized,0,"Online Banking","digital wallet","ML Model","Card Services",Closed-Confirmed,"2025-11-30 15:46:30",2025-11-30,"2025-12-01 04:08:28","2025-12-01 16:46:57","2025-12-21 19:56:29",73.93,73.93,69.19,4.74,0.9359,2,1,0,1,12,25,21,"2. 24-72h","Premier Savings",$5K-25K,1,active,CUS0000541,45-54,"Consumer Banking",CA,"San Francisco",7.4,1,0
FRD000008150,"Business Email Compromise",Authorized,1,"Online Banking","vendor invoice redirect","Customer Reported","Wire Recall",Closed-Confirmed,"2024-05-28 00:38:24",2024-05-28,"2024-05-29 13:22:35","2024-05-30 18:18:37","2024-06-09 13:26:36",398681.47,371283.82,96827.71,274456.11,0.2608,4,0,0,1,36,65,12,"2. 24-72h","Premier Savings",$25K-100K,1,active,CUS0002171,18-24,"Consumer Banking",CA,"San Diego",0.4,1,0
FRD000005622,"Account Takeover",Unauthorized,0,"Online Banking","SIM swap","ML Model","Fraud Ops",Closed-Confirmed,"2025-01-21 09:24:15",2025-01-21,"2025-01-27 22:44:23","2025-01-29 04:45:17","2025-02-14 05:22:48",1877.92,1424.44,558.99,865.45,0.3924,1,1,1,0,157,187,23,"4. 7d+","Sapphire Preferred",$1K-5K,0,active,CUS0001244,65+,"Consumer Banking",FL,Orlando,6.2,1,0
FRD000000187,Card-Not-Present,Unauthorized,0,"Online Banking","online retail","ML Model","Card Services",Closed-Confirmed,"2024-08-31 20:18:58",2024-08-31,"2024-09-01 07:29:48","2024-09-01 10:25:39","2024-09-08 16:40:57",421.53,421.53,338.29,83.24,0.8025,2,1,1,0,11,14,7,"1. <24h","Freedom Unlimited",<$1K,0,active,CUS0001727,55-64,"Consumer Banking",CA,"Los Angeles",8.4,1,0
FRD000006872,"Zelle/P2P Scam",Authorized,1,"Online Banking","utility impersonation","Customer Reported",Claims,Closed-Confirmed,"2024-06-09 06:19:36",2024-06-09,"2024-06-09 06:48:12","2024-06-10 13:10:17","2024-06-24 23:19:16",1932.92,110.92,8.43,102.49,0.0760,2,1,0,0,0,30,15,"2. 24-72h","Financial Investment Account",$25K-100K,0,active,CUS0000391,65+,"Private Client Banking",CA,"Los Angeles",6.8,0,0
FRD000005134,"Account Takeover",Unauthorized,0,"Online Banking","session hijack","ML Model","Fraud Ops","Under Review","2025-08-02 10:58:39",2025-08-02,"2025-08-05 16:25:17",NULL,NULL,815.45,815.45,444.74,370.71,0.5454,5,1,0,0,77,NULL,NULL,"Never Reported","Auto Loan",$25K-100K,0,active,CUS0002963,55-64,"Consumer Banking",NJ,Trenton,5.2,1,0
FRD000006974,"Zelle/P2P Scam",Authorized,1,"Online Banking","rental deposit","Customer Reported",Claims,Open,"2024-09-10 23:09:43",2024-09-10,"2024-09-11 03:23:23","2024-09-12 02:51:17",NULL,322.99,259.42,31.53,227.89,0.1215,1,0,0,0,4,27,NULL,"2. 24-72h","Premier Savings",$1K-5K,1,active,CUS0002361,18-24,"Consumer Banking",TX,Dallas,11.4,1,0
FRD000006613,"Zelle/P2P Scam",Authorized,1,"Online Banking","utility impersonation","Customer Reported",Claims,Closed-Confirmed,"2024-10-11 01:01:13",2024-10-11,"2024-10-11 04:51:33","2024-10-11 15:44:02","2024-10-14 02:19:43",190.11,24.51,2.77,21.74,0.1130,2,0,0,0,3,14,3,"1. <24h","Auto Loan",$1K-5K,0,active,CUS0002886,35-44,"Consumer Banking",KS,Wichita,6.7,1,0
FRD000006205,"Zelle/P2P Scam",Authorized,1,"Online Banking","fake marketplace seller","Customer Reported",Claims,"Under Review","2024-07-11 04:15:10",2024-07-11,"2024-07-11 10:41:31","2024-07-11 15:28:14",NULL,208.09,208.09,23.56,184.53,0.1132,5,0,0,0,6,11,NULL,"1. <24h","Auto Loan",$25K-100K,0,active,CUS0001902,35-44,"Consumer Banking",NY,"New York",1.9,1,0
FRD000007391,"Zelle/P2P Scam",Authorized,1,"Online Banking","utility impersonation","Customer Reported",Claims,"Closed-No Fraud","2025-10-27 02:16:19",2025-10-27,"2025-10-27 08:37:08","2025-10-27 09:34:15","2025-11-01 05:17:40",1361.11,0.00,0.00,0.00,NULL,1,0,0,0,6,7,5,"1. <24h","Premier Savings",$5K-25K,1,active,CUS0001789,25-34,"Consumer Banking",TX,Austin,18.3,1,0
FRD000008458,"Identity Theft/Synthetic",Unauthorized,0,"Online Banking","new account fraud","ML Model","Fraud Ops",Closed-Confirmed,"2024-11-30 00:26:29",2024-11-30,"2025-01-26 16:23:01","2025-01-27 20:29:47","2025-02-05 05:06:15",1520.21,348.53,63.64,284.89,0.1826,4,1,1,0,1383,1412,67,"4. 7d+","Freedom Unlimited",<$1K,0,active,CUS0000276,35-44,"Consumer Banking",KS,Topeka,7.7,1,0
FRD000000241,Card-Not-Present,Unauthorized,0,"Online Banking","digital wallet","ML Model","Card Services",Closed-Confirmed,"2026-05-05 01:27:40",2026-05-05,"2026-05-05 12:08:59",NULL,"2026-05-29 21:12:57",38.28,38.28,38.28,0.00,1.0000,2,1,0,1,10,NULL,24,"Never Reported","Total Checking",<$1K,1,active,CUS0002612,65+,"Consumer Banking",TX,Austin,4.2,1,0
FRD000008732,"Identity Theft/Synthetic",Unauthorized,0,"Online Banking",bust-out,"Customer Reported","Fraud Ops",Closed-Confirmed,"2025-08-13 04:38:47",2025-08-13,"2026-04-05 08:18:22","2026-04-08 08:46:46","2026-04-14 00:22:54",6327.46,6327.46,1549.95,4777.51,0.2450,2,1,0,0,5643,5716,243,"4. 7d+","Freedom Unlimited",$1K-5K,0,active,CUS0001331,25-34,"Consumer Banking",FL,Orlando,2.0,1,0
FRD000007057,"Zelle/P2P Scam",Authorized,1,"Online Banking","utility impersonation","Customer Reported",Claims,Closed-Confirmed,"2025-02-11 11:55:33",2025-02-11,"2025-02-11 17:04:25","2025-02-12 12:09:56","2025-03-02 16:52:44",5022.50,3242.21,386.67,2855.54,0.1193,1,0,0,0,5,24,19,"2. 24-72h","Total Checking",$1K-5K,1,closed,CUS0001962,35-44,"Consumer Banking",NY,Buffalo,5.6,1,0
FRD000004347,Phishing/Smishing,Unauthorized,1,"Online Banking","QR code","ML Model","Fraud Ops",Closed-Confirmed,"2025-03-28 15:40:35",2025-03-28,"2025-03-30 16:31:48","2025-03-30 22:57:06","2025-04-10 17:33:21",4528.37,4528.37,2944.59,1583.78,0.6503,6,1,1,0,48,55,13,"2. 24-72h","Financial Investment Account",<$1K,0,active,CUS0002360,45-54,"Private Client Banking",PA,Harrisburg,8.5,0,0
FRD000004221,Phishing/Smishing,Unauthorized,1,"Online Banking","fake login page","Rules Engine","Fraud Ops",Closed-Confirmed,"2026-05-03 22:40:10",2026-05-03,"2026-05-10 04:52:08","2026-05-11 04:07:00","2026-05-27 02:56:21",958.57,958.57,443.91,514.66,0.4631,2,1,0,0,150,173,23,"4. 7d+","Freedom Unlimited",$5K-25K,0,active,CUS0000866,35-44,"Consumer Banking",TX,Austin,5.9,1,0
FRD000005296,"Account Takeover",Unauthorized,0,"Online Banking","password reset abuse","ML Model","Fraud Ops",Closed-Confirmed,"2024-01-05 15:21:54",2024-01-05,"2024-01-10 08:47:07",NULL,"2024-01-18 09:52:07",2649.96,2501.01,1300.88,1200.13,0.5201,2,1,0,0,113,NULL,12,"Never Reported","Sapphire Preferred",$5K-25K,0,active,CUS0000286,55-64,"Consumer Banking",CA,"Los Angeles",3.7,1,0
FRD000007166,"Zelle/P2P Scam",Authorized,1,"Online Banking","rental deposit","Rules Engine",Claims,Closed-Confirmed,"2024-08-04 09:54:25",2024-08-04,"2024-08-04 20:57:55","2024-08-04 22:59:59","2024-09-08 06:01:40",3515.15,2290.26,259.31,2030.95,0.1132,1,0,0,0,11,13,34,"1. <24h","Premier Savings",$1K-5K,1,active,CUS0001228,45-54,"Consumer Banking",KS,Topeka,26.5,1,0
FRD000006022,"Zelle/P2P Scam",Authorized,1,"Online Banking","ticket resale","Customer Reported",Claims,Closed-Confirmed,"2026-03-08 13:13:03",2026-03-08,"2026-03-08 23:17:16","2026-03-09 00:05:35","2026-03-15 01:22:59",836.78,836.78,133.05,703.73,0.1590,3,0,0,0,10,10,6,"1. <24h","Total Checking",$1K-5K,1,active,CUS0000790,35-44,"Consumer Banking",TX,Dallas,8.6,1,0
FRD000001982,Card-Not-Present,Unauthorized,0,"Online Banking","online retail","Merchant Alert","Card Services",Closed-Confirmed,"2025-05-16 06:20:12",2025-05-16,"2025-05-16 20:18:02",NULL,"2025-06-05 13:50:39",642.87,642.87,540.63,102.24,0.8410,3,1,0,1,13,NULL,20,"Never Reported","Sapphire Preferred",$5K-25K,0,active,CUS0001802,45-54,"Consumer Banking",MI,Lansing,1.0,1,0
FRD000008481,"Identity Theft/Synthetic",Unauthorized,0,"Online Banking","new account fraud","Statement Review","Fraud Ops",Closed-Confirmed,"2025-05-10 01:16:49",2025-05-10,"2025-07-22 07:32:12","2025-07-25 17:38:51","2025-09-01 14:00:38",15306.17,15306.17,3512.49,11793.68,0.2295,1,1,1,0,1758,1840,114,"4. 7d+","Auto Loan",$1K-5K,0,active,CUS0001953,25-34,"Consumer Banking",NJ,"Jersey City",2.0,1,3
FRD000001135,Card-Not-Present,Unauthorized,0,"Online Banking","digital wallet","Rules Engine","Card Services",Closed-Confirmed,"2025-05-02 02:29:42",2025-05-02,"2025-05-02 09:05:17",NULL,"2025-05-23 04:31:36",122.11,122.11,122.11,0.00,1.0000,2,1,0,1,6,NULL,21,"Never Reported","Premier Savings",$1K-5K,1,active,CUS0002268,35-44,"Consumer Banking",MI,Lansing,32.3,0,0
FRD000001342,Card-Not-Present,Unauthorized,0,"Online Banking","digital wallet","Rules Engine","Card Services",Closed-Confirmed,"2025-04-19 06:56:20",2025-04-19,"2025-04-19 11:43:50",NULL,"2025-05-18 03:06:58",62.44,62.44,62.44,0.00,1.0000,2,1,0,1,4,NULL,28,"Never Reported","Business Checking",$25K-100K,1,active,CUS0002676,35-44,"Financial Banking",TX,Houston,4.8,1,1
FRD000009685,"Tech Support/Impersonation",Authorized,1,"Online Banking","fake antivirus","Customer Reported",Claims,"Closed-No Fraud","2025-07-04 10:33:20",2025-07-04,"2025-07-07 00:19:06","2025-07-08 01:13:56","2025-07-26 12:20:00",4721.94,0.00,0.00,0.00,NULL,2,0,0,1,61,86,22,"3. 3-7d","Private Client Checking",<$1K,1,active,CUS0000615,35-44,"Private Client Banking",NJ,Trenton,5.3,0,0
FRD000000562,Card-Not-Present,Unauthorized,0,"Online Banking","subscription abuse","Rules Engine","Card Services",Closed-Confirmed,"2026-05-20 19:47:07",2026-05-20,"2026-05-21 03:19:52","2026-05-21 11:57:35","2026-06-14 05:37:29",94.07,94.07,94.07,0.00,1.0000,1,1,1,0,7,16,24,"1. <24h","Premier Savings",$5K-25K,1,active,CUS0002261,45-54,"Consumer Banking",TX,Houston,0.3,1,0
FRD000008228,"Business Email Compromise",Authorized,1,"Online Banking","payroll diversion","Customer Reported","Wire Recall",Closed-Confirmed,"2024-05-05 01:10:50",2024-05-05,"2024-05-07 06:30:12","2024-05-07 09:10:02","2024-05-19 01:56:20",5696.92,3770.51,1811.38,1959.13,0.4804,1,0,0,1,53,55,14,"2. 24-72h","Sapphire Preferred",<$1K,0,active,CUS0001042,45-54,"Consumer Banking",CA,"San Francisco",5.8,0,0
FRD000002432,Card-Not-Present,Unauthorized,0,"Online Banking","online retail","Rules Engine","Card Services",Closed-Confirmed,"2024-06-25 03:19:00",2024-06-25,"2024-06-25 10:47:53","2024-06-25 20:46:23","2024-07-17 15:32:02",413.62,413.62,385.52,28.10,0.9321,3,1,0,0,7,17,22,"1. <24h","Sapphire Preferred",$25K-100K,0,active,CUS0001359,65+,"Consumer Banking",NY,"New York",1.2,1,2
FRD000000894,Card-Not-Present,Unauthorized,0,"Online Banking","card testing","ML Model","Card Services",Closed-Confirmed,"2025-03-16 01:12:09",2025-03-16,"2025-03-16 21:15:53","2025-03-17 01:28:23","2025-03-27 18:59:00",131.78,131.78,113.91,17.87,0.8644,7,1,1,1,20,24,11,"2. 24-72h","Private Client Savings",$5K-25K,1,active,CUS0000318,25-34,"Private Client Banking",MI,"Grand Rapids",1.0,1,0
FRD000006879,"Zelle/P2P Scam",Authorized,1,"Online Banking","rental deposit","Customer Reported",Claims,Closed-Confirmed,"2026-06-05 02:36:51",2026-06-05,"2026-06-05 09:51:54","2026-06-05 15:01:04","2026-06-26 13:08:53",229.26,147.94,15.65,132.29,0.1058,2,0,0,0,7,12,21,"1. <24h","Freedom Unlimited",<$1K,0,active,CUS0001844,65+,"Consumer Banking",FL,Miami,2.2,1,0
FRD000001729,Card-Not-Present,Unauthorized,0,"Online Banking","subscription abuse","Customer Reported","Card Services","Closed-No Fraud","2025-12-31 01:52:01",2025-12-31,"2025-12-31 13:31:02","2026-01-01 00:18:01","2026-01-14 09:35:51",718.90,0.00,0.00,0.00,NULL,2,0,0,0,11,22,14,"1. <24h","Freedom Unlimited",$5K-25K,0,closed,CUS0001913,35-44,"Consumer Banking",CA,"San Francisco",7.9,1,1
FRD000003977,Phishing/Smishing,Unauthorized,1,"Online Banking","fake login page","ML Model","Fraud Ops",Closed-Confirmed,"2026-01-14 06:45:24",2026-01-14,"2026-01-16 09:25:54","2026-01-16 11:26:39","2026-01-28 18:58:57",705.26,554.51,346.92,207.59,0.6256,1,1,1,0,50,52,14,"2. 24-72h","Premier Savings",$1K-5K,1,active,CUS0000074,65+,"Consumer Banking",TX,Houston,18.5,1,0
FRD000006915,"Zelle/P2P Scam",Authorized,1,"Online Banking","fake marketplace seller","Customer Reported",Claims,"Closed-No Fraud","2024-01-09 03:46:58",2024-01-09,"2024-01-09 06:16:25","2024-01-09 06:21:01","2024-01-10 18:09:09",313.52,0.00,0.00,0.00,NULL,3,0,0,0,2,2,1,"1. <24h","Business Savings",<$1K,1,active,CUS0002677,25-34,"Financial Banking",NJ,Trenton,14.9,1,0
FRD000004756,Phishing/Smishing,Unauthorized,1,"Online Banking","SMS link","Customer Reported","Fraud Ops",Closed-Confirmed,"2025-03-13 16:55:09",2025-03-13,"2025-03-15 21:12:18","2025-03-17 11:00:55","2025-04-28 02:48:54",3884.29,3119.93,1475.75,1644.18,0.4730,4,1,0,0,52,90,45,"3. 3-7d","Total Checking",$1K-5K,1,active,CUS0000616,55-64,"Consumer Banking",FL,Miami,4.6,1,3
FRD000008922,"Identity Theft/Synthetic",Unauthorized,0,"Online Banking","stolen SSN","ML Model","Fraud Ops",Closed-Confirmed,"2025-08-14 12:23:06",2025-08-14,"2025-09-04 09:25:19",NULL,"2025-09-12 19:31:24",13916.07,13916.07,3158.27,10757.80,0.2270,5,1,0,1,501,NULL,29,"Never Reported","Sapphire Preferred",$25K-100K,0,active,CUS0000586,65+,"Consumer Banking",NJ,Newark,8.0,1,0
FRD000009606,"Tech Support/Impersonation",Authorized,1,"Online Banking","bank impersonation","Customer Reported",Claims,Closed-Confirmed,"2026-01-04 14:00:57",2026-01-04,"2026-01-06 17:32:25","2026-01-07 02:11:44","2026-02-03 06:17:51",48988.97,48988.97,15401.29,33587.68,0.3144,3,0,0,0,51,60,29,"2. 24-72h","Sapphire Preferred",$5K-25K,0,active,CUS0001293,45-54,"Consumer Banking",MI,Lansing,0.2,1,0
FRD000004215,Phishing/Smishing,Unauthorized,1,"Online Banking","QR code","Rules Engine","Fraud Ops","Under Review","2025-05-09 19:05:03",2025-05-09,"2025-05-11 08:30:48","2025-05-11 16:41:28",NULL,5340.25,5340.25,2943.55,2396.70,0.5512,1,1,0,0,37,45,NULL,"2. 24-72h","Total Checking",$1K-5K,1,active,CUS0002743,25-34,"Consumer Banking",TX,Houston,6.1,0,1
FRD000001466,Card-Not-Present,Unauthorized,0,"Online Banking","online retail","Rules Engine","Card Services",Closed-Confirmed,"2026-03-31 07:36:11",2026-03-31,"2026-03-31 19:09:23",NULL,"2026-05-02 03:42:05",294.71,171.91,128.50,43.41,0.7475,1,1,0,0,11,NULL,31,"Never Reported","Total Checking",$5K-25K,1,active,CUS0000504,65+,"Consumer Banking",CA,"San Diego",21.6,0,0
FRD000005192,"Account Takeover",Unauthorized,0,"Online Banking","session hijack","Rules Engine","Fraud Ops",Closed-Confirmed,"2026-01-02 11:48:55",2026-01-02,"2026-01-07 09:23:50",NULL,"2026-01-15 10:26:30",4046.71,4046.71,2143.99,1902.72,0.5298,1,1,0,0,117,NULL,12,"Never Reported","Business Savings",$1K-5K,1,active,CUS0002253,35-44,"Financial Banking",FL,Miami,0.0,1,0
FRD000001087,Card-Not-Present,Unauthorized,0,"Online Banking","card testing","ML Model","Card Services",Closed-Confirmed,"2024-04-24 05:56:19",2024-04-24,"2024-04-25 07:39:21",NULL,"2024-05-11 23:49:24",519.01,139.44,104.01,35.43,0.7459,3,1,0,0,25,NULL,17,"Never Reported","Sapphire Preferred",<$1K,0,active,CUS0001213,55-64,"Consumer Banking",MI,Lansing,0.3,1,0
FRD000007131,"Zelle/P2P Scam",Authorized,1,"Online Banking","ticket resale","Rules Engine",Claims,Closed-Confirmed,"2026-03-16 02:29:54",2026-03-16,"2026-03-16 15:05:33",NULL,"2026-04-24 00:10:20",108.75,108.75,11.27,97.48,0.1036,1,0,0,0,12,NULL,38,"Never Reported","Business Checking",$5K-25K,1,active,CUS0001848,25-34,"Financial Banking",KS,"Overland Park",0.7,1,0
FRD000004054,Phishing/Smishing,Unauthorized,1,"Online Banking","fake login page","Customer Reported","Fraud Ops",Closed-Confirmed,"2025-02-27 20:43:55",2025-02-27,"2025-03-03 14:13:51","2025-03-05 04:19:58","2025-03-10 04:29:25",2947.18,2947.18,1775.34,1171.84,0.6024,2,0,0,1,89,127,10,"3. 3-7d","Auto Loan",<$1K,0,active,CUS0001406,65+,"Consumer Banking",TX,Dallas,4.3,1,0
FRD000005327,"Account Takeover",Unauthorized,0,"Online Banking","SIM swap","ML Model","Fraud Ops","Closed-No Fraud","2024-08-29 13:17:53",2024-08-29,"2024-09-07 00:05:53",NULL,"2024-09-08 19:03:16",2414.43,0.00,0.00,0.00,NULL,7,0,0,0,202,NULL,10,"Never Reported","Auto Loan",$1K-5K,0,active,CUS0000196,25-34,"Consumer Banking",TX,Dallas,10.4,1,0
FRD000007297,"Zelle/P2P Scam",Authorized,1,"Online Banking","rental deposit","Customer Reported",Claims,Closed-Confirmed,"2025-04-04 11:33:14",2025-04-04,"2025-04-04 12:57:45","2025-04-04 18:52:41","2025-04-17 12:00:23",1330.26,1330.26,133.25,1197.01,0.1002,3,0,0,0,1,7,13,"1. <24h","Freedom Unlimited",<$1K,0,active,CUS0002080,25-34,"Consumer Banking",NY,Buffalo,3.8,1,0
FRD000008988,"Identity Theft/Synthetic",Unauthorized,0,"Online Banking","stolen SSN","ML Model","Fraud Ops",Closed-Confirmed,"2024-12-24 11:12:03",2024-12-24,"2025-02-05 23:53:51",NULL,"2025-02-27 03:05:52",17792.24,13597.25,2993.61,10603.64,0.2202,4,1,0,0,1044,NULL,64,"Never Reported","Premier Savings",$25K-100K,1,active,CUS0000083,45-54,"Consumer Banking",KS,"Overland Park",12.5,1,0
FRD000008869,"Identity Theft/Synthetic",Unauthorized,0,"Online Banking",bust-out,"Statement Review","Fraud Ops",Closed-Confirmed,"2024-11-03 19:57:25",2024-11-03,"2025-02-26 12:00:28",NULL,"2025-04-23 00:59:36",25230.43,25230.43,4962.44,20267.99,0.1967,4,1,0,0,2752,NULL,170,"Never Reported","Private Client Savings",$5K-25K,1,active,CUS0001394,65+,"Private Client Banking",CA,"Los Angeles",0.9,1,0
FRD000005498,"Account Takeover",Unauthorized,0,"Online Banking","password reset abuse","Rules Engine","Fraud Ops",Closed-Confirmed,"2026-06-11 15:31:57",2026-06-11,"2026-06-18 16:23:36","2026-06-19 08:04:32","2026-06-30 20:09:38",4336.91,4336.91,2164.36,2172.55,0.4991,1,1,0,0,168,184,19,"4. 7d+","Auto Loan",$5K-25K,0,active,CUS0002032,45-54,"Consumer Banking",MI,Detroit,3.7,1,0
FRD000004888,Phishing/Smishing,Unauthorized,1,"Online Banking","fake login page","Customer Reported","Fraud Ops",Closed-Confirmed,"2026-06-28 09:11:10",2026-06-28,"2026-07-02 01:29:41","2026-07-02 12:03:14","2026-07-28 10:14:49",5045.36,5045.36,3463.68,1581.68,0.6865,2,1,1,0,88,98,30,"3. 3-7d","Total Checking",<$1K,1,active,CUS0002148,18-24,"Consumer Banking",KS,"Overland Park",5.2,1,0
FRD000000218,Card-Not-Present,Unauthorized,0,"Online Banking","digital wallet","Merchant Alert","Card Services",Closed-Confirmed,"2026-05-08 03:37:30",2026-05-08,"2026-05-08 23:22:37",NULL,"2026-06-04 11:48:36",175.16,175.16,175.16,0.00,1.0000,2,1,0,0,19,NULL,27,"Never Reported","Business Checking",$1K-5K,1,active,CUS0002593,25-34,"Financial Banking",FL,Tampa,3.2,1,0
FRD000006071,"Zelle/P2P Scam",Authorized,1,"Online Banking","rental deposit","Customer Reported",Claims,Closed-Confirmed,"2024-01-19 07:00:42",2024-01-19,"2024-01-19 14:06:17","2024-01-19 14:34:57","2024-01-30 04:53:58",559.14,559.14,65.88,493.26,0.1178,3,0,0,0,7,7,10,"1. <24h","Freedom Unlimited",<$1K,0,active,CUS0002661,25-34,"Consumer Banking",CA,"Los Angeles",12.5,1,2
FRD000000240,Card-Not-Present,Unauthorized,0,"Online Banking","card testing","Rules Engine","Card Services",Closed-Confirmed,"2025-05-18 23:40:07",2025-05-18,"2025-05-19 09:49:32",NULL,"2025-06-23 10:28:10",359.46,76.41,61.01,15.40,0.7985,3,1,0,0,10,NULL,35,"Never Reported","Auto Loan",$1K-5K,0,active,CUS0002073,25-34,"Consumer Banking",NY,"New York",17.3,0,0
FRD000007307,"Zelle/P2P Scam",Authorized,1,"Online Banking","rental deposit","Customer Reported",Claims,"Closed-No Fraud","2025-07-24 02:55:29",2025-07-24,"2025-07-24 07:08:07","2025-07-24 07:30:10","2025-08-03 00:43:00",2074.49,0.00,0.00,0.00,NULL,4,0,0,0,4,4,9,"1. <24h","Premier Savings",<$1K,1,active,CUS0001050,65+,"Consumer Banking",MI,Detroit,4.0,1,0
FRD000008556,"Identity Theft/Synthetic",Unauthorized,0,"Online Banking","new account fraud","ML Model","Fraud Ops",Closed-Confirmed,"2025-01-05 06:48:11",2025-01-05,"2025-03-13 23:56:49",NULL,"2025-04-02 16:04:30",2506.20,1332.14,271.21,1060.93,0.2036,3,1,0,0,1625,NULL,87,"Never Reported","Total Checking",$1K-5K,1,active,CUS0002546,65+,"Consumer Banking",NY,Buffalo,5.9,0,0
FRD000000529,Card-Not-Present,Unauthorized,0,"Online Banking","online retail","Customer Reported","Card Services",Closed-Confirmed,"2026-04-08 01:49:07",2026-04-08,"2026-04-08 12:47:59","2026-04-09 18:26:28","2026-05-18 00:09:14",85.13,39.22,29.80,9.42,0.7598,3,1,1,0,10,40,39,"2. 24-72h","Auto Loan",<$1K,0,active,CUS0000126,25-34,"Consumer Banking",CA,"San Diego",0.6,1,0
FRD000006539,"Zelle/P2P Scam",Authorized,1,"Online Banking","rental deposit","Customer Reported",Claims,"Closed-No Fraud","2025-10-25 00:42:08",2025-10-25,"2025-10-25 01:57:13","2025-10-25 04:39:34","2025-10-27 21:21:52",981.40,0.00,0.00,0.00,NULL,4,0,0,0,1,3,2,"1. <24h","Auto Loan",$1K-5K,0,active,CUS0001068,55-64,"Consumer Banking",TX,Dallas,16.8,1,0
FRD000002473,Card-Not-Present,Unauthorized,0,"Online Banking","subscription abuse","Rules Engine","Card Services",Closed-Confirmed,"2025-06-11 21:15:46",2025-06-11,"2025-06-12 07:37:12",NULL,"2025-06-21 11:40:37",832.24,832.24,630.81,201.43,0.7580,2,1,0,0,10,NULL,9,"Never Reported","Freedom Unlimited",<$1K,0,active,CUS0000921,35-44,"Consumer Banking",TX,Austin,0.4,1,0
FRD000008154,"Business Email Compromise",Authorized,1,"Online Banking","vendor invoice redirect","Customer Reported","Wire Recall",Closed-Confirmed,"2024-07-21 12:36:11",2024-07-21,"2024-07-25 00:13:13","2024-07-25 16:05:12","2024-08-05 11:51:29",226091.15,226091.15,53511.98,172579.17,0.2367,1,0,0,1,83,99,14,"3. 3-7d","Total Checking",<$1K,1,active,CUS0002771,45-54,"Consumer Banking",CA,"Los Angeles",1.7,1,0
FRD000006829,"Zelle/P2P Scam",Authorized,1,"Online Banking","rental deposit","Rules Engine",Claims,Closed-Confirmed,"2025-03-22 01:16:53",2025-03-22,"2025-03-22 08:36:17","2025-03-22 19:07:10","2025-03-28 02:09:18",1497.78,1497.78,190.84,1306.94,0.1274,1,0,0,0,7,17,6,"1. <24h","Auto Loan",<$1K,0,active,CUS0001545,25-34,"Consumer Banking",NY,Albany,6.4,1,0
FRD000005776,"Account Takeover",Unauthorized,0,"Online Banking","SIM swap","Customer Reported","Fraud Ops",Closed-Confirmed,"2026-04-29 21:51:03",2026-04-29,"2026-05-05 14:34:23","2026-05-05 16:39:45","2026-05-21 22:38:26",471.68,471.68,168.78,302.90,0.3578,1,1,0,1,136,138,22,"3. 3-7d","Auto Loan",$1K-5K,0,active,CUS0000645,65+,"Consumer Banking",CA,"San Diego",1.6,1,0
FRD000001919,Card-Not-Present,Unauthorized,0,"Online Banking","digital wallet","Rules Engine","Card Services",Closed-Confirmed,"2025-12-08 00:54:13",2025-12-08,"2025-12-08 10:59:14",NULL,"2025-12-24 11:02:06",111.56,111.56,111.56,0.00,1.0000,3,1,0,0,10,NULL,16,"Never Reported","Business Platinum",<$1K,0,active,CUS0002587,65+,"Financial Banking",TX,Houston,4.1,1,0
FRD000008961,"Identity Theft/Synthetic",Unauthorized,0,"Online Banking","stolen SSN","ML Model","Fraud Ops",Closed-Confirmed,"2024-05-26 19:43:12",2024-05-26,"2025-01-24 09:37:46",NULL,"2025-02-10 12:59:51",9933.53,9933.53,2488.66,7444.87,0.2505,2,1,0,0,5821,NULL,259,"Never Reported","Sapphire Preferred",<$1K,0,active,CUS0001161,65+,"Consumer Banking",KS,"Overland Park",0.3,1,0
FRD000000593,Card-Not-Present,Unauthorized,0,"Online Banking","digital wallet","Customer Reported","Card Services",Closed-Confirmed,"2025-05-06 06:01:02",2025-05-06,"2025-05-07 02:13:14","2025-05-07 04:23:06","2025-06-06 12:54:14",54.38,54.38,48.66,5.72,0.8948,2,1,0,1,20,22,31,"1. <24h","Auto Loan",<$1K,0,active,CUS0002208,25-34,"Consumer Banking",KS,Topeka,0.0,1,0
FRD000007174,"Zelle/P2P Scam",Authorized,1,"Online Banking","utility impersonation","Customer Reported",Claims,"Closed-No Fraud","2024-03-05 17:51:15",2024-03-05,"2024-03-06 00:46:39","2024-03-06 12:28:18","2024-03-08 12:26:24",513.86,0.00,0.00,0.00,NULL,3,0,0,0,6,18,2,"1. <24h","Private Client Savings",$1K-5K,1,active,CUS0000285,45-54,"Private Client Banking",CA,"San Francisco",6.7,1,0
FRD000001025,Card-Not-Present,Unauthorized,0,"Online Banking","subscription abuse","Rules Engine","Card Services",Closed-Confirmed,"2024-03-07 01:28:39",2024-03-07,"2024-03-07 18:18:35",NULL,"2024-03-20 17:49:39",195.68,10.49,10.49,0.00,1.0000,2,1,0,1,16,NULL,13,"Never Reported","Financial Investment Account",$5K-25K,0,active,CUS0001814,35-44,"Private Client Banking",KS,Wichita,7.7,1,0
FRD000004089,Phishing/Smishing,Unauthorized,1,"Online Banking","fake login page","ML Model","Fraud Ops",Closed-Confirmed,"2025-06-07 16:55:39",2025-06-07,"2025-06-09 11:18:55",NULL,"2025-06-22 17:32:45",1006.01,1006.01,641.45,364.56,0.6376,1,1,0,0,42,NULL,15,"Never Reported","Business Savings",$100K+,1,active,CUS0001046,25-34,"Financial Banking",TX,Dallas,5.2,1,0
FRD000005272,"Account Takeover",Unauthorized,0,"Online Banking","session hijack","ML Model","Fraud Ops","Closed-No Fraud","2025-04-18 05:58:18",2025-04-18,"2025-04-19 20:48:23","2025-04-20 10:31:05","2025-05-01 16:32:50",1672.17,0.00,0.00,0.00,NULL,6,0,0,0,38,52,13,"2. 24-72h","Sapphire Preferred",$5K-25K,0,active,CUS0000844,65+,"Consumer Banking",KS,"Overland Park",8.6,1,0
FRD000000596,Card-Not-Present,Unauthorized,0,"Online Banking","online retail","Customer Reported","Card Services",Closed-Confirmed,"2025-10-10 17:05:20",2025-10-10,"2025-10-11 22:39:07","2025-10-12 10:17:36","2025-10-18 06:46:41",181.27,181.27,165.96,15.31,0.9155,3,1,1,0,29,41,7,"2. 24-72h","Private Client Checking",$1K-5K,1,active,CUS0000128,18-24,"Private Client Banking",FL,Miami,2.9,1,0
FRD000002716,Card-Not-Present,Unauthorized,0,"Online Banking","card testing","ML Model","Card Services",Closed-Confirmed,"2024-08-11 04:29:53",2024-08-11,"2024-08-11 18:30:07",NULL,"2024-08-23 16:41:19",161.84,161.84,161.84,0.00,1.0000,2,1,0,0,14,NULL,12,"Never Reported","Sapphire Preferred",$25K-100K,0,active,CUS0000836,18-24,"Consumer Banking",NY,"New York",2.5,1,0
FRD000005196,"Account Takeover",Unauthorized,0,"Online Banking","SIM swap","Rules Engine","Fraud Ops","Closed-No Fraud","2025-09-30 01:29:24",2025-09-30,"2025-10-02 20:17:22","2025-10-03 05:01:48","2025-10-17 06:29:38",3091.67,0.00,0.00,0.00,NULL,1,0,0,0,66,75,17,"3. 3-7d","Sapphire Preferred",$5K-25K,0,active,CUS0001739,35-44,"Consumer Banking",KS,"Overland Park",1.3,1,0
FRD000001069,Card-Not-Present,Unauthorized,0,"Online Banking","card testing","Merchant Alert","Card Services","Closed-No Fraud","2025-10-09 00:43:39",2025-10-09,"2025-10-09 17:36:38",NULL,"2025-10-25 08:07:21",301.47,0.00,0.00,0.00,NULL,2,0,0,0,16,NULL,16,"Never Reported","Auto Loan",<$1K,0,active,CUS0001878,45-54,"Consumer Banking",NY,Albany,32.8,1,0
FRD000006976,"Zelle/P2P Scam",Authorized,1,"Online Banking","fake marketplace seller","Customer Reported",Claims,Closed-Confirmed,"2025-02-26 22:36:41",2025-02-26,"2025-02-27 11:16:56","2025-02-27 21:45:15","2025-03-24 16:50:58",1608.46,1608.46,206.77,1401.69,0.1286,2,0,0,0,12,23,25,"1. <24h","Premier Savings",<$1K,1,active,CUS0002792,35-44,"Consumer Banking",KS,Wichita,21.3,1,0
FRD000007162,"Zelle/P2P Scam",Authorized,1,"Online Banking","utility impersonation","Customer Reported",Claims,"Closed-No Fraud","2025-06-12 16:23:35",2025-06-12,"2025-06-13 04:13:14","2025-06-13 21:16:04","2025-06-28 20:54:46",1900.73,0.00,0.00,0.00,NULL,1,0,0,0,11,28,16,"2. 24-72h","Total Checking",$25K-100K,1,active,CUS0000818,25-34,"Consumer Banking",FL,Orlando,0.4,1,0
FRD000005679,"Account Takeover",Unauthorized,0,"Online Banking","password reset abuse","Rules Engine","Fraud Ops",Closed-Confirmed,"2025-10-08 19:45:03",2025-10-08,"2025-10-14 21:25:59",NULL,"2025-11-02 00:49:19",3221.13,3221.13,1628.94,1592.19,0.5057,5,1,0,0,145,NULL,24,"Never Reported","Auto Loan",<$1K,0,active,CUS0000440,55-64,"Consumer Banking",TX,Austin,18.1,1,0
FRD000007342,"Zelle/P2P Scam",Authorized,1,"Online Banking","fake marketplace seller","Customer Reported",Claims,Closed-Confirmed,"2024-12-15 10:48:47",2024-12-15,"2024-12-15 14:17:56","2024-12-15 21:34:17","2025-01-03 23:16:48",896.99,896.99,94.49,802.50,0.1053,1,1,0,0,3,10,19,"1. <24h","Financial Investment Account",$5K-25K,0,active,CUS0001347,65+,"Private Client Banking",NJ,"Jersey City",7.3,1,0
FRD000008582,"Identity Theft/Synthetic",Unauthorized,0,"Online Banking",bust-out,"Customer Reported","Fraud Ops",Closed-Confirmed,"2024-02-07 08:24:58",2024-02-07,"2024-03-26 00:42:38","2024-03-28 23:31:28","2024-04-19 20:31:44",9626.61,9626.61,1491.12,8135.49,0.1549,4,1,1,0,1144,1215,72,"4. 7d+","Total Checking",$5K-25K,1,active,CUS0001564,65+,"Consumer Banking",TX,Houston,28.2,1,0
FRD000009666,"Tech Support/Impersonation",Authorized,1,"Online Banking","fake antivirus","Customer Reported",Claims,Closed-Confirmed,"2024-11-27 02:27:57",2024-11-27,"2024-11-29 12:43:33","2024-12-01 13:05:36","2024-12-05 21:55:43",16403.79,16403.79,3242.48,13161.31,0.1977,1,0,0,0,58,106,8,"3. 3-7d","Sapphire Preferred",$5K-25K,0,active,CUS0002700,55-64,"Consumer Banking",MI,"Grand Rapids",2.0,1,0
FRD000008912,"Identity Theft/Synthetic",Unauthorized,0,"Online Banking","synthetic identity","Customer Reported","Fraud Ops","Closed-No Fraud","2026-02-21 18:25:32",2026-02-21,"2027-02-11 22:35:44","2027-02-20 00:54:58","2027-02-21 16:18:38",9611.63,0.00,0.00,0.00,NULL,4,0,0,0,8524,8718,364,"4. 7d+","Premier Savings",$1K-5K,1,active,CUS0000919,45-54,"Consumer Banking",MI,Lansing,19.0,1,0
FRD000005304,"Account Takeover",Unauthorized,0,"Online Banking","credential stuffing","Rules Engine","Fraud Ops",Closed-Confirmed,"2024-02-24 10:01:26",2024-02-24,"2024-02-24 17:23:56","2024-02-25 10:36:26","2024-02-29 20:43:41",11042.69,11042.69,4766.37,6276.32,0.4316,4,1,1,0,7,24,5,"2. 24-72h","Freedom Unlimited",$1K-5K,0,closed,CUS0001410,65+,"Consumer Banking",CA,"Los Angeles",4.2,1,0
FRD000008415,"Identity Theft/Synthetic",Unauthorized,0,"Online Banking","new account fraud","Statement Review","Fraud Ops",Closed-Confirmed,"2025-12-14 10:50:04",2025-12-14,"2025-12-28 06:45:35","2025-12-29 08:58:35","2026-01-09 03:49:21",12707.94,8398.45,1596.74,6801.71,0.1901,3,1,1,0,331,358,25,"4. 7d+","Business Checking",<$1K,1,active,CUS0000965,35-44,"Financial Banking",NJ,"Jersey City",18.5,1,0
FRD000001162,Card-Not-Present,Unauthorized,0,"Online Banking","digital wallet","Customer Reported","Card Services",Closed-Confirmed,"2025-07-07 16:36:54",2025-07-07,"2025-07-08 21:04:11","2025-07-09 07:22:53","2025-07-20 11:29:39",453.43,277.44,277.44,0.00,1.0000,2,1,0,0,28,38,12,"2. 24-72h","Freedom Unlimited",$1K-5K,0,active,CUS0000509,65+,"Consumer Banking",FL,Tampa,8.2,0,0
FRD000008430,"Identity Theft/Synthetic",Unauthorized,0,"Online Banking",bust-out,"ML Model","Fraud Ops",Closed-Confirmed,"2024-12-15 14:54:10",2024-12-15,"2024-12-31 06:23:10","2025-01-03 12:45:22","2025-01-16 14:59:14",6271.22,6271.22,1118.97,5152.25,0.1784,3,1,1,0,375,453,32,"4. 7d+","Total Checking",<$1K,1,active,CUS0002091,65+,"Consumer Banking",CA,"San Diego",9.6,1,0
FRD000006060,"Zelle/P2P Scam",Authorized,1,"Online Banking","rental deposit","Customer Reported",Claims,Closed-Confirmed,"2025-02-05 12:48:17",2025-02-05,"2025-02-05 15:19:58","2025-02-05 19:47:22","2025-03-05 00:29:48",1588.85,1588.85,166.03,1422.82,0.1045,2,0,0,0,2,6,27,"1. <24h","Premier Savings",$1K-5K,1,active,CUS0000637,18-24,"Consumer Banking",FL,Miami,5.2,1,0
FRD000004649,Phishing/Smishing,Unauthorized,1,"Online Banking","QR code","Rules Engine","Fraud Ops",Closed-Confirmed,"2024-06-19 07:13:20",2024-06-19,"2024-06-19 15:25:36","2024-06-20 01:20:18","2024-06-28 17:39:08",3381.83,3381.83,1927.68,1454.15,0.5700,4,1,1,0,8,18,9,"1. <24h","Premier Savings",<$1K,1,active,CUS0000591,25-34,"Consumer Banking",NY,Albany,0.6,1,0
FRD000001639,Card-Not-Present,Unauthorized,0,"Online Banking","subscription abuse","Rules Engine","Card Services",Closed-Confirmed,"2025-08-15 22:41:08",2025-08-15,"2025-08-17 01:48:41","2025-08-17 13:51:43","2025-08-25 18:36:02",903.87,903.87,610.79,293.08,0.6757,4,1,0,0,27,39,9,"2. 24-72h","Auto Loan",<$1K,0,active,CUS0000727,65+,"Consumer Banking",KS,Topeka,6.7,1,0
FRD000005607,"Account Takeover",Unauthorized,0,"Online Banking","password reset abuse","ML Model","Fraud Ops",Closed-Confirmed,"2026-02-18 01:43:34",2026-02-18,"2026-02-23 12:50:11",NULL,"2026-02-26 23:03:06",5852.26,5852.26,2490.63,3361.63,0.4256,1,1,0,0,131,NULL,8,"Never Reported","Business Checking",$25K-100K,1,active,CUS0002579,35-44,"Financial Banking",FL,Tampa,7.6,1,0
FRD000004592,Phishing/Smishing,Unauthorized,1,"Online Banking","QR code","ML Model","Fraud Ops",Open,"2026-01-14 15:52:52",2026-01-14,"2026-01-24 08:57:13","2026-01-24 21:59:51",NULL,2242.21,2242.21,1117.61,1124.60,0.4984,2,1,0,0,233,246,NULL,"4. 7d+","Auto Loan",$5K-25K,0,active,CUS0001664,35-44,"Consumer Banking",FL,Tampa,1.6,1,0
FRD000006595,"Zelle/P2P Scam",Authorized,1,"Online Banking","utility impersonation","Customer Reported",Claims,Closed-Confirmed,"2026-06-14 11:03:15",2026-06-14,"2026-06-14 19:15:03","2026-06-14 22:34:41","2026-07-22 15:09:48",228.67,228.67,27.69,200.98,0.1211,5,0,0,0,8,11,38,"1. <24h","Auto Loan",$100K+,0,active,CUS0000903,25-34,"Consumer Banking",FL,Miami,0.1,0,0
FRD000006188,"Zelle/P2P Scam",Authorized,1,"Online Banking","rental deposit","Customer Reported",Claims,"Closed-No Fraud","2025-01-29 20:07:50",2025-01-29,"2025-01-30 01:55:33","2025-01-30 06:36:23","2025-02-17 18:53:17",5875.92,0.00,0.00,0.00,NULL,4,0,0,0,5,10,18,"1. <24h","Financial Investment Account",$1K-5K,0,active,CUS0001422,55-64,"Private Client Banking",TX,Dallas,15.0,1,0
FRD000004517,Phishing/Smishing,Unauthorized,1,"Online Banking","QR code","Rules Engine","Fraud Ops","Closed-No Fraud","2026-02-21 19:53:15",2026-02-21,"2026-02-24 21:55:20","2026-02-25 13:53:13","2026-03-01 16:50:13",1611.34,0.00,0.00,0.00,NULL,1,0,0,0,74,89,7,"3. 3-7d","Auto Loan",<$1K,0,active,CUS0000894,55-64,"Consumer Banking",KS,Wichita,12.2,1,0
FRD000006997,"Zelle/P2P Scam",Authorized,1,"Online Banking","ticket resale","Customer Reported",Claims,Closed-Confirmed,"2025-01-21 23:21:01",2025-01-21,"2025-01-22 16:44:29","2025-01-23 03:14:09","2025-02-04 05:40:18",1002.25,1002.25,96.96,905.29,0.0967,3,0,0,0,17,27,13,"2. 24-72h","Sapphire Preferred",$1K-5K,0,restricted,CUS0002774,55-64,"Consumer Banking",TX,Dallas,0.4,1,3
FRD000006492,"Zelle/P2P Scam",Authorized,1,"Online Banking","fake marketplace seller","Customer Reported",Claims,Closed-Confirmed,"2025-11-05 18:58:30",2025-11-05,"2025-11-06 05:53:37","2025-11-06 09:59:41","2025-11-21 00:11:01",5182.14,780.63,81.87,698.76,0.1049,2,0,0,0,10,15,15,"1. <24h","Auto Loan",$1K-5K,0,active,CUS0000051,65+,"Consumer Banking",KS,Wichita,1.7,1,0
FRD000004352,Phishing/Smishing,Unauthorized,1,"Online Banking","fake login page","Rules Engine","Fraud Ops",Closed-Confirmed,"2026-01-18 15:14:35",2026-01-18,"2026-01-20 04:29:57",NULL,"2026-01-30 09:41:46",490.28,490.28,307.36,182.92,0.6269,3,1,0,0,37,NULL,11,"Never Reported","Private Client Savings",$5K-25K,1,active,CUS0000751,25-34,"Private Client Banking",CA,"San Francisco",3.8,1,0
FRD000001871,Card-Not-Present,Unauthorized,0,"Online Banking","subscription abuse","Rules Engine","Card Services",Closed-Confirmed,"2025-05-25 17:03:14",2025-05-25,"2025-05-26 04:42:10","2025-05-26 11:50:21","2025-06-13 10:39:13",494.81,252.34,213.16,39.18,0.8447,2,1,0,0,11,18,18,"1. <24h","Sapphire Preferred",<$1K,0,active,CUS0000946,25-34,"Consumer Banking",CA,"Los Angeles",2.3,1,0
FRD000005944,"Zelle/P2P Scam",Authorized,1,"Online Banking","ticket resale","Rules Engine",Claims,Open,"2025-04-30 16:22:20",2025-04-30,"2025-04-30 17:05:35","2025-04-30 21:57:44",NULL,357.16,357.16,44.55,312.61,0.1247,4,0,0,0,0,5,NULL,"1. <24h","Total Checking",$5K-25K,1,active,CUS0002222,35-44,"Consumer Banking",TX,Dallas,4.0,1,0
FRD000004583,Phishing/Smishing,Unauthorized,1,"Online Banking","fake login page","Rules Engine","Fraud Ops","Closed-No Fraud","2024-05-25 21:59:45",2024-05-25,"2024-05-26 21:45:27",NULL,"2024-06-05 21:45:31",1882.56,0.00,0.00,0.00,NULL,1,0,0,0,23,NULL,10,"Never Reported","Sapphire Preferred",$25K-100K,0,active,CUS0001359,65+,"Consumer Banking",NY,"New York",1.2,1,2
FRD000009849,"Tech Support/Impersonation",Authorized,1,"Online Banking","bank impersonation","Rules Engine",Claims,Closed-Confirmed,"2025-06-08 09:41:30",2025-06-08,"2025-06-09 04:12:08","2025-06-09 22:37:00","2025-06-19 17:59:44",6788.54,6788.54,1813.67,4974.87,0.2672,2,0,0,1,18,36,11,"2. 24-72h","Sapphire Preferred",$1K-5K,0,active,CUS0002863,45-54,"Consumer Banking",CA,"San Diego",6.0,1,0
FRD000008626,"Identity Theft/Synthetic",Unauthorized,0,"Online Banking","new account fraud","Customer Reported","Fraud Ops",Open,"2026-04-04 16:49:44",2026-04-04,"2026-10-21 06:17:58","2026-10-22 11:12:03",NULL,8935.40,5017.20,799.22,4217.98,0.1593,4,1,0,1,4789,4818,NULL,"4. 7d+","Sapphire Preferred",$5K-25K,0,active,CUS0000844,65+,"Consumer Banking",KS,"Overland Park",8.6,1,0
FRD000001406,Card-Not-Present,Unauthorized,0,"Online Banking","subscription abuse","Rules Engine","Card Services","Closed-No Fraud","2024-10-30 07:28:49",2024-10-30,"2024-10-31 06:20:52","2024-10-31 10:31:35","2024-11-06 04:01:56",136.69,0.00,0.00,0.00,NULL,1,0,0,1,22,27,6,"2. 24-72h","Private Client Checking",$1K-5K,1,active,CUS0000001,45-54,"Private Client Banking",NJ,Newark,5.5,1,0
FRD000005266,"Account Takeover",Unauthorized,0,"Online Banking","credential stuffing","Rules Engine","Fraud Ops",Closed-Confirmed,"2024-11-17 08:24:17",2024-11-17,"2024-11-23 21:36:21","2024-11-26 01:17:54","2024-11-29 11:40:59",1273.29,1273.29,443.53,829.76,0.3483,3,1,1,0,157,208,12,"4. 7d+","Freedom Unlimited",$25K-100K,0,active,CUS0000596,45-54,"Consumer Banking",FL,Miami,9.5,1,1
FRD000000742,Card-Not-Present,Unauthorized,0,"Online Banking","subscription abuse","Merchant Alert","Card Services",Closed-Confirmed,"2026-04-02 16:54:21",2026-04-02,"2026-04-02 19:52:55","2026-04-03 02:15:29","2026-04-18 21:03:40",233.40,233.40,174.31,59.09,0.7468,2,1,0,0,2,9,16,"1. <24h","Financial Investment Account",$5K-25K,0,active,CUS0000205,45-54,"Private Client Banking",TX,Dallas,12.8,1,0
FRD000006157,"Zelle/P2P Scam",Authorized,1,"Online Banking","fake marketplace seller","Customer Reported",Claims,Closed-Confirmed,"2024-01-16 19:26:49",2024-01-16,"2024-01-17 13:41:05","2024-01-17 21:55:34","2024-02-02 13:58:32",498.74,234.49,30.53,203.96,0.1302,2,0,0,0,18,26,16,"2. 24-72h","Sapphire Preferred",<$1K,0,active,CUS0000503,45-54,"Consumer Banking",MA,Boston,2.6,0,0
FRD000008696,"Identity Theft/Synthetic",Unauthorized,0,"Online Banking",bust-out,"Statement Review","Fraud Ops",Closed-Confirmed,"2025-11-08 21:43:52",2025-11-08,"2026-07-02 00:44:55",NULL,"2026-07-18 03:44:50",1326.35,1326.35,304.00,1022.35,0.2292,1,1,0,0,5643,NULL,251,"Never Reported","Auto Loan",$1K-5K,0,active,CUS0001721,35-44,"Consumer Banking",KS,Topeka,10.8,1,0
FRD000005882,"Account Takeover",Unauthorized,0,"Online Banking","credential stuffing","Rules Engine","Fraud Ops",Closed-Confirmed,"2024-08-07 10:18:08",2024-08-07,"2024-08-12 18:44:07","2024-08-13 02:18:24","2024-09-10 03:14:24",4993.56,4993.56,1770.77,3222.79,0.3546,4,1,1,0,128,136,33,"3. 3-7d","Freedom Unlimited",$5K-25K,0,active,CUS0001787,35-44,"Consumer Banking",TX,Dallas,1.1,1,0
FRD000006083,"Zelle/P2P Scam",Authorized,1,"Online Banking","rental deposit","Customer Reported",Claims,Closed-Confirmed,"2025-02-12 15:15:57",2025-02-12,"2025-02-12 21:53:28","2025-02-12 22:39:40","2025-02-13 05:10:36",346.02,346.02,54.07,291.95,0.1563,1,0,0,0,6,7,0,"1. <24h","Freedom Unlimited",$5K-25K,0,active,CUS0000866,35-44,"Consumer Banking",TX,Austin,5.9,1,0
FRD000005415,"Account Takeover",Unauthorized,0,"Online Banking","session hijack","Customer Reported","Fraud Ops",Closed-Confirmed,"2024-02-03 00:51:24",2024-02-03,"2024-02-07 02:27:14","2024-02-07 11:55:35","2024-02-24 19:46:03",3612.04,1520.34,619.89,900.45,0.4077,1,1,1,1,97,107,21,"3. 3-7d","Auto Loan",$5K-25K,0,active,CUS0002757,25-34,"Consumer Banking",NY,Buffalo,2.9,1,0
FRD000005997,"Zelle/P2P Scam",Authorized,1,"Online Banking","ticket resale","Customer Reported",Claims,"Under Review","2025-12-21 22:55:37",2025-12-21,"2025-12-22 02:03:04","2025-12-22 05:24:05",NULL,327.49,327.49,46.59,280.90,0.1423,1,0,0,0,3,6,NULL,"1. <24h","Business Checking",$1K-5K,1,active,CUS0000786,25-34,"Financial Banking",CA,"San Francisco",12.7,0,0
FRD000000028,Card-Not-Present,Unauthorized,0,"Online Banking","digital wallet","Rules Engine","Card Services",Closed-Confirmed,"2024-09-01 18:43:18",2024-09-01,"2024-09-02 07:57:52",NULL,"2024-09-23 01:30:19",88.76,20.88,20.88,0.00,1.0000,1,1,0,0,13,NULL,21,"Never Reported","Auto Loan",<$1K,0,active,CUS0001354,45-54,"Consumer Banking",KS,Wichita,4.0,1,0
FRD000008969,"Identity Theft/Synthetic",Unauthorized,0,"Online Banking","new account fraud","Statement Review","Fraud Ops",Closed-Confirmed,"2025-04-25 21:11:01",2025-04-25,"2026-04-02 14:49:10",NULL,"2026-04-13 02:16:44",27927.53,27927.53,6174.27,21753.26,0.2211,4,1,0,0,8201,NULL,352,"Never Reported","Private Client Checking",$1K-5K,1,active,CUS0001752,18-24,"Private Client Banking",MA,Boston,4.7,1,2
FRD000000372,Card-Not-Present,Unauthorized,0,"Online Banking","subscription abuse","Rules Engine","Card Services",Closed-Confirmed,"2025-12-04 14:32:49",2025-12-04,"2025-12-05 05:28:13",NULL,"2025-12-22 16:11:00",147.84,147.84,147.84,0.00,1.0000,4,1,0,0,14,NULL,18,"Never Reported","Premier Savings",$25K-100K,1,active,CUS0000527,35-44,"Consumer Banking",FL,Tampa,2.9,0,0
FRD000005187,"Account Takeover",Unauthorized,0,"Online Banking","password reset abuse","Rules Engine","Fraud Ops","Under Review","2025-01-20 04:09:21",2025-01-20,"2025-01-26 17:27:15",NULL,NULL,2818.05,2818.05,1416.51,1401.54,0.5027,5,1,0,0,157,NULL,NULL,"Never Reported","Sapphire Preferred",$5K-25K,0,active,CUS0000651,25-34,"Consumer Banking",NJ,Newark,2.2,0,0
FRD000005763,"Account Takeover",Unauthorized,0,"Online Banking","SIM swap","ML Model","Fraud Ops","Under Review","2025-05-08 07:04:40",2025-05-08,"2025-05-09 14:43:53",NULL,NULL,3100.92,3100.92,1414.28,1686.64,0.4561,5,1,0,1,31,NULL,NULL,"Never Reported","Private Client Checking",$1K-5K,1,active,CUS0002547,55-64,"Private Client Banking",TX,Houston,0.8,1,0
FRD000008244,"Business Email Compromise",Authorized,1,"Online Banking","payroll diversion","Rules Engine","Wire Recall",Closed-Confirmed,"2024-02-18 11:06:02",2024-02-18,"2024-02-19 06:47:25","2024-02-19 11:22:26","2024-03-13 06:45:46",164205.02,164205.02,80681.03,83523.99,0.4913,2,0,0,0,19,24,23,"2. 24-72h","Business Savings",$5K-25K,1,active,CUS0002051,25-34,"Financial Banking",TX,Houston,0.8,1,0
FRD000001119,Card-Not-Present,Unauthorized,0,"Online Banking","digital wallet","Rules Engine","Card Services",Closed-Confirmed,"2024-04-02 03:19:27",2024-04-02,"2024-04-02 07:45:43",NULL,"2024-04-23 13:16:48",199.56,199.56,155.97,43.59,0.7816,3,1,0,1,4,NULL,21,"Never Reported","Premier Savings",$25K-100K,1,active,CUS0000050,65+,"Consumer Banking",TX,Houston,16.1,1,2
FRD000008355,"Business Email Compromise",Authorized,1,"Online Banking","payroll diversion","ML Model","Wire Recall",Closed-Confirmed,"2025-04-22 05:26:40",2025-04-22,"2025-04-25 18:11:11","2025-04-26 11:34:43","2025-05-03 18:46:23",22005.53,22005.53,5518.22,16487.31,0.2508,1,0,0,0,84,102,11,"3. 3-7d","Premier Savings",<$1K,1,active,CUS0002789,45-54,"Consumer Banking",FL,Tampa,7.3,1,0
FRD000001686,Card-Not-Present,Unauthorized,0,"Online Banking","digital wallet","Customer Reported","Card Services",Closed-Confirmed,"2025-11-30 02:57:25",2025-11-30,"2025-11-30 22:44:09","2025-12-01 06:41:26","2025-12-26 13:28:24",33.30,33.30,33.30,0.00,1.0000,6,1,0,1,19,27,26,"2. 24-72h","Freedom Unlimited",$100K+,0,active,CUS0002300,25-34,"Consumer Banking",KS,Topeka,1.7,1,0
FRD000008563,"Identity Theft/Synthetic",Unauthorized,0,"Online Banking","stolen SSN","Customer Reported","Fraud Ops","Under Review","2024-02-23 16:23:54",2024-02-23,"2024-05-04 05:56:02","2024-05-05 19:53:25",NULL,18281.55,2860.73,681.24,2179.49,0.2381,4,1,1,0,1693,1731,NULL,"4. 7d+","Financial Investment Account",$1K-5K,0,active,CUS0000269,45-54,"Private Client Banking",KS,Wichita,2.8,1,0
FRD000009730,"Tech Support/Impersonation",Authorized,1,"Online Banking","bank impersonation","Customer Reported",Claims,Closed-Confirmed,"2025-04-07 17:05:52",2025-04-07,"2025-04-08 23:31:01","2025-04-09 00:05:14","2025-04-25 22:27:37",13461.98,13461.98,4478.02,8983.96,0.3326,1,0,0,1,30,30,18,"2. 24-72h","Private Client Savings",<$1K,1,active,CUS0000941,18-24,"Private Client Banking",CA,"Los Angeles",6.0,1,0
FRD000000036,Card-Not-Present,Unauthorized,0,"Online Banking","online retail","Customer Reported","Card Services","Closed-No Fraud","2025-07-29 15:05:04",2025-07-29,"2025-07-29 22:45:01","2025-07-30 01:46:10","2025-08-05 19:09:47",856.49,0.00,0.00,0.00,NULL,3,0,0,0,7,10,7,"1. <24h","Premier Savings",$1K-5K,1,active,CUS0002027,55-64,"Consumer Banking",KS,"Overland Park",0.9,1,1
FRD000000018,Card-Not-Present,Unauthorized,0,"Online Banking","card testing","Customer Reported","Card Services","Closed-No Fraud","2024-10-20 23:51:47",2024-10-20,"2024-10-21 07:15:51","2024-10-21 13:16:41","2024-10-31 07:24:43",396.74,0.00,0.00,0.00,NULL,1,0,0,1,7,13,10,"1. <24h","Private Client Savings",$5K-25K,1,active,CUS0000192,65+,"Private Client Banking",NJ,Trenton,0.5,0,2
FRD000005337,"Account Takeover",Unauthorized,0,"Online Banking","credential stuffing","ML Model","Fraud Ops","Closed-No Fraud","2024-08-04 01:43:35",2024-08-04,"2024-08-19 07:22:21",NULL,"2024-08-27 04:43:29",11522.83,0.00,0.00,0.00,NULL,3,0,0,0,365,NULL,23,"Never Reported","Premier Savings",<$1K,1,active,CUS0000338,45-54,"Consumer Banking",TX,Dallas,17.6,1,2
FRD000002158,Card-Not-Present,Unauthorized,0,"Online Banking","subscription abuse","Customer Reported","Card Services",Closed-Confirmed,"2024-06-09 13:02:23",2024-06-09,"2024-06-10 07:55:29","2024-06-10 13:14:16","2024-08-01 15:37:59",215.88,215.88,207.28,8.60,0.9602,1,1,0,0,18,24,53,"2. 24-72h","Auto Loan",<$1K,0,active,CUS0000721,35-44,"Consumer Banking",CA,"Los Angeles",8.6,1,1
FRD000000322,Card-Not-Present,Unauthorized,0,"Online Banking","card testing","Rules Engine","Card Services",Closed-Confirmed,"2025-11-14 18:31:52",2025-11-14,"2025-11-15 15:54:10",NULL,"2025-11-23 05:51:13",106.63,106.63,104.09,2.54,0.9762,2,1,0,0,21,NULL,8,"Never Reported","Total Checking",<$1K,1,active,CUS0000930,45-54,"Consumer Banking",FL,Orlando,5.1,1,0
FRD000001002,Card-Not-Present,Unauthorized,0,"Online Banking","online retail","Merchant Alert","Card Services",Closed-Confirmed,"2024-08-23 12:49:12",2024-08-23,"2024-08-24 18:15:53",NULL,"2024-09-08 10:15:04",117.80,117.80,106.31,11.49,0.9025,3,1,0,0,29,NULL,15,"Never Reported","Sapphire Preferred",$1K-5K,0,closed,CUS0000069,35-44,"Consumer Banking",MI,"Grand Rapids",3.2,1,0
FRD000006770,"Zelle/P2P Scam",Authorized,1,"Online Banking","ticket resale","Rules Engine",Claims,Closed-Confirmed,"2026-01-09 03:06:43",2026-01-09,"2026-01-09 08:35:39","2026-01-09 12:33:35","2026-01-30 19:21:21",787.29,444.49,45.73,398.76,0.1029,1,0,0,0,5,9,21,"1. <24h","Private Client Savings",$1K-5K,1,active,CUS0000255,35-44,"Private Client Banking",TX,Houston,3.4,0,0
FRD000008884,"Identity Theft/Synthetic",Unauthorized,0,"Online Banking","synthetic identity","ML Model","Fraud Ops",Closed-Confirmed,"2025-01-14 19:08:20",2025-01-14,"2025-03-27 04:48:45","2025-03-27 11:12:03","2025-05-07 01:49:33",1446.83,939.10,202.39,736.71,0.2155,4,1,1,1,1713,1720,112,"4. 7d+","Sapphire Preferred",$1K-5K,0,active,CUS0002354,25-34,"Consumer Banking",CA,"San Diego",0.4,1,0
FRD000006147,"Zelle/P2P Scam",Authorized,1,"Online Banking","fake marketplace seller","Customer Reported",Claims,Closed-Confirmed,"2024-04-20 18:53:27",2024-04-20,"2024-04-21 02:34:47","2024-04-21 06:30:18","2024-05-16 16:53:35",1015.26,1015.26,98.27,916.99,0.0968,1,0,0,0,7,11,25,"1. <24h","Premier Savings",$25K-100K,1,active,CUS0002519,25-34,"Consumer Banking",TX,Houston,5.0,1,0
FRD000004688,Phishing/Smishing,Unauthorized,1,"Online Banking","credential harvest","Customer Reported","Fraud Ops",Closed-Confirmed,"2024-11-22 10:04:12",2024-11-22,"2024-11-25 05:18:03","2024-11-25 23:35:24","2024-11-27 22:54:34",1129.91,1129.91,571.74,558.17,0.5060,3,1,0,0,67,85,5,"3. 3-7d","Private Client Savings",$5K-25K,1,active,CUS0001226,25-34,"Private Client Banking",FL,Miami,11.4,1,0
FRD000005544,"Account Takeover",Unauthorized,0,"Online Banking","password reset abuse","ML Model","Fraud Ops",Closed-Confirmed,"2025-09-29 06:12:25",2025-09-29,"2025-10-06 03:53:02",NULL,"2025-10-27 07:34:22",2865.79,2865.79,1326.19,1539.60,0.4628,3,1,0,0,165,NULL,28,"Never Reported","Premier Savings",$5K-25K,1,active,CUS0000787,18-24,"Consumer Banking",KS,Topeka,0.4,1,0
FRD000003892,Phishing/Smishing,Unauthorized,1,"Online Banking","QR code","ML Model","Fraud Ops",Closed-Confirmed,"2024-09-23 14:17:27",2024-09-23,"2024-09-28 11:23:30",NULL,"2024-10-18 08:43:52",1038.45,1038.45,696.62,341.83,0.6708,1,1,0,0,117,NULL,24,"Never Reported","Financial Investment Account",<$1K,0,active,CUS0000977,25-34,"Private Client Banking",FL,Orlando,0.5,1,2
FRD000004226,Phishing/Smishing,Unauthorized,1,"Online Banking","credential harvest","Customer Reported","Fraud Ops",Closed-Confirmed,"2026-03-13 18:14:40",2026-03-13,"2026-03-21 22:14:44","2026-03-23 00:28:00","2026-04-05 04:11:56",9371.35,4289.87,2363.14,1926.73,0.5509,4,1,1,0,196,222,22,"4. 7d+","Premier Savings",$5K-25K,1,active,CUS0000607,25-34,"Consumer Banking",CA,"San Francisco",8.6,0,0
FRD000007054,"Zelle/P2P Scam",Authorized,1,"Online Banking","utility impersonation","Customer Reported",Claims,Closed-Confirmed,"2025-10-07 07:03:24",2025-10-07,"2025-10-08 00:39:26","2025-10-08 07:55:09","2025-10-17 21:50:03",674.68,674.68,73.80,600.88,0.1094,1,0,0,0,17,24,10,"2. 24-72h","Business Checking",$100K+,1,active,CUS0000801,25-34,"Financial Banking",PA,Philadelphia,1.0,1,1
FRD000008891,"Identity Theft/Synthetic",Unauthorized,0,"Online Banking","stolen SSN","Statement Review","Fraud Ops","Under Review","2025-12-22 22:13:56",2025-12-22,"2026-04-10 06:09:13","2026-04-17 14:39:31",NULL,24066.34,24066.34,4299.56,19766.78,0.1787,5,1,0,0,2599,2776,NULL,"4. 7d+","Sapphire Preferred",$1K-5K,0,active,CUS0001453,45-54,"Consumer Banking",FL,Orlando,8.7,0,0
FRD000002882,Card-Not-Present,Unauthorized,0,"Online Banking","subscription abuse","Rules Engine","Card Services",Closed-Confirmed,"2024-01-09 23:53:28",2024-01-09,"2024-01-11 03:08:21",NULL,"2024-02-07 08:44:27",139.28,21.56,20.58,0.98,0.9545,4,1,0,1,27,NULL,28,"Never Reported","Private Client Savings",<$1K,1,active,CUS0000875,45-54,"Private Client Banking",NJ,"Jersey City",7.5,1,0
FRD000009163,"Identity Theft/Synthetic",Unauthorized,0,"Online Banking","synthetic identity","Customer Reported","Fraud Ops",Closed-Confirmed,"2024-01-21 01:50:53",2024-01-21,"2024-03-13 23:04:09","2024-03-14 05:45:59","2024-03-26 12:17:11",2104.86,2104.86,389.74,1715.12,0.1852,1,1,1,0,1269,1275,65,"4. 7d+","Sapphire Preferred",$1K-5K,0,active,CUS0000307,45-54,"Consumer Banking",CA,"San Diego",1.4,1,0
FRD000000396,Card-Not-Present,Unauthorized,0,"Online Banking","subscription abuse","Rules Engine","Card Services","Closed-No Fraud","2024-07-19 13:05:50",2024-07-19,"2024-07-19 18:28:58","2024-07-20 06:04:20","2024-08-06 20:34:54",181.44,0.00,0.00,0.00,NULL,3,0,0,0,5,16,18,"1. <24h","Total Checking",$5K-25K,1,active,CUS0001483,65+,"Consumer Banking",CA,"San Francisco",1.0,1,0
FRD000009061,"Identity Theft/Synthetic",Unauthorized,0,"Online Banking","synthetic identity","Statement Review","Fraud Ops",Closed-Confirmed,"2024-03-09 05:45:20",2024-03-09,"2024-05-30 12:39:11",NULL,"2024-06-19 07:50:42",21001.03,21001.03,5004.74,15996.29,0.2383,2,1,0,0,1974,NULL,102,"Never Reported","Financial Investment Account",$1K-5K,0,active,CUS0001505,45-54,"Private Client Banking",KS,"Overland Park",1.7,1,0
FRD000001079,Card-Not-Present,Unauthorized,0,"Online Banking","online retail","ML Model","Card Services",Closed-Confirmed,"2024-04-18 08:40:18",2024-04-18,"2024-04-18 20:13:20","2024-04-19 11:43:17","2024-05-06 23:56:09",944.83,944.83,927.53,17.30,0.9817,2,1,1,0,11,27,18,"2. 24-72h","Business Platinum",$5K-25K,0,active,CUS0000650,25-34,"Financial Banking",TX,Houston,5.7,1,0
FRD000008268,"Business Email Compromise",Authorized,1,"Online Banking","CEO impersonation","Rules Engine","Wire Recall","Closed-No Fraud","2025-11-03 05:52:21",2025-11-03,"2025-11-05 22:17:57","2025-11-05 22:53:24","2025-11-25 19:35:29",67528.90,0.00,0.00,0.00,NULL,1,0,0,1,64,65,22,"2. 24-72h","Freedom Unlimited",$1K-5K,0,active,CUS0002922,65+,"Consumer Banking",CA,"Los Angeles",4.5,0,0
FRD000008485,"Identity Theft/Synthetic",Unauthorized,0,"Online Banking","synthetic identity","ML Model","Fraud Ops","Under Review","2024-04-21 23:07:18",2024-04-21,"2024-06-18 14:52:18","2024-06-21 23:06:47",NULL,2584.74,2584.74,536.05,2048.69,0.2074,3,1,1,1,1383,1463,NULL,"4. 7d+","Sapphire Preferred",$1K-5K,0,active,CUS0000777,18-24,"Consumer Banking",KS,"Overland Park",5.2,1,0
FRD000008262,"Business Email Compromise",Authorized,1,"Online Banking","vendor invoice redirect","Customer Reported","Wire Recall",Closed-Confirmed,"2026-05-03 09:05:38",2026-05-03,"2026-05-04 15:34:57","2026-05-05 13:13:57","2026-05-15 08:46:26",160400.04,160400.04,44775.58,115624.46,0.2791,3,0,0,0,30,52,11,"2. 24-72h","Financial Investment Account",$1K-5K,0,active,CUS0002883,65+,"Private Client Banking",KS,Wichita,0.5,1,0
FRD000006151,"Zelle/P2P Scam",Authorized,1,"Online Banking","ticket resale","Customer Reported",Claims,Closed-Confirmed,"2024-10-03 20:50:24",2024-10-03,"2024-10-04 07:22:49","2024-10-04 11:45:23","2024-10-28 05:27:50",954.66,954.66,148.93,805.73,0.1560,2,0,0,0,10,14,24,"1. <24h","Private Client Savings",$25K-100K,1,active,CUS0000200,55-64,"Private Client Banking",TX,Houston,5.4,1,2
FRD000009888,"Tech Support/Impersonation",Authorized,1,"Online Banking","refund overpayment","Customer Reported",Claims,Closed-Confirmed,"2024-07-07 21:22:50",2024-07-07,"2024-07-10 07:50:56","2024-07-12 02:25:14","2024-08-06 09:00:34",31631.29,31631.29,6906.57,24724.72,0.2183,2,0,0,0,58,101,29,"3. 3-7d","Freedom Unlimited",$1K-5K,0,active,CUS0001977,25-34,"Consumer Banking",FL,Orlando,13.5,1,0
FRD000005840,"Account Takeover",Unauthorized,0,"Online Banking","password reset abuse","ML Model","Fraud Ops",Closed-Confirmed,"2025-01-27 03:46:18",2025-01-27,"2025-01-27 11:37:30","2025-01-27 20:19:20","2025-02-17 11:25:59",1424.68,1424.68,630.40,794.28,0.4425,2,1,1,0,7,16,21,"1. <24h","Premier Savings",<$1K,1,closed,CUS0002766,55-64,"Consumer Banking",FL,Tampa,5.5,0,0
FRD000000022,Card-Not-Present,Unauthorized,0,"Online Banking","subscription abuse","ML Model","Card Services",Closed-Confirmed,"2026-03-04 09:28:32",2026-03-04,"2026-03-05 02:23:53","2026-03-05 06:06:59","2026-03-09 12:41:28",86.48,8.26,5.82,2.44,0.7046,6,1,0,0,16,20,5,"1. <24h","Auto Loan",$5K-25K,0,active,CUS0002633,45-54,"Consumer Banking",KS,Wichita,10.6,1,0
FRD000004257,Phishing/Smishing,Unauthorized,1,"Online Banking","credential harvest","ML Model","Fraud Ops","Under Review","2025-09-15 05:30:06",2025-09-15,"2025-09-17 22:31:58",NULL,NULL,2156.15,2156.15,1191.83,964.32,0.5528,1,1,0,0,65,NULL,NULL,"Never Reported","Total Checking",$5K-25K,1,active,CUS0002763,35-44,"Consumer Banking",NY,Buffalo,1.9,1,0
FRD000001488,Card-Not-Present,Unauthorized,0,"Online Banking","subscription abuse","Rules Engine","Card Services",Closed-Confirmed,"2024-01-05 22:01:40",2024-01-05,"2024-01-06 09:39:56","2024-01-06 18:57:11","2024-01-27 00:05:30",372.38,372.38,337.57,34.81,0.9065,3,1,0,0,11,20,21,"1. <24h","Auto Loan",$5K-25K,0,closed,CUS0000240,45-54,"Consumer Banking",NY,Buffalo,0.4,1,0
FRD000008177,"Business Email Compromise",Authorized,1,"Online Banking","payroll diversion","Customer Reported","Wire Recall",Closed-Confirmed,"2024-12-17 11:18:58",2024-12-17,"2024-12-19 02:19:05","2024-12-19 03:14:50","2024-12-24 20:36:56",24018.45,24018.45,10061.23,13957.22,0.4189,3,0,0,1,39,39,7,"2. 24-72h","Sapphire Preferred",$1K-5K,0,active,CUS0001306,35-44,"Consumer Banking",MI,Detroit,3.1,1,0
FRD000006353,"Zelle/P2P Scam",Authorized,1,"Online Banking","rental deposit","Customer Reported",Claims,Closed-Confirmed,"2025-06-06 18:48:16",2025-06-06,"2025-06-07 08:13:03","2025-06-07 12:13:15","2025-06-24 00:19:53",2515.17,2515.17,392.91,2122.26,0.1562,1,0,0,0,13,17,17,"1. <24h","Financial Investment Account",$1K-5K,0,active,CUS0000193,65+,"Private Client Banking",CA,"San Francisco",1.3,1,0
FRD000006718,"Zelle/P2P Scam",Authorized,1,"Online Banking","fake marketplace seller","Customer Reported",Claims,Closed-Confirmed,"2025-04-05 09:55:21",2025-04-05,"2025-04-05 16:22:07","2025-04-05 21:38:10","2025-05-04 12:47:07",1187.75,1187.75,172.37,1015.38,0.1451,1,0,0,0,6,11,29,"1. <24h","Sapphire Preferred",$5K-25K,0,active,CUS0000763,25-34,"Consumer Banking",TX,Houston,24.2,1,1
FRD000005701,"Account Takeover",Unauthorized,0,"Online Banking","credential stuffing","Customer Reported","Fraud Ops",Closed-Confirmed,"2025-06-26 01:06:03",2025-06-26,"2025-07-08 09:52:10","2025-07-09 01:32:57","2025-08-05 10:19:09",1827.43,180.34,86.70,93.64,0.4808,2,1,0,0,296,312,40,"4. 7d+","Auto Loan",$1K-5K,0,active,CUS0002244,25-34,"Consumer Banking",TX,Austin,13.1,1,3
FRD000000745,Card-Not-Present,Unauthorized,0,"Online Banking","digital wallet","ML Model","Card Services",Closed-Confirmed,"2025-09-01 15:37:36",2025-09-01,"2025-09-02 00:38:05",NULL,"2025-09-24 16:27:20",983.01,812.12,558.52,253.60,0.6877,1,1,0,0,9,NULL,23,"Never Reported","Freedom Unlimited",<$1K,0,active,CUS0001146,35-44,"Consumer Banking",KS,"Overland Park",1.4,0,0
FRD000000045,Card-Not-Present,Unauthorized,0,"Online Banking","card testing","Rules Engine","Card Services","Closed-No Fraud","2024-03-31 11:05:29",2024-03-31,"2024-04-01 05:33:32",NULL,"2024-04-20 18:53:20",547.69,0.00,0.00,0.00,NULL,7,0,0,0,18,NULL,20,"Never Reported","Sapphire Preferred",$5K-25K,0,active,CUS0001745,35-44,"Consumer Banking",NY,Albany,1.1,1,0
FRD000006433,"Zelle/P2P Scam",Authorized,1,"Online Banking","ticket resale","Customer Reported",Claims,Closed-Confirmed,"2024-06-24 06:55:50",2024-06-24,"2024-06-24 16:25:06","2024-06-25 01:11:12","2024-07-23 01:03:21",736.31,736.31,88.52,647.79,0.1202,2,0,0,0,9,18,28,"1. <24h","Private Client Checking",$25K-100K,1,active,CUS0002236,35-44,"Private Client Banking",MI,"Grand Rapids",5.9,1,0
FRD000004550,Phishing/Smishing,Unauthorized,1,"Online Banking","credential harvest","ML Model","Fraud Ops",Closed-Confirmed,"2026-04-08 07:16:40",2026-04-08,"2026-04-11 15:31:26",NULL,"2026-05-14 09:27:24",4282.01,3522.70,1615.70,1907.00,0.4587,1,1,0,0,80,NULL,36,"Never Reported","Financial Investment Account",$5K-25K,0,active,CUS0000692,65+,"Private Client Banking",NY,"New York",2.2,1,0
FRD000005007,"Account Takeover",Unauthorized,0,"Online Banking","credential stuffing","ML Model","Fraud Ops",Closed-Confirmed,"2024-01-24 22:33:53",2024-01-24,"2024-02-02 02:44:59","2024-02-03 13:31:11","2024-02-13 01:26:58",5072.38,2655.02,1411.91,1243.11,0.5318,2,1,1,0,196,230,19,"4. 7d+","Private Client Savings",$1K-5K,1,active,CUS0002562,25-34,"Private Client Banking",CA,"San Diego",5.6,1,0
FRD000006634,"Zelle/P2P Scam",Authorized,1,"Online Banking","utility impersonation","Customer Reported",Claims,Closed-Confirmed,"2026-03-24 20:39:34",2026-03-24,"2026-03-24 21:18:31","2026-03-24 22:11:40","2026-04-14 12:33:20",730.74,730.74,94.42,636.32,0.1292,1,1,0,0,0,1,20,"1. <24h","Private Client Checking",$1K-5K,1,active,CUS0000477,65+,"Private Client Banking",KS,Wichita,8.5,1,0
FRD000004452,Phishing/Smishing,Unauthorized,1,"Online Banking","SMS link","Rules Engine","Fraud Ops",Open,"2024-04-22 07:51:21",2024-04-22,"2024-04-26 00:47:22","2024-04-27 11:30:28",NULL,5403.35,355.13,149.70,205.43,0.4215,1,1,0,0,88,123,NULL,"3. 3-7d","Total Checking",$25K-100K,1,active,CUS0002987,55-64,"Consumer Banking",FL,Tampa,7.5,1,0
FRD000004538,Phishing/Smishing,Unauthorized,1,"Online Banking","fake login page","Rules Engine","Fraud Ops",Closed-Confirmed,"2025-02-02 05:54:29",2025-02-02,"2025-02-04 20:26:23","2025-02-05 08:39:48","2025-02-19 16:12:35",7085.77,7085.77,4010.48,3075.29,0.5660,1,1,1,0,62,74,17,"3. 3-7d","Sapphire Preferred",$25K-100K,0,closed,CUS0002258,55-64,"Consumer Banking",TX,Dallas,4.0,1,0
FRD000001993,Card-Not-Present,Unauthorized,0,"Online Banking","subscription abuse","Rules Engine","Card Services",Closed-Confirmed,"2025-04-23 08:11:19",2025-04-23,"2025-04-23 21:58:57",NULL,"2025-05-24 13:16:28",320.02,297.33,270.74,26.59,0.9106,4,1,0,0,13,NULL,31,"Never Reported","Sapphire Preferred",$1K-5K,0,closed,CUS0001706,35-44,"Consumer Banking",MI,"Grand Rapids",6.2,1,0
FRD000005744,"Account Takeover",Unauthorized,0,"Online Banking","credential stuffing","Customer Reported","Fraud Ops",Closed-Confirmed,"2024-02-09 20:20:38",2024-02-09,"2024-02-18 06:34:50","2024-02-19 22:07:11","2024-02-28 21:46:22",2338.34,2338.34,862.80,1475.54,0.3690,4,1,0,0,202,241,19,"4. 7d+","Total Checking",<$1K,1,active,CUS0001648,18-24,"Consumer Banking",NY,"New York",2.4,1,0
FRD000006838,"Zelle/P2P Scam",Authorized,1,"Online Banking","rental deposit","Customer Reported",Claims,Open,"2025-04-15 07:18:05",2025-04-15,"2025-04-15 12:18:55","2025-04-15 14:01:01",NULL,847.26,181.92,20.70,161.22,0.1138,1,0,0,0,5,6,NULL,"1. <24h","Auto Loan",$1K-5K,0,active,CUS0001484,25-34,"Consumer Banking",CA,"San Diego",14.4,1,0
FRD000008791,"Identity Theft/Synthetic",Unauthorized,0,"Online Banking","synthetic identity","ML Model","Fraud Ops","Under Review","2025-07-03 17:48:27",2025-07-03,"2025-08-16 07:23:31","2025-08-20 14:45:43",NULL,10300.88,10300.88,2094.21,8206.67,0.2033,5,1,1,0,1045,1148,NULL,"4. 7d+","Private Client Savings",$1K-5K,1,active,CUS0002083,45-54,"Private Client Banking",FL,Orlando,0.4,1,0
FRD000006729,"Zelle/P2P Scam",Authorized,1,"Online Banking","fake marketplace seller","Customer Reported",Claims,Closed-Confirmed,"2024-08-15 18:52:57",2024-08-15,"2024-08-16 12:29:00","2024-08-16 18:37:49","2024-09-06 00:05:16",1355.65,1355.65,133.36,1222.29,0.0984,6,0,0,0,17,23,21,"1. <24h","Total Checking",$5K-25K,1,active,CUS0000245,45-54,"Consumer Banking",TX,Dallas,8.4,1,0
FRD000008386,"Business Email Compromise",Authorized,1,"Online Banking","closing wire redirect","Customer Reported","Wire Recall",Closed-Confirmed,"2025-10-19 01:17:19",2025-10-19,"2025-10-23 10:40:26","2025-10-23 12:59:53","2025-11-14 04:14:21",50694.13,50694.13,20560.32,30133.81,0.4056,2,1,0,1,105,107,26,"3. 3-7d","Total Checking",$25K-100K,1,active,CUS0002682,45-54,"Consumer Banking",CA,"San Diego",2.2,1,0
FRD000008547,"Identity Theft/Synthetic",Unauthorized,0,"Online Banking",bust-out,"ML Model","Fraud Ops","Under Review","2026-02-21 03:21:12",2026-02-21,"2026-05-08 10:55:00",NULL,NULL,34000.37,34000.37,6566.61,27433.76,0.1931,4,1,0,0,1831,NULL,NULL,"Never Reported","Sapphire Preferred",$5K-25K,0,active,CUS0000826,25-34,"Consumer Banking",MI,"Grand Rapids",1.9,1,1
FRD000002108,Card-Not-Present,Unauthorized,0,"Online Banking","subscription abuse","Merchant Alert","Card Services",Closed-Confirmed,"2024-04-08 05:01:59",2024-04-08,"2024-04-09 01:40:40","2024-04-09 06:58:38","2024-05-26 21:21:21",91.89,91.89,81.17,10.72,0.8833,2,1,1,0,20,25,48,"2. 24-72h","Private Client Savings",$1K-5K,1,active,CUS0000478,18-24,"Private Client Banking",CA,"San Diego",3.9,1,0
FRD000004432,Phishing/Smishing,Unauthorized,1,"Online Banking","fake login page","ML Model","Fraud Ops",Closed-Confirmed,"2026-02-20 13:31:02",2026-02-20,"2026-02-20 19:29:08",NULL,"2026-03-12 07:40:04",4194.99,4194.99,2430.75,1764.24,0.5794,3,1,0,1,5,NULL,19,"Never Reported","Freedom Unlimited",$100K+,0,active,CUS0000144,45-54,"Consumer Banking",FL,Orlando,5.2,1,0
FRD000009667,"Tech Support/Impersonation",Authorized,1,"Online Banking","fake antivirus","Customer Reported",Claims,Closed-Confirmed,"2025-09-24 21:02:59",2025-09-24,"2025-09-26 05:13:23","2025-09-26 18:26:45","2025-10-07 04:08:02",1685.29,602.42,130.20,472.22,0.2161,2,0,0,1,32,45,12,"2. 24-72h","Total Checking",$5K-25K,1,active,CUS0001010,55-64,"Consumer Banking",NJ,Trenton,1.4,1,1
FRD000000834,Card-Not-Present,Unauthorized,0,"Online Banking","subscription abuse","Merchant Alert","Card Services","Under Review","2025-05-17 13:19:08",2025-05-17,"2025-05-18 10:42:01","2025-05-18 19:53:18",NULL,479.51,203.89,203.89,0.00,1.0000,4,1,1,1,21,30,NULL,"2. 24-72h","Business Savings",<$1K,1,active,CUS0000133,25-34,"Financial Banking",KS,"Overland Park",0.8,1,0
FRD000005644,"Account Takeover",Unauthorized,0,"Online Banking","SIM swap","ML Model","Fraud Ops",Closed-Confirmed,"2024-07-20 07:25:32",2024-07-20,"2024-07-25 18:11:04",NULL,"2024-08-13 07:58:01",9110.80,9110.80,3663.83,5446.97,0.4021,2,1,0,1,130,NULL,24,"Never Reported","Freedom Unlimited",$5K-25K,0,active,CUS0002162,35-44,"Consumer Banking",KS,Topeka,4.9,1,0
FRD000008503,"Identity Theft/Synthetic",Unauthorized,0,"Online Banking","stolen SSN","Statement Review","Fraud Ops",Closed-Confirmed,"2025-04-12 18:50:49",2025-04-12,"2025-09-11 07:15:29",NULL,"2025-09-26 16:33:29",3730.15,3730.15,908.38,2821.77,0.2435,3,1,0,0,3636,NULL,166,"Never Reported","Total Checking",$1K-5K,1,active,CUS0000734,35-44,"Consumer Banking",FL,Tampa,5.0,0,0
FRD000009828,"Tech Support/Impersonation",Authorized,1,"Online Banking","bank impersonation","Rules Engine",Claims,Closed-Confirmed,"2024-02-01 04:54:42",2024-02-01,"2024-02-01 23:15:30",NULL,"2024-02-14 07:06:01",5312.25,4061.02,1205.16,2855.86,0.2968,2,0,0,0,18,NULL,13,"Never Reported","Business Checking",$5K-25K,1,active,CUS0001975,35-44,"Financial Banking",PA,Philadelphia,1.1,1,0
FRD000000812,Card-Not-Present,Unauthorized,0,"Online Banking","card testing","ML Model","Card Services",Closed-Confirmed,"2025-06-03 14:30:59",2025-06-03,"2025-06-04 12:31:20","2025-06-05 05:14:11","2025-06-20 18:22:08",169.16,169.16,166.34,2.82,0.9833,3,1,0,0,22,38,17,"2. 24-72h","Premier Savings",$5K-25K,1,active,CUS0002325,25-34,"Consumer Banking",FL,Orlando,6.4,1,0
FRD000008144,"Business Email Compromise",Authorized,1,"Online Banking","CEO impersonation","Customer Reported","Wire Recall",Closed-Confirmed,"2026-01-20 08:59:27",2026-01-20,"2026-01-22 14:50:07","2026-01-22 20:17:51","2026-01-30 03:51:11",38763.41,27342.87,10718.10,16624.77,0.3920,1,0,0,0,53,59,9,"2. 24-72h","Private Client Savings",<$1K,1,active,CUS0000198,25-34,"Private Client Banking",MA,Boston,14.8,0,0
FRD000004174,Phishing/Smishing,Unauthorized,1,"Online Banking","credential harvest","Customer Reported","Fraud Ops",Closed-Confirmed,"2025-05-11 01:19:00",2025-05-11,"2025-05-15 00:13:54","2025-05-15 05:42:08","2025-06-01 03:35:44",9959.69,9959.69,4539.31,5420.38,0.4558,1,1,1,1,94,100,21,"3. 3-7d","Total Checking",$1K-5K,1,active,CUS0000003,25-34,"Consumer Banking",CA,"Los Angeles",0.7,1,0
FRD000006360,"Zelle/P2P Scam",Authorized,1,"Online Banking","rental deposit","Customer Reported",Claims,Closed-Confirmed,"2024-02-18 02:49:37",2024-02-18,"2024-02-18 11:32:42","2024-02-18 18:04:56","2024-02-29 10:03:14",389.91,389.91,49.98,339.93,0.1282,1,0,0,0,8,15,11,"1. <24h","Freedom Unlimited",$5K-25K,0,active,CUS0000084,25-34,"Consumer Banking",NY,Buffalo,6.7,1,0
FRD000007387,"Zelle/P2P Scam",Authorized,1,"Online Banking","ticket resale","Customer Reported",Claims,Closed-Confirmed,"2024-07-26 13:09:24",2024-07-26,"2024-07-26 15:03:07","2024-07-26 22:52:03","2024-08-21 14:49:34",343.21,40.42,5.67,34.75,0.1403,1,0,0,0,1,9,26,"1. <24h","Auto Loan",$25K-100K,0,active,CUS0002106,35-44,"Consumer Banking",TX,Houston,11.5,0,0
FRD000004576,Phishing/Smishing,Unauthorized,1,"Online Banking","fake login page","ML Model","Fraud Ops",Closed-Confirmed,"2025-07-21 20:01:27",2025-07-21,"2025-07-23 11:42:08","2025-07-23 21:54:30","2025-08-01 19:49:34",940.61,855.91,439.73,416.18,0.5138,2,1,0,1,39,49,10,"2. 24-72h","Total Checking",$1K-5K,1,active,CUS0000842,25-34,"Consumer Banking",TX,Houston,0.7,1,0
FRD000005787,"Account Takeover",Unauthorized,0,"Online Banking","session hijack","Rules Engine","Fraud Ops",Closed-Confirmed,"2024-02-08 01:01:56",2024-02-08,"2024-02-14 21:50:01","2024-02-16 05:42:30","2024-03-29 22:01:20",20098.49,20098.49,7656.31,12442.18,0.3809,4,1,0,1,164,196,50,"4. 7d+","Business Savings",$5K-25K,1,active,CUS0000700,65+,"Financial Banking",TX,Dallas,2.7,1,0
FRD000006181,"Zelle/P2P Scam",Authorized,1,"Online Banking","fake marketplace seller","Customer Reported",Claims,Closed-Confirmed,"2024-10-15 17:18:16",2024-10-15,"2024-10-15 20:54:50","2024-10-16 08:25:34","2024-10-29 03:29:22",574.38,574.38,78.94,495.44,0.1374,1,0,0,0,3,15,13,"1. <24h","Freedom Unlimited",<$1K,0,active,CUS0002066,55-64,"Consumer Banking",TX,Austin,4.0,1,0
FRD000006819,"Zelle/P2P Scam",Authorized,1,"Online Banking","fake marketplace seller","Customer Reported",Claims,"Closed-No Fraud","2024-06-20 17:06:19",2024-06-20,"2024-06-20 23:58:33","2024-06-21 12:46:21","2024-07-03 22:38:04",1603.43,0.00,0.00,0.00,NULL,1,0,0,0,6,19,13,"1. <24h","Premier Savings",<$1K,1,active,CUS0000470,55-64,"Consumer Banking",CA,"Los Angeles",10.5,1,0
FRD000005894,"Account Takeover",Unauthorized,0,"Online Banking","credential stuffing","ML Model","Fraud Ops",Closed-Confirmed,"2025-09-03 10:11:04",2025-09-03,"2025-09-13 04:18:57",NULL,"2025-09-22 12:26:53",5987.77,5987.77,2294.06,3693.71,0.3831,4,1,0,0,234,NULL,19,"Never Reported","Freedom Unlimited",$1K-5K,0,active,CUS0000920,35-44,"Consumer Banking",MA,Worcester,3.4,1,0
FRD000002523,Card-Not-Present,Unauthorized,0,"Online Banking","card testing","Rules Engine","Card Services",Closed-Confirmed,"2024-01-10 15:50:23",2024-01-10,"2024-01-10 20:24:02",NULL,"2024-02-03 22:54:42",80.53,80.53,64.13,16.40,0.7963,4,1,0,1,4,NULL,24,"Never Reported","Sapphire Preferred",$1K-5K,0,active,CUS0001462,35-44,"Consumer Banking",PA,Harrisburg,1.0,1,0
FRD000002034,Card-Not-Present,Unauthorized,0,"Online Banking","online retail","ML Model","Card Services",Closed-Confirmed,"2025-05-04 10:10:49",2025-05-04,"2025-05-05 04:16:44","2025-05-05 06:00:12","2025-05-16 16:53:35",970.01,517.34,369.44,147.90,0.7141,2,1,1,0,18,19,12,"1. <24h","Premier Savings",$5K-25K,1,active,CUS0000684,25-34,"Consumer Banking",CA,"San Francisco",0.8,1,0
FRD000001366,Card-Not-Present,Unauthorized,0,"Online Banking","subscription abuse","ML Model","Card Services",Closed-Confirmed,"2024-11-27 22:41:16",2024-11-27,"2024-11-28 12:48:44",NULL,"2024-12-03 06:16:12",329.72,58.17,58.17,0.00,1.0000,2,1,0,0,14,NULL,5,"Never Reported","Premier Savings",$5K-25K,1,active,CUS0002960,35-44,"Consumer Banking",WA,Tacoma,1.6,1,1
FRD000004192,Phishing/Smishing,Unauthorized,1,"Online Banking","SMS link","Customer Reported","Fraud Ops",Closed-Confirmed,"2024-08-16 11:41:28",2024-08-16,"2024-08-19 04:58:58","2024-08-20 10:03:56","2024-08-28 16:09:07",957.71,957.71,633.83,323.88,0.6618,4,1,1,0,65,94,12,"3. 3-7d","Premier Savings",$1K-5K,1,active,CUS0001065,35-44,"Consumer Banking",CA,"Los Angeles",0.2,1,0
FRD000008541,"Identity Theft/Synthetic",Unauthorized,0,"Online Banking","stolen SSN","Statement Review","Fraud Ops",Closed-Confirmed,"2024-01-28 09:59:52",2024-01-28,"2024-03-15 01:29:21","2024-03-16 12:12:14","2024-03-26 15:01:25",1531.24,1531.24,276.85,1254.39,0.1808,5,1,0,1,1119,1154,58,"4. 7d+","Sapphire Preferred",$25K-100K,0,active,CUS0001388,55-64,"Consumer Banking",CA,"San Diego",2.7,1,0
FRD000004680,Phishing/Smishing,Unauthorized,1,"Online Banking","credential harvest","ML Model","Fraud Ops",Closed-Confirmed,"2024-04-13 04:18:11",2024-04-13,"2024-04-14 13:15:20",NULL,"2024-05-02 10:28:49",4151.48,4151.48,1941.70,2209.78,0.4677,1,1,0,0,32,NULL,19,"Never Reported","Total Checking",<$1K,1,active,CUS0000966,18-24,"Consumer Banking",TX,Dallas,2.1,0,0
FRD000008186,"Business Email Compromise",Authorized,1,"Online Banking","closing wire redirect","ML Model","Wire Recall",Closed-Confirmed,"2025-01-10 09:09:04",2025-01-10,"2025-01-12 06:25:30",NULL,"2025-01-28 19:54:48",445082.18,445082.18,128635.16,316447.02,0.2890,1,0,0,1,45,NULL,18,"Never Reported","Total Checking",$1K-5K,1,active,CUS0001141,25-34,"Consumer Banking",CA,"San Francisco",10.4,1,1
FRD000006920,"Zelle/P2P Scam",Authorized,1,"Online Banking","fake marketplace seller","Customer Reported",Claims,Closed-Confirmed,"2026-03-10 11:49:14",2026-03-10,"2026-03-11 00:23:44","2026-03-11 07:26:55","2026-03-23 03:13:43",1402.99,725.80,108.98,616.82,0.1502,3,0,0,0,12,19,12,"1. <24h","Freedom Unlimited",$25K-100K,0,active,CUS0002295,45-54,"Consumer Banking",KS,Topeka,9.2,1,3
FRD000004353,Phishing/Smishing,Unauthorized,1,"Online Banking","credential harvest","ML Model","Fraud Ops",Closed-Confirmed,"2024-10-08 12:41:11",2024-10-08,"2024-10-13 13:09:40",NULL,"2024-11-29 21:05:11",3849.93,3849.93,2126.46,1723.47,0.5523,3,1,0,0,120,NULL,52,"Never Reported","Premier Savings",$1K-5K,1,active,CUS0001438,25-34,"Consumer Banking",WA,Tacoma,4.0,1,1
FRD000001768,Card-Not-Present,Unauthorized,0,"Online Banking","online retail","Rules Engine","Card Services",Closed-Confirmed,"2026-06-07 15:41:37",2026-06-07,"2026-06-08 00:24:14",NULL,"2026-06-21 19:46:01",116.33,116.33,86.59,29.74,0.7443,1,1,0,0,8,NULL,14,"Never Reported","Auto Loan",<$1K,0,active,CUS0000837,45-54,"Consumer Banking",FL,Miami,10.9,0,0
FRD000005514,"Account Takeover",Unauthorized,0,"Online Banking","credential stuffing","ML Model","Fraud Ops",Closed-Confirmed,"2024-06-08 20:22:31",2024-06-08,"2024-06-12 22:52:11","2024-06-13 04:09:59","2024-06-16 01:08:03",4513.76,4513.76,2372.84,2140.92,0.5257,2,1,1,0,98,103,7,"3. 3-7d","Sapphire Preferred",$5K-25K,0,active,CUS0000425,55-64,"Consumer Banking",PA,Philadelphia,1.5,1,0
FRD000009839,"Tech Support/Impersonation",Authorized,1,"Online Banking","refund overpayment","Rules Engine",Claims,Closed-Confirmed,"2026-04-01 02:54:53",2026-04-01,"2026-04-02 10:10:44","2026-04-02 19:20:27","2026-04-15 23:36:35",438.11,438.11,128.51,309.60,0.2933,2,0,0,0,31,40,14,"2. 24-72h","Freedom Unlimited",$1K-5K,0,active,CUS0001178,65+,"Consumer Banking",TX,Austin,2.3,0,0
FRD000004433,Phishing/Smishing,Unauthorized,1,"Online Banking","fake login page","ML Model","Fraud Ops",Closed-Confirmed,"2024-07-01 22:25:09",2024-07-01,"2024-07-03 21:28:00","2024-07-04 23:32:11","2024-07-09 05:12:31",3279.72,3279.72,1769.09,1510.63,0.5394,1,1,1,0,47,73,7,"3. 3-7d","Total Checking",$1K-5K,1,active,CUS0000630,25-34,"Consumer Banking",FL,Tampa,1.3,0,0
FRD000005325,"Account Takeover",Unauthorized,0,"Online Banking","credential stuffing","ML Model","Fraud Ops",Closed-Confirmed,"2025-06-20 17:49:08",2025-06-20,"2025-06-24 07:28:21",NULL,"2025-07-08 07:36:01",2127.67,2127.67,804.97,1322.70,0.3783,3,1,0,0,85,NULL,17,"Never Reported","Premier Savings",$100K+,1,active,CUS0001302,35-44,"Consumer Banking",FL,Miami,4.9,1,0
FRD000002713,Card-Not-Present,Unauthorized,0,"Online Banking","subscription abuse","Rules Engine","Card Services",Closed-Confirmed,"2025-11-16 00:04:54",2025-11-16,"2025-11-16 15:57:40","2025-11-17 01:21:34","2025-11-23 23:17:29",432.82,240.76,171.15,69.61,0.7109,1,1,0,0,15,25,7,"2. 24-72h","Auto Loan",<$1K,0,active,CUS0000605,45-54,"Consumer Banking",NJ,Newark,0.3,1,0
FRD000006576,"Zelle/P2P Scam",Authorized,1,"Online Banking","utility impersonation","Customer Reported",Claims,Closed-Confirmed,"2024-03-05 23:15:57",2024-03-05,"2024-03-06 06:22:51","2024-03-06 22:42:51","2024-03-16 04:58:21",5809.96,5108.58,452.68,4655.90,0.0886,3,0,0,0,7,23,10,"1. <24h","Sapphire Preferred",$1K-5K,0,active,CUS0002387,65+,"Consumer Banking",CA,"San Francisco",0.3,1,0
FRD000009048,"Identity Theft/Synthetic",Unauthorized,0,"Online Banking","synthetic identity","Statement Review","Fraud Ops",Closed-Confirmed,"2024-10-04 08:07:48",2024-10-04,"2025-03-22 12:45:17",NULL,"2025-04-22 15:46:49",367.78,367.78,55.68,312.10,0.1514,1,1,0,0,4060,NULL,200,"Never Reported","Total Checking",$1K-5K,1,closed,CUS0000399,65+,"Consumer Banking",TX,Austin,1.3,1,0
FRD000002127,Card-Not-Present,Unauthorized,0,"Online Banking","subscription abuse","Rules Engine","Card Services",Closed-Confirmed,"2025-02-02 18:22:56",2025-02-02,"2025-02-04 02:35:17","2025-02-04 09:49:38","2025-02-07 15:30:13",437.73,437.73,364.93,72.80,0.8337,2,1,1,0,32,39,4,"2. 24-72h","Freedom Unlimited",$1K-5K,0,active,CUS0002922,65+,"Consumer Banking",CA,"Los Angeles",4.5,0,0
FRD000001249,Card-Not-Present,Unauthorized,0,"Online Banking","card testing","Customer Reported","Card Services",Closed-Confirmed,"2026-04-16 12:49:09",2026-04-16,"2026-04-17 13:03:55","2026-04-17 18:48:40","2026-05-01 01:02:54",616.65,616.65,451.42,165.23,0.7321,3,1,1,0,24,29,14,"2. 24-72h","Private Client Savings",$1K-5K,1,active,CUS0000395,35-44,"Private Client Banking",KS,Topeka,8.0,0,2
FRD000000174,Card-Not-Present,Unauthorized,0,"Online Banking","subscription abuse","ML Model","Card Services",Closed-Confirmed,"2024-10-28 16:56:56",2024-10-28,"2024-10-29 18:19:03",NULL,"2024-11-14 23:25:32",81.25,81.25,75.03,6.22,0.9234,1,1,0,0,25,NULL,17,"Never Reported","Auto Loan",<$1K,0,closed,CUS0002193,35-44,"Consumer Banking",FL,Miami,0.3,1,0
FRD000005149,"Account Takeover",Unauthorized,0,"Online Banking","credential stuffing","Rules Engine","Fraud Ops",Closed-Confirmed,"2025-11-23 18:29:23",2025-11-23,"2025-12-04 04:47:34",NULL,"2025-12-25 03:38:24",3748.49,680.68,252.85,427.83,0.3715,4,1,0,1,250,NULL,31,"Never Reported","Premier Savings",$5K-25K,1,active,CUS0000704,65+,"Consumer Banking",KS,Topeka,0.8,1,0
FRD000008207,"Business Email Compromise",Authorized,1,"Online Banking","CEO impersonation","Customer Reported","Wire Recall",Closed-Confirmed,"2024-10-12 14:08:22",2024-10-12,"2024-10-18 00:46:56","2024-10-18 02:48:49","2024-10-28 07:00:38",30885.30,30885.30,13603.29,17282.01,0.4404,1,0,0,1,130,132,15,"3. 3-7d","Auto Loan",<$1K,0,active,CUS0001222,45-54,"Consumer Banking",NJ,Newark,6.7,1,0
FRD000000885,Card-Not-Present,Unauthorized,0,"Online Banking","digital wallet","Customer Reported","Card Services",Closed-Confirmed,"2025-07-08 12:24:23",2025-07-08,"2025-07-09 02:36:00","2025-07-09 13:52:25","2025-07-23 23:52:06",176.41,176.41,168.80,7.61,0.9569,2,1,1,0,14,25,15,"2. 24-72h","Freedom Unlimited",<$1K,0,active,CUS0001702,35-44,"Consumer Banking",KS,Topeka,26.8,0,0
FRD000001070,Card-Not-Present,Unauthorized,0,"Online Banking","subscription abuse","Rules Engine","Card Services",Closed-Confirmed,"2026-05-16 17:42:47",2026-05-16,"2026-05-16 19:23:41","2026-05-16 23:23:40","2026-06-07 06:48:45",419.69,244.65,231.95,12.70,0.9481,3,1,1,0,1,5,21,"1. <24h","Freedom Unlimited",$1K-5K,0,active,CUS0002044,45-54,"Consumer Banking",CA,"San Francisco",8.6,1,0
FRD000005241,"Account Takeover",Unauthorized,0,"Online Banking","credential stuffing","Customer Reported","Fraud Ops",Closed-Confirmed,"2026-01-05 00:24:03",2026-01-05,"2026-01-05 19:32:34","2026-01-06 14:48:35","2026-01-24 07:14:09",8404.48,8404.48,3349.44,5055.04,0.3985,1,1,1,0,19,38,19,"2. 24-72h","Freedom Unlimited",$5K-25K,0,active,CUS0000832,65+,"Consumer Banking",TX,Dallas,2.0,0,1
FRD000009098,"Identity Theft/Synthetic",Unauthorized,0,"Online Banking","new account fraud","Statement Review","Fraud Ops","Closed-No Fraud","2026-01-07 03:14:38",2026-01-07,"2026-03-22 23:33:03","2026-03-24 16:53:14","2026-04-07 07:26:02",8739.48,0.00,0.00,0.00,NULL,3,0,0,0,1796,1837,90,"4. 7d+","Sapphire Preferred",$1K-5K,0,active,CUS0000523,45-54,"Consumer Banking",FL,Tampa,0.9,1,0
FRD000008248,"Business Email Compromise",Authorized,1,"Online Banking","CEO impersonation","Customer Reported","Wire Recall",Closed-Confirmed,"2025-05-08 19:06:13",2025-05-08,"2025-05-13 06:54:55","2025-05-14 10:20:07","2025-05-22 22:11:49",90710.42,90710.42,16586.51,74123.91,0.1829,1,0,0,1,107,135,14,"3. 3-7d","Sapphire Preferred",$25K-100K,0,active,CUS0000377,25-34,"Consumer Banking",TX,Houston,6.4,1,0
FRD000009015,"Identity Theft/Synthetic",Unauthorized,0,"Online Banking","stolen SSN","ML Model","Fraud Ops",Closed-Confirmed,"2025-11-29 12:13:08",2025-11-29,"2026-02-18 23:34:59",NULL,"2026-04-02 13:26:14",51972.46,51972.46,11796.48,40175.98,0.2270,3,1,0,0,1955,NULL,124,"Never Reported","Premier Savings",<$1K,1,active,CUS0002094,35-44,"Consumer Banking",KS,"Overland Park",4.8,1,0
FRD000001195,Card-Not-Present,Unauthorized,0,"Online Banking","subscription abuse","Rules Engine","Card Services",Closed-Confirmed,"2025-05-22 05:08:55",2025-05-22,"2025-05-23 02:19:21","2025-05-23 07:34:08","2025-06-07 02:47:53",72.41,72.41,61.15,11.26,0.8445,5,1,1,0,21,26,15,"2. 24-72h","Financial Investment Account",$1K-5K,0,active,CUS0000560,25-34,"Private Client Banking",NJ,Trenton,0.8,1,0
FRD000007172,"Zelle/P2P Scam",Authorized,1,"Online Banking","rental deposit","Customer Reported",Claims,Closed-Confirmed,"2024-11-08 11:15:36",2024-11-08,"2024-11-08 17:47:26","2024-11-09 04:39:21","2024-12-10 01:39:38",1706.05,1206.70,163.84,1042.86,0.1358,1,0,0,0,6,17,31,"1. <24h","Premier Savings",$25K-100K,1,active,CUS0000397,35-44,"Consumer Banking",KS,Wichita,0.4,1,0
FRD000005032,"Account Takeover",Unauthorized,0,"Online Banking","session hijack","Customer Reported","Fraud Ops",Closed-Confirmed,"2025-12-18 16:48:55",2025-12-18,"2025-12-20 22:00:30","2025-12-21 01:47:07","2026-01-03 08:42:45",1459.72,1459.72,707.09,752.63,0.4844,4,0,0,1,53,56,15,"2. 24-72h","Freedom Unlimited",$25K-100K,0,active,CUS0000718,18-24,"Consumer Banking",MI,"Grand Rapids",12.0,0,1
FRD000006767,"Zelle/P2P Scam",Authorized,1,"Online Banking","ticket resale","Customer Reported",Claims,Closed-Confirmed,"2025-11-04 19:25:16",2025-11-04,"2025-11-05 06:09:22","2025-11-05 17:23:41","2025-11-20 00:07:19",2481.98,2481.98,319.60,2162.38,0.1288,2,0,0,0,10,21,15,"1. <24h","Business Checking",$5K-25K,1,active,CUS0002194,25-34,"Financial Banking",TX,Austin,5.8,1,0
FRD000005305,"Account Takeover",Unauthorized,0,"Online Banking","session hijack","Customer Reported","Fraud Ops",Closed-Confirmed,"2025-01-12 03:56:18",2025-01-12,"2025-01-20 09:37:09","2025-01-21 10:54:44","2025-02-01 02:37:27",5241.95,5241.95,2004.41,3237.54,0.3824,1,1,1,0,197,222,19,"4. 7d+","Premier Savings",$5K-25K,1,active,CUS0002815,45-54,"Consumer Banking",FL,Miami,29.4,0,0
FRD000006400,"Zelle/P2P Scam",Authorized,1,"Online Banking","fake marketplace seller","Customer Reported",Claims,"Under Review","2025-11-13 02:24:10",2025-11-13,"2025-11-13 06:48:24","2025-11-14 11:03:25",NULL,823.45,214.57,24.24,190.33,0.1130,1,0,0,0,4,32,NULL,"2. 24-72h","Premier Savings",$1K-5K,1,active,CUS0002926,18-24,"Consumer Banking",CA,"San Francisco",2.2,1,0
FRD000008175,"Business Email Compromise",Authorized,1,"Online Banking","payroll diversion","Customer Reported","Wire Recall",Closed-Confirmed,"2024-08-15 10:37:29",2024-08-15,"2024-08-18 15:47:59","2024-08-18 22:33:08","2024-09-02 22:39:27",183568.66,170495.01,65079.37,105415.64,0.3817,1,0,0,1,77,83,18,"3. 3-7d","Auto Loan",$100K+,0,active,CUS0000859,45-54,"Consumer Banking",CA,"San Francisco",6.2,1,0
FRD000000430,Card-Not-Present,Unauthorized,0,"Online Banking","online retail","Merchant Alert","Card Services","Closed-No Fraud","2025-05-29 19:31:00",2025-05-29,"2025-05-30 04:15:51","2025-05-30 17:11:07","2025-06-12 12:13:17",290.06,0.00,0.00,0.00,NULL,2,0,0,0,8,21,13,"1. <24h","Freedom Unlimited",<$1K,0,active,CUS0000022,35-44,"Consumer Banking",CA,"San Diego",1.9,1,0
FRD000009865,"Tech Support/Impersonation",Authorized,1,"Online Banking","bank impersonation","Customer Reported",Claims,"Closed-No Fraud","2024-05-25 16:21:39",2024-05-25,"2024-05-27 20:18:10","2024-05-28 12:48:45","2024-06-17 15:54:46",11567.84,0.00,0.00,0.00,NULL,2,0,0,0,51,68,22,"2. 24-72h","Total Checking",$100K+,1,active,CUS0000065,18-24,"Consumer Banking",TX,Houston,1.5,1,0
FRD000004261,Phishing/Smishing,Unauthorized,1,"Online Banking","SMS link","Rules Engine","Fraud Ops",Closed-Confirmed,"2024-05-06 14:25:51",2024-05-06,"2024-05-08 17:37:44","2024-05-09 10:10:40","2024-05-26 08:08:03",3871.19,1004.15,578.91,425.24,0.5765,1,1,1,0,51,67,19,"2. 24-72h","Freedom Unlimited",$1K-5K,0,active,CUS0001171,18-24,"Consumer Banking",PA,Pittsburgh,3.4,1,0
FRD000004169,Phishing/Smishing,Unauthorized,1,"Online Banking","fake login page","Customer Reported","Fraud Ops",Closed-Confirmed,"2024-05-12 19:53:51",2024-05-12,"2024-05-17 19:39:20","2024-05-18 03:15:46","2024-05-27 13:04:02",1922.02,1251.71,579.41,672.30,0.4629,3,1,1,0,119,127,14,"3. 3-7d","Premier Savings",$100K+,1,active,CUS0000247,55-64,"Consumer Banking",TX,Houston,1.8,0,2
FRD000005339,"Account Takeover",Unauthorized,0,"Online Banking","credential stuffing","ML Model","Fraud Ops",Closed-Confirmed,"2025-06-28 05:19:27",2025-06-28,"2025-06-29 04:19:21",NULL,"2025-07-01 05:06:55",2872.23,1044.03,439.71,604.32,0.4212,1,1,0,0,22,NULL,2,"Never Reported","Auto Loan",$1K-5K,0,active,CUS0001129,35-44,"Consumer Banking",TX,Austin,11.3,1,0
FRD000008311,"Business Email Compromise",Authorized,1,"Online Banking","CEO impersonation","Rules Engine","Wire Recall",Closed-Confirmed,"2024-07-25 00:05:28",2024-07-25,"2024-07-30 07:44:52","2024-07-30 19:03:09","2024-08-26 17:31:27",256975.15,256975.15,85147.02,171828.13,0.3313,1,0,0,0,127,138,32,"3. 3-7d","Freedom Unlimited",$25K-100K,0,active,CUS0001148,35-44,"Consumer Banking",MI,Lansing,9.5,1,0
FRD000006529,"Zelle/P2P Scam",Authorized,1,"Online Banking","rental deposit","Customer Reported",Claims,Closed-Confirmed,"2024-04-12 19:45:52",2024-04-12,"2024-04-12 21:14:58","2024-04-13 12:05:58","2024-05-21 09:01:24",1728.52,1728.52,155.11,1573.41,0.0897,1,0,0,0,1,16,38,"1. <24h","Total Checking",<$1K,1,active,CUS0002463,55-64,"Consumer Banking",TX,Dallas,23.2,1,0
FRD000004290,Phishing/Smishing,Unauthorized,1,"Online Banking","SMS link","ML Model","Fraud Ops",Open,"2025-12-19 16:25:15",2025-12-19,"2025-12-25 15:19:30","2025-12-25 17:11:19",NULL,734.53,319.33,217.34,101.99,0.6806,5,1,0,0,142,144,NULL,"3. 3-7d","Business Savings",<$1K,1,active,CUS0000904,25-34,"Financial Banking",MI,Lansing,2.3,1,0
FRD000001632,Card-Not-Present,Unauthorized,0,"Online Banking","subscription abuse","ML Model","Card Services",Closed-Confirmed,"2025-02-03 19:02:47",2025-02-03,"2025-02-04 14:26:50","2025-02-04 18:18:24","2025-02-22 10:34:29",341.90,341.90,341.90,0.00,1.0000,4,1,1,1,19,23,18,"1. <24h","Premier Savings",<$1K,1,active,CUS0002792,35-44,"Consumer Banking",KS,Wichita,21.3,1,0
FRD000007292,"Zelle/P2P Scam",Authorized,1,"Online Banking","fake marketplace seller","Customer Reported",Claims,"Closed-No Fraud","2025-04-11 15:28:17",2025-04-11,"2025-04-12 04:16:58","2025-04-12 21:08:06","2025-04-30 09:40:00",5490.31,0.00,0.00,0.00,NULL,1,0,0,0,12,29,18,"2. 24-72h","Freedom Unlimited",$5K-25K,0,active,CUS0002491,25-34,"Consumer Banking",NY,"New York",5.9,1,0
FRD000002949,Card-Not-Present,Unauthorized,0,"Online Banking","card testing","ML Model","Card Services",Closed-Confirmed,"2024-11-20 00:32:15",2024-11-20,"2024-11-21 01:48:11",NULL,"2024-12-05 02:46:20",179.14,179.14,151.52,27.62,0.8458,2,1,0,1,25,NULL,15,"Never Reported","Total Checking",<$1K,1,active,CUS0002604,35-44,"Consumer Banking",TX,Houston,8.0,1,0
FRD000006987,"Zelle/P2P Scam",Authorized,1,"Online Banking","rental deposit","Customer Reported",Claims,Open,"2025-02-10 02:55:40",2025-02-10,"2025-02-10 10:49:52","2025-02-10 14:38:26",NULL,196.43,196.43,27.41,169.02,0.1395,1,0,0,0,7,11,NULL,"1. <24h","Sapphire Preferred",$5K-25K,0,active,CUS0000425,55-64,"Consumer Banking",PA,Philadelphia,1.5,1,0
FRD000006274,"Zelle/P2P Scam",Authorized,1,"Online Banking","ticket resale","Customer Reported",Claims,Closed-Confirmed,"2024-02-25 16:58:36",2024-02-25,"2024-02-26 10:43:46","2024-02-26 11:55:01","2024-04-22 06:12:59",1374.95,1374.95,145.04,1229.91,0.1055,3,0,0,0,17,18,56,"1. <24h","Freedom Unlimited",$1K-5K,0,active,CUS0001626,25-34,"Consumer Banking",WA,Seattle,0.1,1,0
FRD000009754,"Tech Support/Impersonation",Authorized,1,"Online Banking","refund overpayment","Rules Engine",Claims,Closed-Confirmed,"2024-12-26 04:42:33",2024-12-26,"2024-12-26 21:45:42",NULL,"2025-01-14 02:57:12",9982.00,9982.00,2296.41,7685.59,0.2301,3,0,0,0,17,NULL,18,"Never Reported","Premier Savings",$1K-5K,1,active,CUS0002656,35-44,"Consumer Banking",KS,Topeka,28.0,0,0
FRD000004470,Phishing/Smishing,Unauthorized,1,"Online Banking","QR code","Rules Engine","Fraud Ops",Closed-Confirmed,"2026-04-23 04:16:46",2026-04-23,"2026-04-29 03:15:09","2026-05-01 07:08:18","2026-05-06 10:05:37",575.38,575.38,318.91,256.47,0.5543,1,1,1,0,142,194,13,"4. 7d+","Sapphire Preferred",$5K-25K,0,active,CUS0000004,18-24,"Consumer Banking",KS,"Overland Park",0.8,1,2
FRD000008893,"Identity Theft/Synthetic",Unauthorized,0,"Online Banking","synthetic identity","Statement Review","Fraud Ops",Closed-Confirmed,"2024-08-23 12:51:04",2024-08-23,"2025-01-19 16:49:53",NULL,"2025-02-11 10:06:29",25215.86,25215.86,3808.07,21407.79,0.1510,2,1,0,0,3579,NULL,171,"Never Reported","Premier Savings",<$1K,1,closed,CUS0001263,25-34,"Consumer Banking",MA,Worcester,1.7,1,0
FRD000005884,"Account Takeover",Unauthorized,0,"Online Banking","password reset abuse","ML Model","Fraud Ops",Closed-Confirmed,"2024-01-25 17:42:22",2024-01-25,"2024-01-31 03:27:51",NULL,"2024-02-04 17:10:17",16716.88,16716.88,9396.81,7320.07,0.5621,1,1,0,1,129,NULL,9,"Never Reported","Private Client Checking",<$1K,1,active,CUS0001330,25-34,"Private Client Banking",WA,Seattle,1.2,1,0
FRD000008295,"Business Email Compromise",Authorized,1,"Online Banking","payroll diversion","Rules Engine","Wire Recall",Closed-Confirmed,"2025-12-30 23:03:18",2025-12-30,"2026-01-06 16:26:38","2026-01-07 07:00:07","2026-01-31 14:18:42",15886.82,15886.82,5665.76,10221.06,0.3566,1,0,0,1,161,175,31,"4. 7d+","Business Savings",$25K-100K,1,active,CUS0000077,35-44,"Financial Banking",CA,"Los Angeles",3.5,1,0
FRD000000311,Card-Not-Present,Unauthorized,0,"Online Banking","online retail","Rules Engine","Card Services",Closed-Confirmed,"2024-01-05 04:08:58",2024-01-05,"2024-01-06 03:17:09","2024-01-06 23:04:45","2024-01-31 13:04:16",42.67,42.67,41.56,1.11,0.9740,1,1,0,0,23,42,26,"2. 24-72h","Freedom Unlimited",$100K+,0,active,CUS0001539,18-24,"Consumer Banking",NY,"New York",5.9,1,0
FRD000002028,Card-Not-Present,Unauthorized,0,"Online Banking","digital wallet","ML Model","Card Services","Closed-No Fraud","2026-01-11 05:18:51",2026-01-11,"2026-01-12 18:09:05","2026-01-12 21:07:46","2026-01-25 22:06:21",424.35,0.00,0.00,0.00,NULL,2,0,0,0,36,39,14,"2. 24-72h","Financial Investment Account",$1K-5K,0,restricted,CUS0001355,25-34,"Private Client Banking",MI,Lansing,12.1,1,0
FRD000005335,"Account Takeover",Unauthorized,0,"Online Banking","credential stuffing","ML Model","Fraud Ops",Closed-Confirmed,"2024-12-13 09:16:42",2024-12-13,"2024-12-16 20:48:30",NULL,"2025-02-01 00:36:40",5078.42,5078.42,2441.66,2636.76,0.4808,3,1,0,1,83,NULL,49,"Never Reported","Premier Savings",<$1K,1,active,CUS0001500,45-54,"Consumer Banking",FL,Orlando,11.7,1,1
FRD000008958,"Identity Theft/Synthetic",Unauthorized,0,"Online Banking",bust-out,"Statement Review","Fraud Ops",Closed-Confirmed,"2025-12-03 23:07:02",2025-12-03,"2026-08-10 03:59:53","2026-08-11 22:32:42","2026-08-28 23:49:01",714.34,95.02,18.94,76.08,0.1993,4,1,1,0,5980,6023,268,"4. 7d+","Private Client Checking",<$1K,1,active,CUS0000360,65+,"Private Client Banking",CA,"Los Angeles",4.9,0,0
FRD000002286,Card-Not-Present,Unauthorized,0,"Online Banking","card testing","Customer Reported","Card Services",Open,"2025-07-16 18:47:42",2025-07-16,"2025-07-17 13:20:45","2025-07-18 00:45:24",NULL,270.39,270.39,269.38,1.01,0.9963,2,1,0,0,18,29,NULL,"2. 24-72h","Freedom Unlimited",$25K-100K,0,active,CUS0002295,45-54,"Consumer Banking",KS,Topeka,9.2,1,3
FRD000006128,"Zelle/P2P Scam",Authorized,1,"Online Banking","utility impersonation","Customer Reported",Claims,Closed-Confirmed,"2024-07-08 14:59:37",2024-07-08,"2024-07-08 21:51:54","2024-07-09 04:00:34","2024-07-24 00:50:54",1014.27,1014.27,121.86,892.41,0.1201,1,0,0,0,6,13,15,"1. <24h","Premier Savings",<$1K,1,active,CUS0001321,55-64,"Consumer Banking",NY,Buffalo,2.9,1,0
FRD000002260,Card-Not-Present,Unauthorized,0,"Online Banking","digital wallet","Merchant Alert","Card Services",Closed-Confirmed,"2025-02-21 00:35:33",2025-02-21,"2025-02-21 07:09:55",NULL,"2025-03-13 00:19:07",87.30,15.33,15.33,0.00,1.0000,1,1,0,0,6,NULL,19,"Never Reported","Auto Loan",$5K-25K,0,active,CUS0001713,35-44,"Consumer Banking",NJ,Newark,8.6,1,0
FRD000005075,"Account Takeover",Unauthorized,0,"Online Banking","password reset abuse","Customer Reported","Fraud Ops",Closed-Confirmed,"2025-12-11 15:26:14",2025-12-11,"2025-12-13 14:01:16","2025-12-14 20:12:05","2025-12-30 18:40:44",1587.96,1078.86,481.16,597.70,0.4460,2,1,1,0,46,76,19,"3. 3-7d","Auto Loan",$1K-5K,0,active,CUS0001272,55-64,"Consumer Banking",NY,Buffalo,3.2,1,0
FRD000008243,"Business Email Compromise",Authorized,1,"Online Banking","payroll diversion","Customer Reported","Wire Recall",Closed-Confirmed,"2024-05-08 13:10:02",2024-05-08,"2024-05-10 06:24:14","2024-05-10 09:49:05","2024-05-18 05:24:40",11423.50,11423.50,5645.51,5777.99,0.4942,1,0,0,0,41,44,9,"2. 24-72h","Auto Loan",<$1K,0,closed,CUS0000094,65+,"Consumer Banking",KS,"Overland Park",2.2,1,0
FRD000005533,"Account Takeover",Unauthorized,0,"Online Banking","session hijack","Customer Reported","Fraud Ops",Closed-Confirmed,"2024-06-24 20:38:41",2024-06-24,"2024-06-29 06:20:18","2024-06-29 14:38:38","2024-07-16 20:50:52",460.28,460.28,223.70,236.58,0.4860,3,1,1,0,105,113,22,"3. 3-7d","Freedom Unlimited",$1K-5K,0,active,CUS0000740,55-64,"Consumer Banking",CA,"San Diego",6.7,1,2
FRD000001297,Card-Not-Present,Unauthorized,0,"Online Banking","card testing","Merchant Alert","Card Services",Closed-Confirmed,"2024-02-03 09:11:52",2024-02-03,"2024-02-04 01:16:51","2024-02-04 19:05:24","2024-02-09 09:32:07",116.82,116.82,90.01,26.81,0.7705,1,1,1,0,16,33,6,"2. 24-72h","Auto Loan",<$1K,0,active,CUS0000234,35-44,"Consumer Banking",CA,"San Diego",11.3,1,0
FRD000005203,"Account Takeover",Unauthorized,0,"Online Banking","session hijack","Rules Engine","Fraud Ops",Closed-Confirmed,"2024-06-03 17:58:54",2024-06-03,"2024-06-10 18:31:22","2024-06-11 12:58:44","2024-06-19 11:11:41",7825.63,3243.45,1229.44,2014.01,0.3791,2,0,0,0,168,186,15,"4. 7d+","Auto Loan",$1K-5K,0,active,CUS0000196,25-34,"Consumer Banking",TX,Dallas,10.4,1,0
FRD000000654,Card-Not-Present,Unauthorized,0,"Online Banking","card testing","Rules Engine","Card Services","Under Review","2024-07-28 18:39:47",2024-07-28,"2024-07-29 18:02:27",NULL,NULL,668.66,173.76,131.40,42.36,0.7562,1,1,0,0,23,NULL,NULL,"Never Reported","Business Checking",$25K-100K,1,active,CUS0002609,25-34,"Financial Banking",TX,Houston,4.5,1,0
FRD000004872,Phishing/Smishing,Unauthorized,1,"Online Banking","SMS link","Customer Reported","Fraud Ops",Closed-Confirmed,"2025-09-24 21:37:30",2025-09-24,"2025-09-26 05:52:02","2025-09-26 12:27:58","2025-10-12 02:22:27",1956.96,1956.96,1332.35,624.61,0.6808,2,1,0,0,32,38,17,"2. 24-72h","Auto Loan",$25K-100K,0,active,CUS0000365,35-44,"Consumer Banking",KS,Topeka,8.5,1,0
FRD000004968,Phishing/Smishing,Unauthorized,1,"Online Banking","QR code","Customer Reported","Fraud Ops",Closed-Confirmed,"2025-02-22 17:51:03",2025-02-22,"2025-02-25 04:16:58","2025-02-26 00:44:58","2025-03-26 01:04:26",10776.90,10776.90,5568.44,5208.46,0.5167,1,1,1,0,58,78,31,"3. 3-7d","Auto Loan",<$1K,0,closed,CUS0001017,25-34,"Consumer Banking",FL,Orlando,15.9,1,1
FRD000005147,"Account Takeover",Unauthorized,0,"Online Banking","password reset abuse","Customer Reported","Fraud Ops",Closed-Confirmed,"2026-02-14 09:40:13",2026-02-14,"2026-02-23 17:19:06","2026-02-24 19:28:23","2026-03-17 16:37:09",2661.87,2661.87,1462.75,1199.12,0.5495,4,1,1,1,223,249,31,"4. 7d+","Sapphire Preferred",$1K-5K,0,active,CUS0002795,35-44,"Consumer Banking",KS,"Overland Park",0.2,0,0
FRD000008945,"Identity Theft/Synthetic",Unauthorized,0,"Online Banking","stolen SSN","Statement Review","Fraud Ops",Open,"2024-04-02 04:15:10",2024-04-02,"2024-05-25 12:51:26","2024-05-25 17:41:44",NULL,15336.80,15336.80,2681.98,12654.82,0.1749,1,1,1,0,1280,1285,NULL,"4. 7d+","Freedom Unlimited",$1K-5K,0,closed,CUS0000262,35-44,"Consumer Banking",NY,Albany,1.4,1,0
FRD000005495,"Account Takeover",Unauthorized,0,"Online Banking","password reset abuse","Rules Engine","Fraud Ops",Closed-Confirmed,"2026-01-11 19:19:41",2026-01-11,"2026-01-14 06:01:21","2026-01-15 00:05:45","2026-01-30 23:05:12",1113.78,1053.91,507.20,546.71,0.4813,3,1,1,0,58,76,19,"3. 3-7d","Auto Loan",<$1K,0,active,CUS0001545,25-34,"Consumer Banking",NY,Albany,6.4,1,0
FRD000006501,"Zelle/P2P Scam",Authorized,1,"Online Banking","fake marketplace seller","Customer Reported",Claims,Closed-Confirmed,"2025-05-29 12:27:40",2025-05-29,"2025-05-29 21:34:46","2025-05-30 18:19:46","2025-06-14 00:58:58",583.64,583.64,59.45,524.19,0.1019,4,0,0,0,9,29,15,"2. 24-72h","Premier Savings",$1K-5K,1,active,CUS0002184,55-64,"Consumer Banking",TX,Houston,2.5,1,0
FRD000009030,"Identity Theft/Synthetic",Unauthorized,0,"Online Banking","synthetic identity","Customer Reported","Fraud Ops",Closed-Confirmed,"2024-09-23 02:03:39",2024-09-23,"2025-03-04 08:26:19","2025-03-09 13:40:31","2025-04-02 13:45:12",28908.92,28908.92,5204.47,23704.45,0.1800,2,1,1,0,3894,4019,191,"4. 7d+","Auto Loan",$1K-5K,0,active,CUS0001026,65+,"Consumer Banking",NY,"New York",4.9,1,0
FRD000008477,"Identity Theft/Synthetic",Unauthorized,0,"Online Banking","new account fraud","Customer Reported","Fraud Ops",Closed-Confirmed,"2026-02-26 11:27:29",2026-02-26,"2026-04-18 22:21:34","2026-04-19 21:49:59","2026-05-04 14:59:12",4455.03,4455.03,1062.14,3392.89,0.2384,3,1,1,1,1234,1258,67,"4. 7d+","Sapphire Preferred",<$1K,0,active,CUS0001873,65+,"Consumer Banking",WA,Seattle,12.8,0,0
FRD000006627,"Zelle/P2P Scam",Authorized,1,"Online Banking","utility impersonation","Customer Reported",Claims,Closed-Confirmed,"2025-11-15 13:31:24",2025-11-15,"2025-11-15 18:43:43","2025-11-16 00:33:43","2025-11-27 00:24:56",408.87,408.87,48.50,360.37,0.1186,1,0,0,0,5,11,11,"1. <24h","Total Checking",$5K-25K,1,active,CUS0000188,65+,"Consumer Banking",TX,Dallas,0.1,1,0
FRD000006598,"Zelle/P2P Scam",Authorized,1,"Online Banking","utility impersonation","Customer Reported",Claims,Closed-Confirmed,"2024-09-21 10:25:31",2024-09-21,"2024-09-22 06:54:51","2024-09-22 22:35:00","2024-09-27 23:11:39",94.20,94.20,12.88,81.32,0.1367,1,1,0,1,20,36,6,"2. 24-72h","Total Checking",$1K-5K,1,active,CUS0002752,65+,"Consumer Banking",KS,Topeka,4.4,1,0
FRD000006782,"Zelle/P2P Scam",Authorized,1,"Online Banking","fake marketplace seller","Customer Reported",Claims,Closed-Confirmed,"2025-09-15 02:39:06",2025-09-15,"2025-09-15 10:11:33","2025-09-15 15:36:38","2025-09-19 09:48:02",412.15,412.15,40.73,371.42,0.0988,1,0,0,0,7,12,4,"1. <24h","Freedom Unlimited",$5K-25K,0,active,CUS0001587,55-64,"Consumer Banking",KS,"Overland Park",3.0,0,0
FRD000009603,"Tech Support/Impersonation",Authorized,1,"Online Banking","fake antivirus","Customer Reported",Claims,"Under Review","2024-11-04 11:03:40",2024-11-04,"2024-11-05 10:25:57","2024-11-05 19:20:03",NULL,6990.01,6990.01,1602.94,5387.07,0.2293,4,1,0,0,23,32,NULL,"2. 24-72h","Premier Savings",$1K-5K,1,active,CUS0002027,55-64,"Consumer Banking",KS,"Overland Park",0.9,1,1
FRD000004441,Phishing/Smishing,Unauthorized,1,"Online Banking","SMS link","Rules Engine","Fraud Ops",Closed-Confirmed,"2026-01-26 20:59:19",2026-01-26,"2026-01-29 04:35:52","2026-01-31 11:56:06","2026-02-21 16:48:51",768.87,768.87,353.52,415.35,0.4598,6,1,0,1,55,110,25,"3. 3-7d","Total Checking",<$1K,1,active,CUS0001712,25-34,"Consumer Banking",PA,Pittsburgh,0.4,0,0
FRD000008118,"Business Email Compromise",Authorized,1,"Online Banking","payroll diversion","Rules Engine","Wire Recall",Closed-Confirmed,"2025-08-30 23:06:41",2025-08-30,"2025-09-01 11:53:20","2025-09-01 19:05:38","2025-10-10 23:18:30",286202.49,286202.49,129647.20,156555.29,0.4530,1,0,0,1,36,43,41,"2. 24-72h","Business Checking",$1K-5K,1,active,CUS0001092,55-64,"Financial Banking",PA,Pittsburgh,1.2,0,2
FRD000003836,Phishing/Smishing,Unauthorized,1,"Online Banking","QR code","Customer Reported","Fraud Ops",Closed-Confirmed,"2024-08-24 17:35:57",2024-08-24,"2024-08-28 21:27:09","2024-08-31 00:56:17","2024-09-23 00:19:39",1144.78,1144.78,522.57,622.21,0.4565,2,1,0,0,99,151,29,"3. 3-7d","Financial Investment Account",$5K-25K,0,active,CUS0002704,45-54,"Private Client Banking",FL,Orlando,9.1,1,0
FRD000008254,"Business Email Compromise",Authorized,1,"Online Banking","payroll diversion","Customer Reported","Wire Recall",Closed-Confirmed,"2026-05-01 06:37:21",2026-05-01,"2026-05-05 15:31:20","2026-05-06 08:44:19","2026-06-02 03:49:20",35972.30,21715.17,5200.21,16514.96,0.2395,1,0,0,1,104,122,31,"3. 3-7d","Sapphire Preferred",$1K-5K,0,active,CUS0001055,65+,"Consumer Banking",WA,Seattle,6.6,1,0
FRD000008662,"Identity Theft/Synthetic",Unauthorized,0,"Online Banking",bust-out,"Statement Review","Fraud Ops",Closed-Confirmed,"2024-09-05 01:58:23",2024-09-05,"2024-10-18 04:52:00",NULL,"2024-12-08 03:17:09",21865.58,21865.58,5328.56,16537.02,0.2437,1,0,0,1,1034,NULL,94,"Never Reported","Total Checking",$1K-5K,1,closed,CUS0000399,65+,"Consumer Banking",TX,Austin,1.3,1,0
FRD000006512,"Zelle/P2P Scam",Authorized,1,"Online Banking","utility impersonation","Customer Reported",Claims,Closed-Confirmed,"2024-10-13 04:39:27",2024-10-13,"2024-10-13 13:55:55","2024-10-13 17:43:39","2024-12-10 20:59:13",1703.07,1703.07,167.55,1535.52,0.0984,1,0,0,0,9,13,58,"1. <24h","Freedom Unlimited",$5K-25K,0,active,CUS0000231,45-54,"Consumer Banking",MI,"Grand Rapids",1.7,1,0
FRD000002729,Card-Not-Present,Unauthorized,0,"Online Banking","online retail","ML Model","Card Services","Closed-No Fraud","2026-01-01 05:29:22",2026-01-01,"2026-01-01 19:25:37",NULL,"2026-01-03 23:14:51",101.45,0.00,0.00,0.00,NULL,5,0,0,1,13,NULL,2,"Never Reported","Sapphire Preferred",$25K-100K,0,active,CUS0001257,65+,"Consumer Banking",TX,Houston,5.5,1,1
FRD000000692,Card-Not-Present,Unauthorized,0,"Online Banking","subscription abuse","Customer Reported","Card Services",Closed-Confirmed,"2024-11-09 19:52:39",2024-11-09,"2024-11-10 01:43:49","2024-11-10 02:43:25","2024-12-05 22:39:02",200.14,200.14,200.14,0.00,1.0000,1,1,1,0,5,6,26,"1. <24h","Sapphire Preferred",$1K-5K,0,active,CUS0002620,35-44,"Consumer Banking",KS,Topeka,5.4,1,0
FRD000009035,"Identity Theft/Synthetic",Unauthorized,0,"Online Banking",bust-out,"ML Model","Fraud Ops",Closed-Confirmed,"2025-06-08 19:51:25",2025-06-08,"2025-07-13 11:11:05","2025-07-14 08:47:37","2025-07-23 19:33:36",14129.48,5096.27,1210.64,3885.63,0.2376,4,1,1,0,831,852,44,"4. 7d+","Premier Savings",<$1K,1,active,CUS0001610,35-44,"Consumer Banking",TX,Dallas,5.8,1,0
FRD000008579,"Identity Theft/Synthetic",Unauthorized,0,"Online Banking",bust-out,"Statement Review","Fraud Ops",Closed-Confirmed,"2025-05-28 21:21:07",2025-05-28,"2025-07-31 21:30:56",NULL,"2025-08-07 04:57:04",13687.63,12562.34,2029.87,10532.47,0.1616,1,1,0,0,1536,NULL,70,"Never Reported","Private Client Savings",<$1K,1,active,CUS0000875,45-54,"Private Client Banking",NJ,"Jersey City",7.5,1,0
FRD000003947,Phishing/Smishing,Unauthorized,1,"Online Banking","fake login page","Customer Reported","Fraud Ops","Closed-No Fraud","2026-02-17 11:09:32",2026-02-17,"2026-02-24 15:14:06","2026-02-25 09:17:04","2026-03-04 05:09:27",1668.53,0.00,0.00,0.00,NULL,4,0,0,1,172,190,14,"4. 7d+","Total Checking",$100K+,1,active,CUS0000065,18-24,"Consumer Banking",TX,Houston,1.5,1,0
FRD000008296,"Business Email Compromise",Authorized,1,"Online Banking","CEO impersonation","Customer Reported","Wire Recall",Closed-Confirmed,"2025-07-19 09:56:05",2025-07-19,"2025-07-22 03:07:06","2025-07-22 03:48:27","2025-09-10 00:22:47",6822.55,2368.77,1200.89,1167.88,0.5070,2,0,0,0,65,65,52,"2. 24-72h","Premier Savings",$1K-5K,1,active,CUS0000411,25-34,"Consumer Banking",NY,Buffalo,0.6,0,0
FRD000000196,Card-Not-Present,Unauthorized,0,"Online Banking","card testing","Customer Reported","Card Services",Closed-Confirmed,"2026-06-04 10:40:13",2026-06-04,"2026-06-04 22:42:15","2026-06-05 09:29:58","2026-06-28 18:18:32",98.44,98.44,98.44,0.00,1.0000,2,1,1,0,12,22,24,"1. <24h","Freedom Unlimited",$5K-25K,0,active,CUS0000068,35-44,"Consumer Banking",KS,Topeka,13.8,1,0
FRD000005018,"Account Takeover",Unauthorized,0,"Online Banking","SIM swap","Customer Reported","Fraud Ops",Closed-Confirmed,"2025-07-08 05:16:48",2025-07-08,"2025-07-14 12:57:45","2025-07-15 05:23:52","2025-07-18 21:57:32",7262.49,3984.08,2032.98,1951.10,0.5103,2,1,0,0,151,168,10,"4. 7d+","Sapphire Preferred",$25K-100K,0,active,CUS0000241,65+,"Consumer Banking",KS,Topeka,0.4,1,0
FRD000005101,"Account Takeover",Unauthorized,0,"Online Banking","password reset abuse","Rules Engine","Fraud Ops",Closed-Confirmed,"2024-08-02 21:40:00",2024-08-02,"2024-08-17 03:33:15",NULL,"2024-09-26 22:26:28",16470.43,7172.55,3189.41,3983.14,0.4447,4,1,0,0,341,NULL,55,"Never Reported","Total Checking",$5K-25K,1,active,CUS0001407,65+,"Consumer Banking",MI,Lansing,19.7,1,0
FRD000006763,"Zelle/P2P Scam",Authorized,1,"Online Banking","rental deposit","Customer Reported",Claims,Closed-Confirmed,"2025-01-11 19:03:09",2025-01-11,"2025-01-12 01:29:08","2025-01-12 09:15:51","2025-02-19 08:37:09",884.74,750.47,70.74,679.73,0.0943,3,1,0,0,6,14,38,"1. <24h","Private Client Checking",$1K-5K,1,active,CUS0002281,25-34,"Private Client Banking",TX,Dallas,0.0,1,0
FRD000004867,Phishing/Smishing,Unauthorized,1,"Online Banking","credential harvest","ML Model","Fraud Ops",Closed-Confirmed,"2025-09-12 11:25:36",2025-09-12,"2025-09-15 06:43:50",NULL,"2025-10-08 02:53:56",683.66,683.66,333.51,350.15,0.4878,3,1,0,0,67,NULL,25,"Never Reported","Business Savings",$5K-25K,1,active,CUS0001400,25-34,"Financial Banking",KS,Wichita,9.9,1,0
FRD000009727,"Tech Support/Impersonation",Authorized,1,"Online Banking","refund overpayment","Customer Reported",Claims,"Under Review","2025-08-10 06:35:50",2025-08-10,"2025-08-10 20:18:46","2025-08-11 17:52:49",NULL,6804.31,5328.59,1571.21,3757.38,0.2949,1,0,0,0,13,35,NULL,"2. 24-72h","Premier Savings",$1K-5K,1,active,CUS0001477,55-64,"Consumer Banking",TX,Austin,4.3,1,1
FRD000002535,Card-Not-Present,Unauthorized,0,"Online Banking","digital wallet","Rules Engine","Card Services",Closed-Confirmed,"2024-06-20 10:25:26",2024-06-20,"2024-06-20 13:46:38",NULL,"2024-06-24 18:54:15",410.24,410.24,356.98,53.26,0.8702,3,1,0,1,3,NULL,4,"Never Reported","Freedom Unlimited",$5K-25K,0,closed,CUS0000089,18-24,"Consumer Banking",TX,Austin,0.2,1,0
FRD000004914,Phishing/Smishing,Unauthorized,1,"Online Banking","SMS link","Customer Reported","Fraud Ops",Closed-Confirmed,"2024-11-25 22:02:41",2024-11-25,"2024-11-26 14:05:32","2024-11-27 09:43:07","2024-12-03 14:05:28",1609.59,1609.59,1079.79,529.80,0.6708,4,1,1,0,16,35,7,"2. 24-72h","Premier Savings",$1K-5K,1,active,CUS0000385,55-64,"Consumer Banking",TX,Austin,5.0,1,0
FRD000002928,Card-Not-Present,Unauthorized,0,"Online Banking","card testing","Rules Engine","Card Services",Closed-Confirmed,"2026-01-19 16:15:46",2026-01-19,"2026-01-19 20:43:54","2026-01-19 23:31:05","2026-01-31 03:10:43",422.80,422.80,358.87,63.93,0.8488,3,1,1,0,4,7,11,"1. <24h","Auto Loan",$100K+,0,active,CUS0002821,45-54,"Consumer Banking",PA,Pittsburgh,1.4,1,0
FRD000005249,"Account Takeover",Unauthorized,0,"Online Banking","SIM swap","Customer Reported","Fraud Ops",Open,"2024-04-19 18:54:30",2024-04-19,"2024-04-27 09:40:35","2024-04-27 16:52:52",NULL,10832.83,7292.04,3837.84,3454.20,0.5263,5,1,1,1,182,189,NULL,"4. 7d+","Private Client Checking",$1K-5K,1,active,CUS0001791,45-54,"Private Client Banking",TX,Houston,2.8,1,3
FRD000004762,Phishing/Smishing,Unauthorized,1,"Online Banking","credential harvest","ML Model","Fraud Ops",Closed-Confirmed,"2025-10-22 08:25:45",2025-10-22,"2025-10-23 19:55:43","2025-10-24 12:26:47","2025-12-06 18:03:02",472.93,472.93,257.29,215.64,0.5440,2,1,1,0,35,52,45,"2. 24-72h","Total Checking",$5K-25K,1,active,CUS0000452,25-34,"Consumer Banking",CA,"San Diego",7.6,1,0
FRD000000154,Card-Not-Present,Unauthorized,0,"Online Banking","subscription abuse","Customer Reported","Card Services","Closed-No Fraud","2026-02-06 00:30:26",2026-02-06,"2026-02-06 18:48:57","2026-02-06 19:17:41","2026-02-23 09:48:59",978.88,0.00,0.00,0.00,NULL,5,0,0,0,18,18,17,"1. <24h","Total Checking",<$1K,1,active,CUS0000100,35-44,"Consumer Banking",MI,"Grand Rapids",10.5,1,0
FRD000004500,Phishing/Smishing,Unauthorized,1,"Online Banking","fake login page","Customer Reported","Fraud Ops",Closed-Confirmed,"2024-02-07 01:12:42",2024-02-07,"2024-02-10 20:06:00","2024-02-11 11:27:01","2024-03-22 18:52:23",733.59,733.59,427.54,306.05,0.5828,1,1,1,0,90,106,44,"3. 3-7d","Freedom Unlimited",<$1K,0,active,CUS0002080,25-34,"Consumer Banking",NY,Buffalo,3.8,1,0
FRD000005464,"Account Takeover",Unauthorized,0,"Online Banking","SIM swap","Customer Reported","Fraud Ops",Closed-Confirmed,"2025-04-19 00:35:51",2025-04-19,"2025-04-24 14:13:36","2025-04-27 00:31:46","2025-04-28 06:50:28",24084.08,11617.72,6083.29,5534.43,0.5236,5,1,1,0,133,191,9,"4. 7d+","Premier Savings",$5K-25K,1,active,CUS0000061,55-64,"Consumer Banking",FL,Tampa,6.4,0,0
FRD000000923,Card-Not-Present,Unauthorized,0,"Online Banking","card testing","Rules Engine","Card Services",Closed-Confirmed,"2025-12-31 04:18:41",2025-12-31,"2025-12-31 13:03:03",NULL,"2026-02-03 15:10:39",944.48,762.10,550.08,212.02,0.7218,2,1,0,1,8,NULL,34,"Never Reported","Sapphire Preferred",<$1K,0,active,CUS0001557,35-44,"Consumer Banking",KS,"Overland Park",3.2,1,0
FRD000008518,"Identity Theft/Synthetic",Unauthorized,0,"Online Banking","new account fraud","ML Model","Fraud Ops",Closed-Confirmed,"2024-08-03 16:06:04",2024-08-03,"2025-09-23 12:47:12",NULL,"2025-10-30 01:10:58",4589.06,4589.06,1013.91,3575.15,0.2209,2,1,0,0,9980,NULL,452,"Never Reported","Freedom Unlimited",$1K-5K,0,active,CUS0002564,18-24,"Consumer Banking",NY,Buffalo,0.9,1,0
FRD000006996,"Zelle/P2P Scam",Authorized,1,"Online Banking","fake marketplace seller","Customer Reported",Claims,Closed-Confirmed,"2025-11-23 22:32:23",2025-11-23,"2025-11-24 05:46:52","2025-11-24 15:20:56","2025-11-29 05:43:20",318.80,318.80,40.33,278.47,0.1265,1,0,0,0,7,16,5,"1. <24h","Freedom Unlimited",<$1K,0,active,CUS0001799,35-44,"Consumer Banking",FL,Miami,14.3,1,0
FRD000008384,"Business Email Compromise",Authorized,1,"Online Banking","vendor invoice redirect","ML Model","Wire Recall",Closed-Confirmed,"2024-07-09 18:59:55",2024-07-09,"2024-07-12 19:38:28","2024-07-13 00:21:09","2024-08-02 15:15:22",135122.02,135122.02,54146.98,80975.04,0.4007,3,0,0,0,72,77,23,"3. 3-7d","Total Checking",$1K-5K,1,active,CUS0000748,25-34,"Consumer Banking",NY,Buffalo,29.5,1,0
FRD000000605,Card-Not-Present,Unauthorized,0,"Online Banking","card testing","Rules Engine","Card Services",Closed-Confirmed,"2025-06-27 02:52:37",2025-06-27,"2025-06-27 11:52:06","2025-06-28 00:36:13","2025-07-13 21:09:21",286.42,286.42,255.37,31.05,0.8916,2,0,0,0,8,21,16,"1. <24h","Financial Investment Account",$5K-25K,0,active,CUS0002367,55-64,"Private Client Banking",FL,Orlando,5.2,1,0
FRD000003952,Phishing/Smishing,Unauthorized,1,"Online Banking","QR code","ML Model","Fraud Ops",Closed-Confirmed,"2024-08-28 18:22:40",2024-08-28,"2024-09-06 04:08:20",NULL,"2024-09-28 07:12:19",1510.32,1510.32,788.71,721.61,0.5222,2,1,0,0,201,NULL,30,"Never Reported","Private Client Checking",$1K-5K,1,active,CUS0000602,35-44,"Private Client Banking",CA,"San Diego",2.4,1,0
FRD000000898,Card-Not-Present,Unauthorized,0,"Online Banking","online retail","ML Model","Card Services",Closed-Confirmed,"2026-03-13 05:37:34",2026-03-13,"2026-03-13 20:12:00","2026-03-14 02:30:41","2026-03-22 16:06:58",184.07,184.07,132.62,51.45,0.7205,2,1,0,0,14,20,9,"1. <24h","Auto Loan",$25K-100K,0,active,CUS0000742,55-64,"Consumer Banking",KS,Wichita,2.4,0,0
FRD000004492,Phishing/Smishing,Unauthorized,1,"Online Banking","QR code","Customer Reported","Fraud Ops",Closed-Confirmed,"2024-04-07 17:46:15",2024-04-07,"2024-04-08 11:10:24","2024-04-09 05:10:05","2024-04-17 07:40:36",3397.64,3397.64,1464.24,1933.40,0.4310,1,1,1,0,17,35,9,"2. 24-72h","Sapphire Preferred",<$1K,0,active,CUS0002591,45-54,"Consumer Banking",FL,Miami,0.8,1,0
FRD000008146,"Business Email Compromise",Authorized,1,"Online Banking","vendor invoice redirect","Customer Reported","Wire Recall",Closed-Confirmed,"2025-03-11 03:05:49",2025-03-11,"2025-03-13 07:53:40","2025-03-13 18:07:16","2025-04-08 12:30:51",19156.28,14172.77,4092.97,10079.80,0.2888,1,1,0,1,52,63,28,"2. 24-72h","Total Checking",$1K-5K,1,restricted,CUS0001661,45-54,"Consumer Banking",KS,"Overland Park",3.3,1,1
FRD000009146,"Identity Theft/Synthetic",Unauthorized,0,"Online Banking","stolen SSN","ML Model","Fraud Ops",Closed-Confirmed,"2024-02-11 20:37:32",2024-02-11,"2025-08-02 13:56:46",NULL,"2025-09-02 15:18:37",14211.15,14211.15,2275.74,11935.41,0.1601,2,1,0,0,12905,NULL,568,"Never Reported","Auto Loan",<$1K,0,active,CUS0000332,35-44,"Consumer Banking",FL,Orlando,1.6,1,0
FRD000004289,Phishing/Smishing,Unauthorized,1,"Online Banking","SMS link","ML Model","Fraud Ops",Closed-Confirmed,"2024-01-28 23:20:17",2024-01-28,"2024-02-03 01:58:50",NULL,"2024-02-05 13:40:20",5361.59,5361.59,3415.95,1945.64,0.6371,1,1,0,0,122,NULL,7,"Never Reported","Sapphire Preferred",<$1K,0,active,CUS0001955,55-64,"Consumer Banking",TX,Dallas,8.3,1,0
FRD000006691,"Zelle/P2P Scam",Authorized,1,"Online Banking","utility impersonation","Customer Reported",Claims,Closed-Confirmed,"2024-10-27 19:38:20",2024-10-27,"2024-10-27 22:24:32","2024-10-28 07:12:11","2024-11-25 07:04:55",727.69,65.32,8.32,57.00,0.1274,1,0,0,0,2,11,28,"1. <24h","Sapphire Preferred",$5K-25K,0,active,CUS0000355,65+,"Consumer Banking",FL,Miami,1.5,1,0
FRD000008486,"Identity Theft/Synthetic",Unauthorized,0,"Online Banking",bust-out,"ML Model","Fraud Ops","Under Review","2025-05-19 14:43:40",2025-05-19,"2025-07-02 16:22:52","2025-07-09 05:36:54",NULL,11376.02,10091.04,1972.02,8119.02,0.1954,1,1,1,1,1057,1214,NULL,"4. 7d+","Freedom Unlimited",$1K-5K,0,active,CUS0002044,45-54,"Consumer Banking",CA,"San Francisco",8.6,1,0
FRD000001189,Card-Not-Present,Unauthorized,0,"Online Banking","subscription abuse","ML Model","Card Services",Closed-Confirmed,"2024-05-31 08:05:48",2024-05-31,"2024-06-02 07:17:06","2024-06-03 01:01:02","2024-06-12 23:18:51",370.77,370.77,370.77,0.00,1.0000,5,1,1,1,47,64,12,"2. 24-72h","Private Client Checking",<$1K,1,closed,CUS0002720,35-44,"Private Client Banking",NY,"New York",2.4,1,0
FRD000006226,"Zelle/P2P Scam",Authorized,1,"Online Banking","ticket resale","Customer Reported",Claims,Closed-Confirmed,"2024-11-07 17:58:58",2024-11-07,"2024-11-07 22:27:28","2024-11-08 04:14:00","2024-11-15 18:02:04",1223.98,1223.98,160.81,1063.17,0.1314,1,0,0,0,4,10,8,"1. <24h","Premier Savings",$25K-100K,1,active,CUS0000160,18-24,"Consumer Banking",KS,"Overland Park",9.7,1,0
FRD000005382,"Account Takeover",Unauthorized,0,"Online Banking","password reset abuse","ML Model","Fraud Ops",Closed-Confirmed,"2026-05-06 04:09:30",2026-05-06,"2026-05-12 12:01:24",NULL,"2026-06-05 09:17:20",2105.55,2105.55,813.12,1292.43,0.3862,6,1,0,0,151,NULL,30,"Never Reported","Auto Loan",$1K-5K,0,active,CUS0001201,65+,"Consumer Banking",KS,"Overland Park",0.9,1,0
FRD000004069,Phishing/Smishing,Unauthorized,1,"Online Banking","QR code","Rules Engine","Fraud Ops",Closed-Confirmed,"2026-05-07 17:01:53",2026-05-07,"2026-05-11 17:18:34",NULL,"2026-06-14 08:07:33",2332.38,2332.38,1045.63,1286.75,0.4483,5,0,0,0,96,NULL,37,"Never Reported","Total Checking",$1K-5K,1,closed,CUS0000598,35-44,"Consumer Banking",NJ,Trenton,0.8,1,0
FRD000001712,Card-Not-Present,Unauthorized,0,"Online Banking","digital wallet","Rules Engine","Card Services",Closed-Confirmed,"2025-09-02 00:20:30",2025-09-02,"2025-09-02 06:43:31",NULL,"2025-10-01 00:17:40",141.72,141.72,141.50,0.22,0.9984,3,1,0,0,6,NULL,28,"Never Reported","Auto Loan",<$1K,0,active,CUS0001528,35-44,"Consumer Banking",NJ,Trenton,1.5,0,0
FRD000009787,"Tech Support/Impersonation",Authorized,1,"Online Banking","bank impersonation","Customer Reported",Claims,Closed-Confirmed,"2024-01-02 04:12:27",2024-01-02,"2024-01-09 07:25:35","2024-01-09 21:09:33","2024-02-14 20:03:29",5886.37,2015.74,412.68,1603.06,0.2047,6,0,0,0,171,184,43,"4. 7d+","Business Platinum",$1K-5K,0,active,CUS0002503,45-54,"Financial Banking",CA,"Los Angeles",0.3,1,0
FRD000008995,"Identity Theft/Synthetic",Unauthorized,0,"Online Banking","new account fraud","ML Model","Fraud Ops",Closed-Confirmed,"2024-09-10 19:54:50",2024-09-10,"2025-03-11 08:01:33","2025-03-16 12:33:04","2025-03-22 07:08:29",4482.16,2163.17,417.13,1746.04,0.1928,3,1,0,0,4356,4480,192,"4. 7d+","Premier Savings",$1K-5K,1,closed,CUS0001679,55-64,"Consumer Banking",TX,Dallas,4.5,1,0
FRD000005943,"Zelle/P2P Scam",Authorized,1,"Online Banking","fake marketplace seller","Customer Reported",Claims,Open,"2025-09-07 15:55:31",2025-09-07,"2025-09-08 02:25:26","2025-09-08 07:47:10",NULL,2572.64,1327.30,156.24,1171.06,0.1177,1,0,0,0,10,15,NULL,"1. <24h","Total Checking",<$1K,1,active,CUS0000785,55-64,"Consumer Banking",MI,"Grand Rapids",4.3,1,0
FRD000009765,"Tech Support/Impersonation",Authorized,1,"Online Banking","bank impersonation","Customer Reported",Claims,Closed-Confirmed,"2026-01-08 08:23:36",2026-01-08,"2026-01-08 20:34:12","2026-01-09 05:15:06","2026-02-15 09:23:16",2176.94,2176.94,688.61,1488.33,0.3163,4,0,0,1,12,20,38,"1. <24h","Freedom Unlimited",<$1K,0,closed,CUS0002770,45-54,"Consumer Banking",CA,"San Diego",4.2,1,0
FRD000005559,"Account Takeover",Unauthorized,0,"Online Banking","SIM swap","Customer Reported","Fraud Ops",Closed-Confirmed,"2025-07-29 07:52:36",2025-07-29,"2025-08-03 11:02:51","2025-08-04 10:27:49","2025-08-22 13:00:33",7815.84,6031.62,2121.51,3910.11,0.3517,2,1,0,1,123,146,24,"3. 3-7d","Premier Savings",$1K-5K,1,active,CUS0002818,55-64,"Consumer Banking",CA,"San Diego",6.7,1,0
FRD000002774,Card-Not-Present,Unauthorized,0,"Online Banking","card testing","ML Model","Card Services",Closed-Confirmed,"2026-01-03 05:07:48",2026-01-03,"2026-01-03 17:42:56","2026-01-04 08:59:30","2026-01-13 04:52:11",78.02,78.02,52.94,25.08,0.6785,1,1,1,1,12,27,9,"2. 24-72h","Total Checking",$5K-25K,1,active,CUS0000176,25-34,"Consumer Banking",KS,"Overland Park",9.1,1,0
FRD000002653,Card-Not-Present,Unauthorized,0,"Online Banking","card testing","ML Model","Card Services",Closed-Confirmed,"2024-09-01 08:13:38",2024-09-01,"2024-09-02 12:46:47","2024-09-02 17:22:26","2024-09-20 14:05:12",212.61,212.61,212.61,0.00,1.0000,2,1,1,1,28,33,19,"2. 24-72h","Freedom Unlimited",<$1K,0,active,CUS0000597,65+,"Consumer Banking",MI,"Grand Rapids",1.2,0,0
FRD000006126,"Zelle/P2P Scam",Authorized,1,"Online Banking","ticket resale","Customer Reported",Claims,Closed-Confirmed,"2026-01-29 04:59:41",2026-01-29,"2026-01-29 19:23:45","2026-01-30 11:29:31","2026-03-01 20:44:20",734.52,734.52,80.33,654.19,0.1094,2,0,0,0,14,30,31,"2. 24-72h","Total Checking",$1K-5K,1,active,CUS0001168,55-64,"Consumer Banking",TX,Austin,7.2,1,0
FRD000001010,Card-Not-Present,Unauthorized,0,"Online Banking","card testing","ML Model","Card Services",Closed-Confirmed,"2024-04-28 11:16:07",2024-04-28,"2024-04-29 04:27:48","2024-04-29 10:41:04","2024-05-09 17:47:10",188.58,93.84,66.26,27.58,0.7061,4,1,1,1,17,23,11,"1. <24h","Total Checking",<$1K,1,active,CUS0002128,45-54,"Consumer Banking",KS,"Overland Park",1.5,1,0
FRD000008614,"Identity Theft/Synthetic",Unauthorized,0,"Online Banking","new account fraud","Customer Reported","Fraud Ops",Closed-Confirmed,"2025-03-14 03:42:22",2025-03-14,"2025-07-12 10:31:54","2025-07-14 18:55:13","2025-08-10 06:13:21",13386.94,13386.94,2316.33,11070.61,0.1730,1,1,1,0,2886,2943,149,"4. 7d+","Business Savings",$1K-5K,1,active,CUS0002113,65+,"Financial Banking",CA,"Los Angeles",0.2,1,1
FRD000006260,"Zelle/P2P Scam",Authorized,1,"Online Banking","fake marketplace seller","Customer Reported",Claims,"Closed-No Fraud","2025-08-06 08:22:11",2025-08-06,"2025-08-06 15:59:59","2025-08-06 23:46:30","2025-08-12 20:26:24",1761.31,0.00,0.00,0.00,NULL,2,0,0,0,7,15,6,"1. <24h","Financial Investment Account",$5K-25K,0,active,CUS0002311,25-34,"Private Client Banking",CA,"Los Angeles",4.8,1,0
FRD000009750,"Tech Support/Impersonation",Authorized,1,"Online Banking","refund overpayment","Rules Engine",Claims,"Under Review","2024-02-22 03:26:18",2024-02-22,"2024-02-24 13:39:47","2024-02-24 22:36:00",NULL,2751.89,2751.89,825.05,1926.84,0.2998,6,0,0,1,58,67,NULL,"2. 24-72h","Business Savings",$5K-25K,1,active,CUS0000226,25-34,"Financial Banking",TX,Dallas,4.1,0,0
FRD000008570,"Identity Theft/Synthetic",Unauthorized,0,"Online Banking","stolen SSN","ML Model","Fraud Ops",Closed-Confirmed,"2024-01-06 03:31:20",2024-01-06,"2024-01-21 04:46:42","2024-01-22 11:27:08","2024-01-28 22:34:11",9054.53,9054.53,2044.50,7010.03,0.2258,1,1,0,0,361,391,22,"4. 7d+","Freedom Unlimited",$1K-5K,0,active,CUS0000112,25-34,"Consumer Banking",TX,Dallas,4.6,1,0
FRD000000594,Card-Not-Present,Unauthorized,0,"Online Banking","subscription abuse","ML Model","Card Services",Closed-Confirmed,"2025-09-29 10:29:21",2025-09-29,"2025-09-30 04:21:11","2025-09-30 16:18:23","2025-10-28 18:01:42",175.56,175.56,131.82,43.74,0.7509,1,1,1,0,17,29,29,"2. 24-72h","Total Checking",$1K-5K,1,active,CUS0001783,65+,"Consumer Banking",MI,Lansing,9.8,1,0
FRD000001676,Card-Not-Present,Unauthorized,0,"Online Banking","online retail","Merchant Alert","Card Services",Closed-Confirmed,"2024-01-21 01:36:51",2024-01-21,"2024-01-21 07:06:32","2024-01-21 11:00:53","2024-01-24 11:34:03",123.15,123.15,111.77,11.38,0.9076,2,1,1,0,5,9,3,"1. <24h","Premier Savings",$25K-100K,1,active,CUS0000933,35-44,"Consumer Banking",KS,Wichita,8.1,0,0
FRD000002806,Card-Not-Present,Unauthorized,0,"Online Banking","card testing","Rules Engine","Card Services",Closed-Confirmed,"2025-11-04 06:33:40",2025-11-04,"2025-11-05 05:04:28","2025-11-05 15:45:47","2025-11-13 06:56:42",712.11,446.73,446.73,0.00,1.0000,1,1,1,0,22,33,9,"2. 24-72h","Freedom Unlimited",$1K-5K,0,active,CUS0001252,45-54,"Consumer Banking",NJ,Newark,2.4,1,0
FRD000009181,"Identity Theft/Synthetic",Unauthorized,0,"Online Banking","new account fraud","ML Model","Fraud Ops",Closed-Confirmed,"2024-02-29 09:21:52",2024-02-29,"2024-09-05 09:10:33","2024-09-07 09:11:42","2024-09-12 16:46:42",13083.26,13083.26,2757.74,10325.52,0.2108,7,1,1,0,4535,4583,196,"4. 7d+","Premier Savings",$25K-100K,1,active,CUS0000083,45-54,"Consumer Banking",KS,"Overland Park",12.5,1,0
FRD000006620,"Zelle/P2P Scam",Authorized,1,"Online Banking","utility impersonation","Customer Reported",Claims,Closed-Confirmed,"2025-09-06 22:59:46",2025-09-06,"2025-09-07 08:20:09","2025-09-07 20:24:05","2025-09-23 23:56:25",892.17,892.17,122.74,769.43,0.1376,1,0,0,0,9,21,17,"1. <24h","Total Checking",$1K-5K,1,active,CUS0001883,18-24,"Consumer Banking",FL,Tampa,5.6,1,0
FRD000000329,Card-Not-Present,Unauthorized,0,"Online Banking","subscription abuse","Merchant Alert","Card Services",Closed-Confirmed,"2025-12-06 05:04:53",2025-12-06,"2025-12-06 21:15:50",NULL,"2025-12-20 16:35:11",472.69,472.69,472.69,0.00,1.0000,1,1,0,0,16,NULL,14,"Never Reported","Total Checking",<$1K,1,active,CUS0000011,25-34,"Consumer Banking",TX,Dallas,8.0,0,0
FRD000009102,"Identity Theft/Synthetic",Unauthorized,0,"Online Banking",bust-out,"ML Model","Fraud Ops",Closed-Confirmed,"2025-02-13 02:44:51",2025-02-13,"2025-12-05 00:52:32","2025-12-06 11:25:16","2025-12-17 23:38:30",27854.17,8879.75,1853.55,7026.20,0.2087,6,1,0,1,7078,7112,307,"4. 7d+","Business Savings",<$1K,1,active,CUS0001579,45-54,"Financial Banking",TX,Austin,24.2,1,0
FRD000005096,"Account Takeover",Unauthorized,0,"Online Banking","password reset abuse","Customer Reported","Fraud Ops",Closed-Confirmed,"2025-04-02 16:46:03",2025-04-02,"2025-04-06 14:59:06","2025-04-07 20:22:09","2025-05-06 16:37:39",867.28,867.28,418.48,448.80,0.4825,6,1,1,1,94,123,33,"3. 3-7d","Private Client Savings",<$1K,1,active,CUS0000793,45-54,"Private Client Banking",MA,Springfield,11.4,1,1
FRD000007360,"Zelle/P2P Scam",Authorized,1,"Online Banking","fake marketplace seller","Customer Reported",Claims,Closed-Confirmed,"2026-05-28 20:20:16",2026-05-28,"2026-05-29 03:05:21","2026-05-29 07:26:08","2026-06-24 02:44:27",987.63,987.63,133.35,854.28,0.1350,4,0,0,1,6,11,26,"1. <24h","Freedom Unlimited",$1K-5K,0,closed,CUS0002586,55-64,"Consumer Banking",FL,Miami,1.9,1,0
FRD000008275,"Business Email Compromise",Authorized,1,"Online Banking","closing wire redirect","ML Model","Wire Recall",Open,"2025-11-11 03:24:56",2025-11-11,"2025-11-11 13:22:09",NULL,NULL,172033.43,172033.43,63954.87,108078.56,0.3718,2,0,0,0,9,NULL,NULL,"Never Reported","Freedom Unlimited",$5K-25K,0,restricted,CUS0000116,25-34,"Consumer Banking",KS,Topeka,7.8,1,1
FRD000004902,Phishing/Smishing,Unauthorized,1,"Online Banking","credential harvest","ML Model","Fraud Ops",Closed-Confirmed,"2024-04-11 13:03:05",2024-04-11,"2024-04-13 18:31:52",NULL,"2024-04-18 19:56:40",1101.94,1101.94,546.40,555.54,0.4959,1,1,0,0,53,NULL,7,"Never Reported","Premier Savings",<$1K,1,active,CUS0000430,35-44,"Consumer Banking",TX,Austin,5.1,1,1
FRD000001036,Card-Not-Present,Unauthorized,0,"Online Banking","card testing","Customer Reported","Card Services",Closed-Confirmed,"2026-02-21 16:29:34",2026-02-21,"2026-02-21 19:47:42","2026-02-22 04:20:14","2026-03-17 01:45:36",66.53,15.13,10.45,4.68,0.6907,5,1,0,1,3,11,23,"1. <24h","Private Client Checking",$1K-5K,1,active,CUS0000477,65+,"Private Client Banking",KS,Wichita,8.5,1,0
FRD000002187,Card-Not-Present,Unauthorized,0,"Online Banking","digital wallet","Rules Engine","Card Services",Closed-Confirmed,"2024-07-02 10:14:43",2024-07-02,"2024-07-03 04:55:18",NULL,"2024-07-07 20:38:45",218.25,184.02,147.76,36.26,0.8030,1,1,0,0,18,NULL,5,"Never Reported","Total Checking",$5K-25K,1,active,CUS0001564,65+,"Consumer Banking",TX,Houston,28.2,1,0
FRD000002861,Card-Not-Present,Unauthorized,0,"Online Banking","online retail","Merchant Alert","Card Services",Closed-Confirmed,"2025-06-10 16:49:24",2025-06-10,"2025-06-10 23:22:14",NULL,"2025-06-22 04:11:32",89.92,89.92,89.36,0.56,0.9938,1,1,0,0,6,NULL,11,"Never Reported","Auto Loan",$5K-25K,0,closed,CUS0001398,25-34,"Consumer Banking",CA,"Los Angeles",9.2,1,0
FRD000008798,"Identity Theft/Synthetic",Unauthorized,0,"Online Banking","synthetic identity","Customer Reported","Fraud Ops",Closed-Confirmed,"2024-11-26 02:31:14",2024-11-26,"2025-03-17 10:38:27","2025-03-22 10:19:58","2025-05-17 05:38:22",13229.82,13229.82,2178.31,11051.51,0.1647,5,1,1,0,2672,2791,172,"4. 7d+","Total Checking",<$1K,1,active,CUS0002377,65+,"Consumer Banking",WA,Spokane,3.0,0,0
FRD000001755,Card-Not-Present,Unauthorized,0,"Online Banking","subscription abuse","Rules Engine","Card Services",Closed-Confirmed,"2025-03-24 10:14:15",2025-03-24,"2025-03-24 19:46:04",NULL,"2025-05-03 16:07:28",142.51,142.51,98.03,44.48,0.6879,1,1,0,0,9,NULL,40,"Never Reported","Freedom Unlimited",<$1K,0,active,CUS0001214,45-54,"Consumer Banking",KS,"Overland Park",2.3,1,0
FRD000000768,Card-Not-Present,Unauthorized,0,"Online Banking","digital wallet","Rules Engine","Card Services",Closed-Confirmed,"2025-06-28 02:29:08",2025-06-28,"2025-06-28 11:25:03",NULL,"2025-07-25 05:46:23",207.28,207.28,189.65,17.63,0.9149,3,0,0,0,8,NULL,27,"Never Reported","Total Checking",<$1K,1,active,CUS0001658,25-34,"Consumer Banking",CA,"Los Angeles",5.6,1,0
FRD000002805,Card-Not-Present,Unauthorized,0,"Online Banking","subscription abuse","Rules Engine","Card Services",Closed-Confirmed,"2024-01-29 21:28:23",2024-01-29,"2024-01-30 07:03:11","2024-01-30 23:34:39","2024-02-14 15:23:15",460.92,460.92,424.63,36.29,0.9213,1,1,1,0,9,26,15,"2. 24-72h","Business Checking",$5K-25K,1,active,CUS0002521,45-54,"Financial Banking",FL,Orlando,16.9,1,0
FRD000001606,Card-Not-Present,Unauthorized,0,"Online Banking","online retail","Rules Engine","Card Services","Closed-No Fraud","2024-09-27 16:12:39",2024-09-27,"2024-09-28 10:34:20","2024-09-28 13:27:48","2024-10-17 05:50:40",69.43,0.00,0.00,0.00,NULL,2,0,0,0,18,21,19,"1. <24h","Auto Loan",$25K-100K,0,restricted,CUS0002646,35-44,"Consumer Banking",CA,"San Diego",7.7,1,0
FRD000006093,"Zelle/P2P Scam",Authorized,1,"Online Banking","utility impersonation","Customer Reported",Claims,Closed-Confirmed,"2024-01-01 00:34:31",2024-01-01,"2024-01-01 13:17:08","2024-01-01 13:58:17","2024-01-12 21:29:07",550.16,283.13,38.13,245.00,0.1347,1,0,0,0,12,13,11,"1. <24h","Total Checking",$5K-25K,1,active,CUS0000202,25-34,"Consumer Banking",CA,"San Francisco",0.6,1,0
FRD000001272,Card-Not-Present,Unauthorized,0,"Online Banking","subscription abuse","ML Model","Card Services",Closed-Confirmed,"2025-07-19 10:21:25",2025-07-19,"2025-07-19 23:11:30","2025-07-19 23:52:04","2025-08-07 07:54:52",66.50,66.50,66.50,0.00,1.0000,1,1,1,1,12,13,18,"1. <24h","Freedom Unlimited",$1K-5K,0,active,CUS0001331,25-34,"Consumer Banking",FL,Orlando,2.0,1,0
FRD000002069,Card-Not-Present,Unauthorized,0,"Online Banking","subscription abuse","Merchant Alert","Card Services",Closed-Confirmed,"2024-07-27 10:03:23",2024-07-27,"2024-07-27 22:03:25","2024-07-28 16:24:33","2024-08-15 17:18:49",621.85,621.85,586.51,35.34,0.9432,4,1,1,0,12,30,19,"2. 24-72h","Freedom Unlimited",$1K-5K,0,active,CUS0000983,65+,"Consumer Banking",CA,"San Diego",4.4,1,0
FRD000001897,Card-Not-Present,Unauthorized,0,"Online Banking","digital wallet","Customer Reported","Card Services",Closed-Confirmed,"2025-09-01 19:15:36",2025-09-01,"2025-09-02 06:45:46","2025-09-02 15:01:18","2025-09-08 19:55:26",590.85,590.85,508.98,81.87,0.8614,4,1,1,0,11,19,7,"1. <24h","Total Checking",$100K+,1,active,CUS0001191,25-34,"Consumer Banking",KS,Topeka,9.1,1,0
FRD000002171,Card-Not-Present,Unauthorized,0,"Online Banking","subscription abuse","Merchant Alert","Card Services","Closed-No Fraud","2024-01-09 18:39:58",2024-01-09,"2024-01-10 08:43:35",NULL,"2024-01-25 09:22:19",148.88,0.00,0.00,0.00,NULL,1,0,0,0,14,NULL,15,"Never Reported","Auto Loan",$1K-5K,0,active,CUS0001062,45-54,"Consumer Banking",MA,Boston,5.8,0,0
FRD000007096,"Zelle/P2P Scam",Authorized,1,"Online Banking","rental deposit","Customer Reported",Claims,Closed-Confirmed,"2024-07-27 19:32:27",2024-07-27,"2024-07-28 03:09:21","2024-07-28 06:31:38","2024-08-13 02:54:27",1457.66,1457.66,160.03,1297.63,0.1098,1,1,0,0,7,10,16,"1. <24h","Private Client Savings",<$1K,1,active,CUS0000674,45-54,"Private Client Banking",NY,Buffalo,7.7,0,0
FRD000006787,"Zelle/P2P Scam",Authorized,1,"Online Banking","ticket resale","Customer Reported",Claims,"Under Review","2025-05-18 19:39:26",2025-05-18,"2025-05-18 20:54:36","2025-05-19 10:39:18",NULL,116.55,24.10,2.85,21.25,0.1183,3,0,0,0,1,14,NULL,"1. <24h","Business Platinum",$1K-5K,0,active,CUS0002560,18-24,"Financial Banking",CA,"San Francisco",2.9,1,0
FRD000006291,"Zelle/P2P Scam",Authorized,1,"Online Banking","ticket resale","Rules Engine",Claims,Closed-Confirmed,"2026-04-11 01:19:57",2026-04-11,"2026-04-11 05:35:18",NULL,"2026-04-22 04:00:51",942.02,942.02,129.00,813.02,0.1369,1,0,0,0,4,NULL,11,"Never Reported","Sapphire Preferred",$100K+,0,active,CUS0000103,45-54,"Consumer Banking",NJ,Trenton,2.4,1,0
FRD000001024,Card-Not-Present,Unauthorized,0,"Online Banking","online retail","Merchant Alert","Card Services",Closed-Confirmed,"2024-09-15 17:07:25",2024-09-15,"2024-09-16 03:57:28",NULL,"2024-09-28 08:33:09",85.90,26.44,24.05,2.39,0.9096,2,0,0,0,10,NULL,12,"Never Reported","Freedom Unlimited",<$1K,0,active,CUS0001296,55-64,"Consumer Banking",MI,"Grand Rapids",3.1,1,0
FRD000005064,"Account Takeover",Unauthorized,0,"Online Banking","session hijack","ML Model","Fraud Ops",Closed-Confirmed,"2024-01-23 20:36:54",2024-01-23,"2024-01-26 21:58:16","2024-01-27 00:24:06","2024-02-10 18:26:56",4906.55,4906.55,2545.90,2360.65,0.5189,3,1,1,1,73,75,17,"3. 3-7d","Sapphire Preferred",$1K-5K,0,active,CUS0001462,35-44,"Consumer Banking",PA,Harrisburg,1.0,1,0
FRD000000937,Card-Not-Present,Unauthorized,0,"Online Banking","online retail","ML Model","Card Services",Closed-Confirmed,"2025-03-15 12:54:45",2025-03-15,"2025-03-15 23:06:46","2025-03-16 08:24:07","2025-03-18 16:54:59",189.94,189.94,189.94,0.00,1.0000,1,1,1,0,10,19,3,"1. <24h","Freedom Unlimited",<$1K,0,active,CUS0002043,25-34,"Consumer Banking",PA,Philadelphia,1.8,1,0
FRD000005178,"Account Takeover",Unauthorized,0,"Online Banking","password reset abuse","Customer Reported","Fraud Ops",Open,"2025-06-09 10:24:04",2025-06-09,"2025-06-13 09:41:10","2025-06-14 06:57:11",NULL,3332.62,2137.78,1080.21,1057.57,0.5053,2,1,1,0,95,116,NULL,"3. 3-7d","Freedom Unlimited",$5K-25K,0,active,CUS0002256,35-44,"Consumer Banking",CA,"San Diego",1.7,0,0
FRD000006579,"Zelle/P2P Scam",Authorized,1,"Online Banking","rental deposit","Rules Engine",Claims,Closed-Confirmed,"2024-07-23 22:42:45",2024-07-23,"2024-07-23 23:48:01","2024-07-24 02:16:55","2024-09-03 11:43:18",751.28,751.28,105.26,646.02,0.1401,1,0,0,0,1,3,41,"1. <24h","Freedom Unlimited",<$1K,0,active,CUS0000429,65+,"Consumer Banking",NJ,Newark,2.8,1,0
FRD000006888,"Zelle/P2P Scam",Authorized,1,"Online Banking","rental deposit","Rules Engine",Claims,Closed-Confirmed,"2024-08-09 05:50:56",2024-08-09,"2024-08-09 06:14:08",NULL,"2024-08-13 03:19:26",1611.29,1611.29,159.32,1451.97,0.0989,1,0,0,0,0,NULL,3,"Never Reported","Premier Savings",$5K-25K,1,active,CUS0001107,65+,"Consumer Banking",NJ,Trenton,0.3,1,0
FRD000000847,Card-Not-Present,Unauthorized,0,"Online Banking","subscription abuse","Merchant Alert","Card Services",Closed-Confirmed,"2024-03-03 03:57:35",2024-03-03,"2024-03-03 04:57:41","2024-03-03 18:16:34","2024-03-06 21:35:17",302.77,55.85,43.94,11.91,0.7868,2,1,0,0,1,14,3,"1. <24h","Total Checking",$5K-25K,1,active,CUS0002662,35-44,"Consumer Banking",TX,Dallas,0.5,0,1
FRD000001145,Card-Not-Present,Unauthorized,0,"Online Banking","digital wallet","Merchant Alert","Card Services","Closed-No Fraud","2024-04-09 18:08:23",2024-04-09,"2024-04-10 02:14:15","2024-04-10 17:00:33","2024-04-30 07:24:43",331.99,0.00,0.00,0.00,NULL,2,0,0,1,8,22,20,"1. <24h","Business Platinum",$1K-5K,0,active,CUS0000760,65+,"Financial Banking",NJ,"Jersey City",8.0,1,0
FRD000004823,Phishing/Smishing,Unauthorized,1,"Online Banking","fake login page","Customer Reported","Fraud Ops",Closed-Confirmed,"2026-02-28 06:45:41",2026-02-28,"2026-03-03 20:09:34","2026-03-05 18:59:39","2026-03-24 21:45:35",8481.00,8481.00,4797.38,3683.62,0.5657,5,1,1,0,85,132,24,"3. 3-7d","Private Client Checking",$1K-5K,1,closed,CUS0001776,25-34,"Private Client Banking",KS,"Overland Park",2.6,1,0
FRD000002447,Card-Not-Present,Unauthorized,0,"Online Banking","subscription abuse","Rules Engine","Card Services",Closed-Confirmed,"2024-04-01 18:36:24",2024-04-01,"2024-04-02 05:34:59","2024-04-02 16:29:37","2024-04-13 01:00:14",284.65,158.70,153.00,5.70,0.9641,2,1,0,0,10,21,11,"1. <24h","Freedom Unlimited",$25K-100K,0,active,CUS0002433,55-64,"Consumer Banking",FL,Miami,0.5,1,0
FRD000005984,"Zelle/P2P Scam",Authorized,1,"Online Banking","ticket resale","Customer Reported",Claims,Closed-Confirmed,"2025-07-30 10:09:46",2025-07-30,"2025-07-30 10:16:29","2025-07-30 11:20:07","2025-08-22 13:10:27",536.73,536.73,70.27,466.46,0.1309,2,1,0,0,0,1,23,"1. <24h","Financial Investment Account",$5K-25K,0,active,CUS0001556,55-64,"Private Client Banking",NY,Albany,3.5,1,0
FRD000001322,Card-Not-Present,Unauthorized,0,"Online Banking","subscription abuse","ML Model","Card Services",Closed-Confirmed,"2024-12-11 19:35:50",2024-12-11,"2024-12-12 00:56:26","2024-12-13 00:18:16","2024-12-17 06:12:02",591.38,591.38,453.25,138.13,0.7664,2,1,1,0,5,28,5,"2. 24-72h","Total Checking",<$1K,1,active,CUS0000507,45-54,"Consumer Banking",MA,Springfield,3.7,1,0
FRD000001429,Card-Not-Present,Unauthorized,0,"Online Banking","digital wallet","Rules Engine","Card Services",Open,"2026-01-13 10:26:40",2026-01-13,"2026-01-13 16:02:32","2026-01-13 20:29:17",NULL,55.05,55.05,55.05,0.00,1.0000,4,1,1,0,5,10,NULL,"1. <24h","Auto Loan",$25K-100K,0,active,CUS0000135,25-34,"Consumer Banking",FL,Orlando,2.8,0,0
FRD000000350,Card-Not-Present,Unauthorized,0,"Online Banking","digital wallet","Rules Engine","Card Services",Closed-Confirmed,"2024-06-24 09:54:51",2024-06-24,"2024-06-24 19:12:17","2024-06-25 01:09:40","2024-07-06 13:11:39",101.37,101.37,90.84,10.53,0.8961,4,1,0,1,9,15,12,"1. <24h","Business Checking",<$1K,1,active,CUS0002845,35-44,"Financial Banking",NJ,"Jersey City",4.6,1,1
FRD000001596,Card-Not-Present,Unauthorized,0,"Online Banking","digital wallet","Merchant Alert","Card Services",Closed-Confirmed,"2024-05-30 05:37:10",2024-05-30,"2024-05-30 22:53:14",NULL,"2024-06-09 16:47:16",124.97,124.97,113.64,11.33,0.9093,3,1,0,0,17,NULL,10,"Never Reported","Business Platinum",$1K-5K,0,active,CUS0002448,18-24,"Financial Banking",MI,Detroit,4.9,1,1
FRD000001126,Card-Not-Present,Unauthorized,0,"Online Banking","online retail","ML Model","Card Services",Open,"2024-07-27 10:39:05",2024-07-27,"2024-07-28 10:08:42","2024-07-28 10:58:46",NULL,180.44,180.44,147.98,32.46,0.8201,5,1,1,0,23,24,NULL,"2. 24-72h","Financial Investment Account",<$1K,0,active,CUS0001803,45-54,"Private Client Banking",KS,Wichita,3.0,1,0
FRD000001879,Card-Not-Present,Unauthorized,0,"Online Banking","online retail","Rules Engine","Card Services",Closed-Confirmed,"2025-12-21 08:16:40",2025-12-21,"2025-12-21 09:54:04","2025-12-21 14:16:44","2025-12-29 11:27:09",51.26,51.26,38.50,12.76,0.7511,2,1,1,0,1,6,8,"1. <24h","Sapphire Preferred",$1K-5K,0,closed,CUS0002373,35-44,"Consumer Banking",TX,Austin,3.9,1,0
FRD000008335,"Business Email Compromise",Authorized,1,"Online Banking","closing wire redirect","Customer Reported","Wire Recall",Closed-Confirmed,"2024-02-11 00:05:33",2024-02-11,"2024-02-13 12:11:00","2024-02-14 21:19:05","2024-03-02 23:03:58",75969.73,75969.73,15244.46,60725.27,0.2007,1,0,0,0,60,93,20,"3. 3-7d","Freedom Unlimited",<$1K,0,active,CUS0000276,35-44,"Consumer Banking",KS,Topeka,7.7,1,0
FRD000006659,"Zelle/P2P Scam",Authorized,1,"Online Banking","fake marketplace seller","Customer Reported",Claims,"Under Review","2024-01-04 23:44:07",2024-01-04,"2024-01-05 05:53:04","2024-01-05 09:15:17",NULL,1144.92,1144.92,110.36,1034.56,0.0964,3,0,0,0,6,9,NULL,"1. <24h","Total Checking",$1K-5K,1,active,CUS0000800,55-64,"Consumer Banking",FL,Orlando,14.6,1,0
FRD000006706,"Zelle/P2P Scam",Authorized,1,"Online Banking","ticket resale","Customer Reported",Claims,Closed-Confirmed,"2025-11-30 06:03:17",2025-11-30,"2025-11-30 09:27:55","2025-11-30 09:44:01","2026-01-08 21:12:18",1507.64,929.92,144.64,785.28,0.1555,1,1,0,0,3,3,39,"1. <24h","Auto Loan",$25K-100K,0,active,CUS0002096,25-34,"Consumer Banking",CA,"San Diego",1.4,1,0
FRD000004134,Phishing/Smishing,Unauthorized,1,"Online Banking","QR code","Rules Engine","Fraud Ops",Closed-Confirmed,"2025-11-18 01:54:33",2025-11-18,"2025-11-23 07:25:06",NULL,"2026-01-06 10:12:34",885.84,885.84,359.28,526.56,0.4056,2,1,0,1,125,NULL,49,"Never Reported","Business Platinum",<$1K,0,active,CUS0002273,35-44,"Financial Banking",NJ,Trenton,14.0,1,0
FRD000004049,Phishing/Smishing,Unauthorized,1,"Online Banking","fake login page","ML Model","Fraud Ops",Closed-Confirmed,"2025-05-25 11:36:58",2025-05-25,"2025-05-28 22:42:43",NULL,"2025-07-05 16:40:14",3804.77,2500.36,1114.66,1385.70,0.4458,3,1,0,0,83,NULL,41,"Never Reported","Total Checking",$25K-100K,1,active,CUS0002161,65+,"Consumer Banking",KS,Wichita,2.3,1,1
FRD000002916,Card-Not-Present,Unauthorized,0,"Online Banking","subscription abuse","ML Model","Card Services",Closed-Confirmed,"2025-12-22 13:05:12",2025-12-22,"2025-12-22 21:13:59","2025-12-23 00:21:08","2026-01-23 16:27:10",123.62,123.62,123.62,0.00,1.0000,2,1,1,0,8,11,32,"1. <24h","Total Checking",<$1K,1,active,CUS0001612,55-64,"Consumer Banking",FL,Tampa,1.2,1,0
FRD000000530,Card-Not-Present,Unauthorized,0,"Online Banking","online retail","Customer Reported","Card Services",Closed-Confirmed,"2024-12-11 01:10:01",2024-12-11,"2024-12-11 14:27:06","2024-12-11 15:18:38","2024-12-19 08:03:08",49.82,49.82,39.80,10.02,0.7989,3,1,0,0,13,14,8,"1. <24h","Auto Loan",<$1K,0,active,CUS0000250,65+,"Consumer Banking",NJ,Trenton,6.8,1,0
FRD000006727,"Zelle/P2P Scam",Authorized,1,"Online Banking","utility impersonation","Customer Reported",Claims,Closed-Confirmed,"2025-09-09 20:38:46",2025-09-09,"2025-09-10 17:32:33","2025-09-11 13:42:58","2025-09-12 10:25:46",2553.73,2232.09,212.63,2019.46,0.0953,4,0,0,0,20,41,2,"2. 24-72h","Private Client Checking",<$1K,1,active,CUS0002190,35-44,"Private Client Banking",MA,Worcester,0.0,1,0
FRD000005041,"Account Takeover",Unauthorized,0,"Online Banking","password reset abuse","ML Model","Fraud Ops",Closed-Confirmed,"2024-04-11 02:03:10",2024-04-11,"2024-04-11 17:54:15",NULL,"2024-05-18 14:49:21",2402.17,2402.17,892.10,1510.07,0.3714,2,1,0,0,15,NULL,37,"Never Reported","Auto Loan",$25K-100K,0,active,CUS0001902,35-44,"Consumer Banking",NY,"New York",1.9,1,0
FRD000009141,"Identity Theft/Synthetic",Unauthorized,0,"Online Banking",bust-out,"ML Model","Fraud Ops",Closed-Confirmed,"2024-05-16 02:27:03",2024-05-16,"2024-11-12 21:47:30","2024-11-13 23:18:42","2024-11-22 10:46:20",1820.70,1712.94,382.92,1330.02,0.2235,3,1,1,1,4339,4364,190,"4. 7d+","Total Checking",<$1K,1,active,CUS0000387,35-44,"Consumer Banking",TX,Austin,7.2,1,0
FRD000001360,Card-Not-Present,Unauthorized,0,"Online Banking","digital wallet","ML Model","Card Services",Closed-Confirmed,"2024-10-04 07:26:57",2024-10-04,"2024-10-05 10:42:42",NULL,"2024-10-11 08:47:08",642.66,642.66,433.90,208.76,0.6752,1,1,0,0,27,NULL,7,"Never Reported","Business Savings",$25K-100K,1,active,CUS0001381,45-54,"Financial Banking",NY,Buffalo,2.8,1,0
FRD000004694,Phishing/Smishing,Unauthorized,1,"Online Banking","QR code","ML Model","Fraud Ops",Closed-Confirmed,"2025-06-29 00:23:05",2025-06-29,"2025-07-04 01:57:13","2025-07-04 08:06:38","2025-07-09 01:22:30",2219.07,2219.07,1521.65,697.42,0.6857,3,1,1,0,121,127,10,"3. 3-7d","Total Checking",$5K-25K,1,active,CUS0000436,25-34,"Consumer Banking",CA,"Los Angeles",3.3,1,0
FRD000003872,Phishing/Smishing,Unauthorized,1,"Online Banking","fake login page","Customer Reported","Fraud Ops","Under Review","2024-12-25 09:10:18",2024-12-25,"2024-12-27 06:31:57","2024-12-29 02:45:19",NULL,1336.08,154.00,91.50,62.50,0.5942,2,1,1,1,45,89,NULL,"3. 3-7d","Freedom Unlimited",$1K-5K,0,active,CUS0000303,25-34,"Consumer Banking",PA,Pittsburgh,8.7,1,1
FRD000002164,Card-Not-Present,Unauthorized,0,"Online Banking","card testing","ML Model","Card Services",Closed-Confirmed,"2025-05-17 04:07:02",2025-05-17,"2025-05-18 00:34:29",NULL,"2025-06-09 18:23:34",342.70,342.70,318.35,24.35,0.9289,2,1,0,0,20,NULL,23,"Never Reported","Sapphire Preferred",<$1K,0,active,CUS0001281,25-34,"Consumer Banking",TX,Houston,8.5,1,0
FRD000005461,"Account Takeover",Unauthorized,0,"Online Banking","credential stuffing","Customer Reported","Fraud Ops",Closed-Confirmed,"2026-04-15 11:04:30",2026-04-15,"2026-04-17 17:26:55","2026-04-18 10:08:51","2026-04-28 12:50:54",3504.25,2902.01,1202.69,1699.32,0.4144,4,1,1,0,54,71,13,"2. 24-72h","Auto Loan",$1K-5K,0,active,CUS0000169,65+,"Consumer Banking",TX,Dallas,2.3,1,0
FRD000002673,Card-Not-Present,Unauthorized,0,"Online Banking","subscription abuse","Customer Reported","Card Services","Closed-No Fraud","2025-02-16 17:25:25",2025-02-16,"2025-02-18 20:16:20","2025-02-19 02:28:51","2025-03-02 17:00:44",334.94,0.00,0.00,0.00,NULL,3,0,0,0,50,57,13,"2. 24-72h","Premier Savings",$5K-25K,1,active,CUS0000911,35-44,"Consumer Banking",TX,Houston,2.2,1,0
FRD000005012,"Account Takeover",Unauthorized,0,"Online Banking","session hijack","ML Model","Fraud Ops",Closed-Confirmed,"2024-08-24 18:32:00",2024-08-24,"2024-08-26 08:09:16","2024-08-26 12:51:01","2024-09-25 11:57:57",8932.28,2775.45,1347.84,1427.61,0.4856,2,1,0,1,37,42,31,"2. 24-72h","Sapphire Preferred",$100K+,0,active,CUS0000891,55-64,"Consumer Banking",NJ,Trenton,7.1,1,1
FRD000006848,"Zelle/P2P Scam",Authorized,1,"Online Banking","utility impersonation","Rules Engine",Claims,Closed-Confirmed,"2024-08-24 14:55:59",2024-08-24,"2024-08-24 22:52:15",NULL,"2024-08-30 23:18:00",2284.30,2284.30,239.25,2045.05,0.1047,2,0,0,0,7,NULL,6,"Never Reported","Financial Investment Account",$1K-5K,0,active,CUS0000182,55-64,"Private Client Banking",CA,"Los Angeles",5.8,1,0
FRD000005757,"Account Takeover",Unauthorized,0,"Online Banking","credential stuffing","ML Model","Fraud Ops",Closed-Confirmed,"2026-04-07 05:27:02",2026-04-07,"2026-04-10 01:58:24","2026-04-10 14:29:27","2026-05-13 19:38:49",26842.24,26842.24,13024.38,13817.86,0.4852,2,1,1,1,68,81,36,"3. 3-7d","Business Savings",$5K-25K,1,active,CUS0002051,25-34,"Financial Banking",TX,Houston,0.8,1,0
FRD000005635,"Account Takeover",Unauthorized,0,"Online Banking","SIM swap","ML Model","Fraud Ops",Closed-Confirmed,"2025-11-02 11:54:36",2025-11-02,"2025-11-02 17:00:42",NULL,"2025-11-14 04:29:14",26877.56,26877.56,9887.45,16990.11,0.3679,6,1,0,0,5,NULL,11,"Never Reported","Business Platinum",<$1K,0,active,CUS0002175,25-34,"Financial Banking",CA,"Los Angeles",2.9,1,0
FRD000004646,Phishing/Smishing,Unauthorized,1,"Online Banking","credential harvest","ML Model","Fraud Ops",Closed-Confirmed,"2025-07-20 12:59:34",2025-07-20,"2025-07-24 07:14:10",NULL,"2025-08-11 18:38:03",186.99,186.99,80.87,106.12,0.4325,1,1,0,0,90,NULL,22,"Never Reported","Freedom Unlimited",<$1K,0,active,CUS0000909,55-64,"Consumer Banking",TX,Dallas,13.2,1,0
FRD000009813,"Tech Support/Impersonation",Authorized,1,"Online Banking","refund overpayment","Rules Engine",Claims,Closed-Confirmed,"2026-02-15 21:29:07",2026-02-15,"2026-02-16 17:08:16",NULL,"2026-03-02 02:21:16",2338.59,2338.59,735.29,1603.30,0.3144,2,0,0,0,19,NULL,14,"Never Reported","Premier Savings",$1K-5K,1,active,CUS0001299,18-24,"Consumer Banking",FL,Tampa,14.7,1,0
FRD000008180,"Business Email Compromise",Authorized,1,"Online Banking","vendor invoice redirect","ML Model","Wire Recall",Closed-Confirmed,"2024-01-22 06:18:11",2024-01-22,"2024-01-24 03:08:10","2024-01-25 09:19:44","2024-02-02 22:22:17",21474.95,21474.95,5016.95,16458.00,0.2336,2,0,0,1,44,75,11,"3. 3-7d","Private Client Savings",$25K-100K,1,active,CUS0001459,35-44,"Private Client Banking",FL,Miami,1.2,1,1
FRD000004405,Phishing/Smishing,Unauthorized,1,"Online Banking","QR code","Customer Reported","Fraud Ops",Closed-Confirmed,"2024-08-21 08:41:23",2024-08-21,"2024-08-27 20:22:50","2024-08-28 10:31:07","2024-09-16 07:39:42",647.37,509.58,236.95,272.63,0.4650,1,1,0,1,155,169,25,"4. 7d+","Premier Savings",$5K-25K,1,active,CUS0001288,25-34,"Consumer Banking",MI,Detroit,1.9,1,0
FRD000009692,"Tech Support/Impersonation",Authorized,1,"Online Banking","bank impersonation","Customer Reported",Claims,Closed-Confirmed,"2026-01-23 22:22:04",2026-01-23,"2026-01-25 06:26:31","2026-01-25 11:56:41","2026-02-15 23:28:48",26448.78,24555.73,4993.81,19561.92,0.2034,2,0,0,1,32,37,23,"2. 24-72h","Sapphire Preferred",$5K-25K,0,active,CUS0001680,18-24,"Consumer Banking",MA,Worcester,1.9,1,0
FRD000001786,Card-Not-Present,Unauthorized,0,"Online Banking","digital wallet","Rules Engine","Card Services",Closed-Confirmed,"2024-06-15 17:52:48",2024-06-15,"2024-06-16 12:51:33","2024-06-17 19:11:10","2024-07-05 13:49:33",550.70,550.70,505.97,44.73,0.9188,2,1,1,0,18,49,19,"2. 24-72h","Auto Loan",$25K-100K,0,active,CUS0000769,45-54,"Consumer Banking",NY,Buffalo,8.0,1,0
FRD000009884,"Tech Support/Impersonation",Authorized,1,"Online Banking","fake antivirus","Rules Engine",Claims,"Closed-No Fraud","2024-09-11 07:32:34",2024-09-11,"2024-09-16 01:16:01","2024-09-16 07:56:55","2024-09-26 02:58:37",825.16,0.00,0.00,0.00,NULL,5,0,0,0,113,120,14,"3. 3-7d","Business Savings",$25K-100K,1,active,CUS0002440,25-34,"Financial Banking",FL,Tampa,7.2,1,0
FRD000006668,"Zelle/P2P Scam",Authorized,1,"Online Banking","ticket resale","Customer Reported",Claims,Closed-Confirmed,"2024-11-28 14:51:54",2024-11-28,"2024-11-29 07:37:32","2024-11-29 17:48:25","2024-12-06 16:29:04",394.73,94.32,12.19,82.13,0.1292,2,1,0,0,16,26,8,"2. 24-72h","Auto Loan",<$1K,0,active,CUS0002368,45-54,"Consumer Banking",NY,Albany,6.7,1,0
FRD000002243,Card-Not-Present,Unauthorized,0,"Online Banking","digital wallet","Merchant Alert","Card Services",Closed-Confirmed,"2025-08-03 16:18:31",2025-08-03,"2025-08-04 02:20:49","2025-08-04 05:08:59","2025-08-15 11:07:25",857.71,857.71,724.35,133.36,0.8445,2,1,1,0,10,12,11,"1. <24h","Premier Savings",$25K-100K,1,active,CUS0000160,18-24,"Consumer Banking",KS,"Overland Park",9.7,1,0
FRD000007164,"Zelle/P2P Scam",Authorized,1,"Online Banking","ticket resale","Customer Reported",Claims,Closed-Confirmed,"2024-01-03 15:28:43",2024-01-03,"2024-01-03 22:03:47","2024-01-04 10:38:00","2024-01-07 11:56:55",536.77,536.77,73.41,463.36,0.1368,2,0,0,0,6,19,3,"1. <24h","Total Checking",<$1K,1,active,CUS0000880,65+,"Consumer Banking",MI,Lansing,12.2,0,0
FRD000006808,"Zelle/P2P Scam",Authorized,1,"Online Banking","ticket resale","Customer Reported",Claims,Closed-Confirmed,"2026-05-18 20:09:26",2026-05-18,"2026-05-19 14:35:10","2026-05-20 03:23:55","2026-05-29 18:20:37",2597.78,1205.90,119.78,1086.12,0.0993,4,0,0,0,18,31,10,"2. 24-72h","Business Checking",$1K-5K,1,active,CUS0002793,18-24,"Financial Banking",KS,"Overland Park",7.4,1,0
FRD000000524,Card-Not-Present,Unauthorized,0,"Online Banking","digital wallet","Customer Reported","Card Services",Closed-Confirmed,"2024-10-16 16:31:39",2024-10-16,"2024-10-17 06:23:08","2024-10-17 18:18:10","2024-12-24 03:42:03",57.62,57.62,57.62,0.00,1.0000,6,1,1,0,13,25,68,"2. 24-72h","Financial Investment Account",$5K-25K,0,active,CUS0001740,45-54,"Private Client Banking",CA,"San Francisco",0.8,1,0
FRD000003981,Phishing/Smishing,Unauthorized,1,"Online Banking","credential harvest","Rules Engine","Fraud Ops",Closed-Confirmed,"2024-06-16 23:22:11",2024-06-16,"2024-06-20 13:58:39",NULL,"2024-08-02 01:45:29",981.46,981.46,521.51,459.95,0.5314,1,1,0,0,86,NULL,46,"Never Reported","Total Checking",$1K-5K,1,active,CUS0002009,35-44,"Consumer Banking",KS,Topeka,8.3,1,0
FRD000004281,Phishing/Smishing,Unauthorized,1,"Online Banking","QR code","Customer Reported","Fraud Ops",Closed-Confirmed,"2024-10-04 18:54:23",2024-10-04,"2024-10-07 02:53:29","2024-10-07 10:00:14","2024-10-19 22:15:16",4571.25,4571.25,2129.76,2441.49,0.4659,3,1,0,0,55,63,15,"2. 24-72h","Sapphire Preferred",$5K-25K,0,active,CUS0001802,45-54,"Consumer Banking",MI,Lansing,1.0,1,0
FRD000007372,"Zelle/P2P Scam",Authorized,1,"Online Banking","rental deposit","Customer Reported",Claims,Closed-Confirmed,"2024-12-21 01:31:32",2024-12-21,"2024-12-21 07:02:39","2024-12-21 10:58:06","2025-01-06 21:24:07",767.40,767.40,74.63,692.77,0.0973,1,0,0,0,5,9,16,"1. <24h","Freedom Unlimited",$1K-5K,0,active,CUS0002983,55-64,"Consumer Banking",FL,Tampa,4.1,1,0
FRD000000704,Card-Not-Present,Unauthorized,0,"Online Banking","card testing","Merchant Alert","Card Services","Closed-No Fraud","2025-08-03 06:46:28",2025-08-03,"2025-08-03 16:41:27",NULL,"2025-08-08 08:25:12",113.75,0.00,0.00,0.00,NULL,3,0,0,0,9,NULL,5,"Never Reported","Premier Savings",<$1K,1,closed,CUS0002766,55-64,"Consumer Banking",FL,Tampa,5.5,0,0
FRD000009717,"Tech Support/Impersonation",Authorized,1,"Online Banking","refund overpayment","Customer Reported",Claims,Closed-Confirmed,"2025-08-23 12:10:39",2025-08-23,"2025-08-26 05:05:50","2025-08-26 12:47:08","2025-09-03 19:54:01",2473.40,1892.49,515.85,1376.64,0.2726,2,0,0,1,64,72,11,"3. 3-7d","Sapphire Preferred",<$1K,0,active,CUS0001042,45-54,"Consumer Banking",CA,"San Francisco",5.8,0,0
FRD000008288,"Business Email Compromise",Authorized,1,"Online Banking","closing wire redirect","Customer Reported","Wire Recall",Closed-Confirmed,"2026-05-22 10:12:08",2026-05-22,"2026-05-24 08:40:36","2026-05-24 15:33:23","2026-06-30 18:57:44",31154.91,31154.91,9808.73,21346.18,0.3148,1,0,0,1,46,53,39,"2. 24-72h","Total Checking",$1K-5K,1,active,CUS0000705,25-34,"Consumer Banking",CA,"Los Angeles",4.1,0,0
FRD000009167,"Identity Theft/Synthetic",Unauthorized,0,"Online Banking",bust-out,"Statement Review","Fraud Ops",Closed-Confirmed,"2024-01-13 12:23:37",2024-01-13,"2024-06-07 11:26:24","2024-06-13 21:02:23","2024-07-01 06:59:17",8515.06,8515.06,1491.65,7023.41,0.1752,5,1,0,0,3503,3656,169,"4. 7d+","Auto Loan",<$1K,0,closed,CUS0002358,65+,"Consumer Banking",MA,Boston,15.1,0,0
FRD000006399,"Zelle/P2P Scam",Authorized,1,"Online Banking","rental deposit","Customer Reported",Claims,Closed-Confirmed,"2024-12-06 22:51:28",2024-12-06,"2024-12-07 04:18:39","2024-12-07 10:36:06","2024-12-18 23:57:34",205.45,121.32,17.04,104.28,0.1405,1,0,0,0,5,11,12,"1. <24h","Sapphire Preferred",$1K-5K,0,active,CUS0001804,65+,"Consumer Banking",CA,"San Diego",11.9,1,0
FRD000008520,"Identity Theft/Synthetic",Unauthorized,0,"Online Banking","stolen SSN","ML Model","Fraud Ops",Closed-Confirmed,"2024-11-04 08:25:00",2024-11-04,"2025-01-11 11:04:26",NULL,"2025-01-27 02:34:44",33616.88,33616.88,8127.89,25488.99,0.2418,1,1,0,0,1634,NULL,83,"Never Reported","Private Client Savings",$1K-5K,1,active,CUS0000588,65+,"Private Client Banking",MI,Detroit,0.8,1,0
FRD000001875,Card-Not-Present,Unauthorized,0,"Online Banking","subscription abuse","ML Model","Card Services",Closed-Confirmed,"2026-06-05 22:38:56",2026-06-05,"2026-06-07 00:08:49",NULL,"2026-06-10 19:16:07",144.45,144.45,144.45,0.00,1.0000,3,1,0,0,25,NULL,4,"Never Reported","Sapphire Preferred",$25K-100K,0,closed,CUS0000617,25-34,"Consumer Banking",KS,Topeka,2.4,1,0
FRD000008333,"Business Email Compromise",Authorized,1,"Online Banking","payroll diversion","Customer Reported","Wire Recall",Closed-Confirmed,"2024-09-11 22:13:22",2024-09-11,"2024-09-13 02:56:12","2024-09-13 15:22:00","2024-09-24 20:52:08",420261.90,420261.90,168083.08,252178.82,0.3999,1,0,0,1,28,41,12,"2. 24-72h","Sapphire Preferred",$1K-5K,0,active,CUS0001435,18-24,"Consumer Banking",NJ,Newark,6.0,1,2
FRD000009651,"Tech Support/Impersonation",Authorized,1,"Online Banking","fake antivirus","Rules Engine",Claims,"Under Review","2026-01-11 16:47:50",2026-01-11,"2026-01-13 05:48:25",NULL,NULL,4774.82,4774.82,1373.80,3401.02,0.2877,2,0,0,0,37,NULL,NULL,"Never Reported","Total Checking",$5K-25K,1,active,CUS0000612,18-24,"Consumer Banking",KS,"Overland Park",2.6,1,0
FRD000005786,"Account Takeover",Unauthorized,0,"Online Banking","credential stuffing","ML Model","Fraud Ops",Open,"2026-02-23 06:36:03",2026-02-23,"2026-02-26 17:20:11",NULL,NULL,6701.83,6701.83,2843.49,3858.34,0.4243,4,1,0,0,82,NULL,NULL,"Never Reported","Sapphire Preferred",$1K-5K,0,active,CUS0000840,45-54,"Consumer Banking",FL,Orlando,1.1,0,0
FRD000000157,Card-Not-Present,Unauthorized,0,"Online Banking","subscription abuse","Rules Engine","Card Services",Open,"2025-05-30 15:57:16",2025-05-30,"2025-05-31 10:21:18","2025-05-31 12:26:59",NULL,303.96,303.96,268.49,35.47,0.8833,1,1,1,0,18,20,NULL,"1. <24h","Sapphire Preferred",$1K-5K,0,active,CUS0001763,25-34,"Consumer Banking",NJ,"Jersey City",12.9,1,0
FRD000005409,"Account Takeover",Unauthorized,0,"Online Banking","credential stuffing","ML Model","Fraud Ops",Closed-Confirmed,"2024-09-04 03:41:14",2024-09-04,"2024-09-05 07:55:39","2024-09-05 22:17:24","2024-09-26 22:17:42",1713.78,1617.06,734.60,882.46,0.4543,5,1,1,0,28,42,22,"2. 24-72h","Sapphire Preferred",$5K-25K,0,active,CUS0001663,55-64,"Consumer Banking",MI,Detroit,3.6,1,0
FRD000002456,Card-Not-Present,Unauthorized,0,"Online Banking","online retail","Customer Reported","Card Services",Closed-Confirmed,"2024-02-10 14:29:10",2024-02-10,"2024-02-10 21:16:05","2024-02-11 09:30:49","2024-02-17 01:29:35",246.15,74.08,68.10,5.98,0.9193,2,1,0,0,6,19,6,"1. <24h","Premier Savings",$1K-5K,1,active,CUS0001133,45-54,"Consumer Banking",MA,Worcester,12.2,1,0
FRD000001704,Card-Not-Present,Unauthorized,0,"Online Banking","card testing","Customer Reported","Card Services","Under Review","2024-01-23 01:38:35",2024-01-23,"2024-01-23 01:44:07","2024-01-23 10:26:34",NULL,119.98,119.98,119.98,0.00,1.0000,2,1,1,0,0,8,NULL,"1. <24h","Auto Loan",<$1K,0,active,CUS0000605,45-54,"Consumer Banking",NJ,Newark,0.3,1,0
FRD000007126,"Zelle/P2P Scam",Authorized,1,"Online Banking","ticket resale","Customer Reported",Claims,Closed-Confirmed,"2024-12-09 16:39:44",2024-12-09,"2024-12-09 21:20:44","2024-12-10 09:27:52","2024-12-29 20:00:15",875.52,434.82,53.14,381.68,0.1222,2,0,0,0,4,16,20,"1. <24h","Total Checking",<$1K,1,active,CUS0000046,25-34,"Consumer Banking",FL,Orlando,3.6,1,0
FRD000008688,"Identity Theft/Synthetic",Unauthorized,0,"Online Banking","new account fraud","Customer Reported","Fraud Ops","Closed-No Fraud","2024-02-23 08:14:28",2024-02-23,"2024-05-25 16:52:18","2024-05-27 17:17:33","2024-05-30 02:38:24",5855.53,0.00,0.00,0.00,NULL,3,0,0,0,2216,2265,96,"4. 7d+","Business Platinum",<$1K,0,active,CUS0001772,55-64,"Financial Banking",KS,Wichita,3.6,1,0
FRD000007239,"Zelle/P2P Scam",Authorized,1,"Online Banking","utility impersonation","Customer Reported",Claims,Closed-Confirmed,"2024-08-12 22:40:34",2024-08-12,"2024-08-13 12:14:34","2024-08-13 20:38:36","2024-08-30 20:44:14",1237.52,1237.52,140.89,1096.63,0.1138,2,0,0,0,13,21,17,"1. <24h","Business Checking",$1K-5K,1,active,CUS0000786,25-34,"Financial Banking",CA,"San Francisco",12.7,0,0
FRD000006687,"Zelle/P2P Scam",Authorized,1,"Online Banking","rental deposit","Customer Reported",Claims,Closed-Confirmed,"2024-06-13 09:27:31",2024-06-13,"2024-06-13 16:58:34","2024-06-13 22:16:17","2024-07-06 09:50:25",1046.43,261.60,32.65,228.95,0.1248,2,0,0,0,7,12,23,"1. <24h","Auto Loan",<$1K,0,active,CUS0002156,25-34,"Consumer Banking",KS,Wichita,1.9,1,0
FRD000004752,Phishing/Smishing,Unauthorized,1,"Online Banking","QR code","Customer Reported","Fraud Ops",Closed-Confirmed,"2024-04-09 13:38:01",2024-04-09,"2024-04-11 23:11:13","2024-04-13 01:34:15","2024-04-22 21:36:47",1502.81,1502.81,905.03,597.78,0.6022,1,1,1,0,57,83,13,"3. 3-7d","Private Client Savings",<$1K,1,active,CUS0002041,25-34,"Private Client Banking",NY,Buffalo,7.5,1,0
FRD000000863,Card-Not-Present,Unauthorized,0,"Online Banking","digital wallet","Rules Engine","Card Services",Closed-Confirmed,"2025-03-08 06:13:54",2025-03-08,"2025-03-08 16:34:48","2025-03-09 04:56:36","2025-03-16 06:30:49",140.39,110.46,110.46,0.00,1.0000,1,1,1,1,10,22,8,"1. <24h","Total Checking",<$1K,1,active,CUS0001140,35-44,"Consumer Banking",CA,"Los Angeles",2.0,1,0
FRD000008461,"Identity Theft/Synthetic",Unauthorized,0,"Online Banking","stolen SSN","ML Model","Fraud Ops","Closed-No Fraud","2025-12-14 23:03:58",2025-12-14,"2026-04-21 21:06:47","2026-04-28 22:55:24","2026-04-30 00:37:00",3460.64,0.00,0.00,0.00,NULL,4,0,0,0,3070,3239,136,"4. 7d+","Sapphire Preferred",$1K-5K,0,active,CUS0000745,65+,"Consumer Banking",MA,Worcester,0.7,1,0
FRD000008260,"Business Email Compromise",Authorized,1,"Online Banking","vendor invoice redirect","Customer Reported","Wire Recall",Open,"2024-06-09 13:44:12",2024-06-09,"2024-06-13 01:58:01","2024-06-14 01:39:55",NULL,62129.71,8507.56,1903.23,6604.33,0.2237,1,0,0,0,84,107,NULL,"3. 3-7d","Auto Loan",<$1K,0,closed,CUS0000987,65+,"Consumer Banking",MA,Worcester,2.0,1,0
FRD000007107,"Zelle/P2P Scam",Authorized,1,"Online Banking","utility impersonation","Customer Reported",Claims,Closed-Confirmed,"2026-03-25 09:37:17",2026-03-25,"2026-03-25 12:00:29","2026-03-25 23:39:17","2026-05-05 03:37:39",1076.97,1076.97,100.43,976.54,0.0933,1,0,0,0,2,14,40,"1. <24h","Sapphire Preferred",$100K+,0,active,CUS0001399,25-34,"Consumer Banking",PA,Harrisburg,4.4,0,0
FRD000006213,"Zelle/P2P Scam",Authorized,1,"Online Banking","fake marketplace seller","Customer Reported",Claims,Closed-Confirmed,"2025-11-05 18:05:39",2025-11-05,"2025-11-06 00:40:10","2025-11-06 22:37:28","2025-11-17 10:07:25",720.79,720.79,80.00,640.79,0.1110,3,0,0,0,6,28,11,"2. 24-72h","Business Checking",<$1K,1,active,CUS0001365,55-64,"Financial Banking",MI,"Grand Rapids",3.0,1,0
FRD000008149,"Business Email Compromise",Authorized,1,"Online Banking","CEO impersonation","Customer Reported","Wire Recall",Closed-Confirmed,"2024-01-13 19:52:04",2024-01-13,"2024-01-17 03:12:51","2024-01-17 15:00:15","2024-02-02 02:01:35",355331.85,355331.85,126071.71,229260.14,0.3548,1,0,0,0,79,91,19,"3. 3-7d","Sapphire Preferred",<$1K,0,active,CUS0002694,45-54,"Consumer Banking",TX,Dallas,6.1,1,0
FRD000006584,"Zelle/P2P Scam",Authorized,1,"Online Banking","rental deposit","Customer Reported",Claims,Closed-Confirmed,"2024-01-01 18:48:10",2024-01-01,"2024-01-02 12:53:46","2024-01-02 13:54:43","2024-01-26 03:54:42",1242.76,1242.76,137.49,1105.27,0.1106,1,1,0,0,18,19,24,"1. <24h","Premier Savings",$1K-5K,1,active,CUS0001080,25-34,"Consumer Banking",KS,Wichita,2.4,1,0
FRD000006001,"Zelle/P2P Scam",Authorized,1,"Online Banking","fake marketplace seller","Customer Reported",Claims,"Closed-No Fraud","2024-11-04 02:47:53",2024-11-04,"2024-11-04 05:31:56","2024-11-04 07:12:38","2024-11-15 07:05:39",351.84,0.00,0.00,0.00,NULL,2,0,0,0,2,4,11,"1. <24h","Premier Savings",$5K-25K,1,active,CUS0002050,65+,"Consumer Banking",NY,Buffalo,1.1,1,0
FRD000007176,"Zelle/P2P Scam",Authorized,1,"Online Banking","fake marketplace seller","Customer Reported",Claims,Closed-Confirmed,"2026-05-14 16:17:53",2026-05-14,"2026-05-15 10:24:26","2026-05-15 14:37:37","2026-06-11 18:15:26",413.25,328.92,37.35,291.57,0.1136,1,0,0,0,18,22,28,"1. <24h","Auto Loan",$5K-25K,0,closed,CUS0001574,55-64,"Consumer Banking",NY,Buffalo,5.1,0,0
FRD000008528,"Identity Theft/Synthetic",Unauthorized,0,"Online Banking","stolen SSN","ML Model","Fraud Ops","Under Review","2026-02-10 13:44:04",2026-02-10,"2026-03-16 23:16:31","2026-03-27 16:42:17",NULL,24511.35,24511.35,3667.09,20844.26,0.1496,2,1,0,0,825,1082,NULL,"4. 7d+","Sapphire Preferred",$25K-100K,0,active,CUS0000136,45-54,"Consumer Banking",CA,"Los Angeles",0.3,1,2
FRD000000826,Card-Not-Present,Unauthorized,0,"Online Banking","online retail","ML Model","Card Services",Closed-Confirmed,"2025-02-19 20:20:34",2025-02-19,"2025-02-19 21:46:07","2025-02-20 01:08:42","2025-02-28 22:31:42",258.43,258.43,258.43,0.00,1.0000,2,1,1,0,1,4,9,"1. <24h","Auto Loan",<$1K,0,active,CUS0000403,45-54,"Consumer Banking",NY,Buffalo,0.3,1,1
FRD000009897,"Tech Support/Impersonation",Authorized,1,"Online Banking","fake antivirus","Rules Engine",Claims,Closed-Confirmed,"2024-08-28 06:46:29",2024-08-28,"2024-08-30 12:16:26","2024-08-30 17:31:57","2024-09-11 07:16:25",3120.52,3120.52,683.16,2437.36,0.2189,1,0,0,1,53,58,14,"2. 24-72h","Sapphire Preferred",$1K-5K,0,closed,CUS0000069,35-44,"Consumer Banking",MI,"Grand Rapids",3.2,1,0
FRD000006229,"Zelle/P2P Scam",Authorized,1,"Online Banking","fake marketplace seller","Customer Reported",Claims,"Under Review","2024-04-17 23:28:59",2024-04-17,"2024-04-18 09:53:53","2024-04-18 22:47:59",NULL,1547.96,1547.96,150.97,1396.99,0.0975,1,0,0,0,10,23,NULL,"1. <24h","Total Checking",$5K-25K,1,active,CUS0002434,25-34,"Consumer Banking",MA,Worcester,1.5,1,0
FRD000005225,"Account Takeover",Unauthorized,0,"Online Banking","session hijack","ML Model","Fraud Ops",Closed-Confirmed,"2026-01-24 19:45:21",2026-01-24,"2026-01-28 14:56:06","2026-01-29 18:54:38","2026-02-14 11:20:10",6336.75,6336.75,2778.21,3558.54,0.4384,6,1,1,0,91,119,20,"3. 3-7d","Sapphire Preferred",$1K-5K,0,active,CUS0002136,25-34,"Consumer Banking",KS,Wichita,3.3,1,1
FRD000005954,"Zelle/P2P Scam",Authorized,1,"Online Banking","ticket resale","Customer Reported",Claims,Closed-Confirmed,"2025-01-27 15:08:52",2025-01-27,"2025-01-27 18:42:16","2025-01-28 03:15:49","2025-01-30 14:22:30",589.42,589.42,71.98,517.44,0.1221,1,0,0,0,3,12,2,"1. <24h","Financial Investment Account",<$1K,0,closed,CUS0001932,55-64,"Private Client Banking",KS,"Overland Park",6.9,1,2
FRD000005240,"Account Takeover",Unauthorized,0,"Online Banking","session hijack","ML Model","Fraud Ops",Closed-Confirmed,"2025-10-06 20:08:49",2025-10-06,"2025-10-07 12:29:13","2025-10-08 07:57:18","2025-11-18 04:23:11",368.65,368.65,170.26,198.39,0.4618,4,1,1,0,16,35,42,"2. 24-72h","Private Client Savings",$1K-5K,1,active,CUS0001120,45-54,"Private Client Banking",KS,"Overland Park",3.5,1,0
FRD000002751,Card-Not-Present,Unauthorized,0,"Online Banking","card testing","ML Model","Card Services",Closed-Confirmed,"2025-05-06 16:27:14",2025-05-06,"2025-05-07 04:55:23","2025-05-07 09:38:53","2025-05-14 02:36:59",41.87,41.87,28.81,13.06,0.6881,2,1,1,0,12,17,7,"1. <24h","Total Checking",$1K-5K,1,active,CUS0002709,35-44,"Consumer Banking",KS,Wichita,1.2,1,0
FRD000009741,"Tech Support/Impersonation",Authorized,1,"Online Banking","fake antivirus","Customer Reported",Claims,Closed-Confirmed,"2025-04-28 20:53:18",2025-04-28,"2025-04-29 12:59:17","2025-04-29 21:17:59","2025-05-18 00:22:37",33608.49,23985.87,6605.50,17380.37,0.2754,1,0,0,0,16,24,19,"2. 24-72h","Auto Loan",$5K-25K,0,active,CUS0002959,35-44,"Consumer Banking",NJ,"Jersey City",0.1,1,0
FRD000006551,"Zelle/P2P Scam",Authorized,1,"Online Banking","fake marketplace seller","Rules Engine",Claims,Closed-Confirmed,"2026-01-19 09:20:01",2026-01-19,"2026-01-19 14:30:22","2026-01-19 20:27:06","2026-01-31 21:03:48",893.57,893.57,100.80,792.77,0.1128,1,0,0,0,5,11,12,"1. <24h","Auto Loan",$1K-5K,0,closed,CUS0001152,45-54,"Consumer Banking",TX,Austin,8.6,1,1
FRD000006846,"Zelle/P2P Scam",Authorized,1,"Online Banking","rental deposit","Customer Reported",Claims,Closed-Confirmed,"2024-09-08 21:43:02",2024-09-08,"2024-09-09 09:01:32","2024-09-09 10:02:39","2024-10-20 11:09:44",1034.47,1034.47,110.88,923.59,0.1072,1,1,0,0,11,12,41,"1. <24h","Sapphire Preferred",<$1K,0,active,CUS0001473,18-24,"Consumer Banking",NJ,Newark,4.0,1,1
FRD000007235,"Zelle/P2P Scam",Authorized,1,"Online Banking","rental deposit","Customer Reported",Claims,"Closed-No Fraud","2024-11-10 17:22:56",2024-11-10,"2024-11-10 21:52:48","2024-11-11 01:59:54","2024-11-22 08:04:03",956.97,0.00,0.00,0.00,NULL,1,0,0,0,4,8,11,"1. <24h","Private Client Checking",<$1K,1,active,CUS0002874,65+,"Private Client Banking",KS,Wichita,1.3,1,0
FRD000004111,Phishing/Smishing,Unauthorized,1,"Online Banking","SMS link","Customer Reported","Fraud Ops",Closed-Confirmed,"2026-05-03 12:03:14",2026-05-03,"2026-05-05 13:40:13","2026-05-06 15:30:35","2026-05-31 18:41:33",1992.21,1992.21,1241.33,750.88,0.6231,1,1,1,0,49,75,28,"3. 3-7d","Sapphire Preferred",$5K-25K,0,closed,CUS0002126,45-54,"Consumer Banking",CA,"San Francisco",32.8,1,0
FRD000005690,"Account Takeover",Unauthorized,0,"Online Banking","session hijack","ML Model","Fraud Ops",Closed-Confirmed,"2025-03-25 05:43:33",2025-03-25,"2025-03-28 06:28:59","2025-03-29 15:26:39","2025-05-17 19:39:42",2666.24,1831.39,618.53,1212.86,0.3377,6,1,0,0,72,105,53,"3. 3-7d","Business Platinum",<$1K,0,active,CUS0001402,35-44,"Financial Banking",FL,Tampa,5.0,1,0
FRD000004168,Phishing/Smishing,Unauthorized,1,"Online Banking","fake login page","Customer Reported","Fraud Ops",Closed-Confirmed,"2026-05-26 06:38:28",2026-05-26,"2026-05-27 15:00:13","2026-05-28 20:45:33","2026-06-13 13:45:58",1050.64,779.96,439.41,340.55,0.5634,1,1,1,0,32,62,18,"2. 24-72h","Sapphire Preferred",<$1K,0,active,CUS0002221,35-44,"Consumer Banking",CA,"Los Angeles",0.6,1,0
FRD000005068,"Account Takeover",Unauthorized,0,"Online Banking","password reset abuse","Customer Reported","Fraud Ops",Closed-Confirmed,"2026-05-05 06:24:58",2026-05-05,"2026-05-08 04:32:19","2026-05-09 07:48:41","2026-05-19 02:11:25",2999.13,2999.13,1392.90,1606.23,0.4644,4,1,0,0,70,97,13,"3. 3-7d","Freedom Unlimited",$5K-25K,0,active,CUS0001586,65+,"Consumer Banking",TX,Austin,9.8,0,0
FRD000005713,"Account Takeover",Unauthorized,0,"Online Banking","SIM swap","Customer Reported","Fraud Ops",Closed-Confirmed,"2024-05-05 08:50:03",2024-05-05,"2024-05-07 11:37:49","2024-05-07 19:14:22","2024-05-15 17:56:07",2986.11,2986.11,1435.46,1550.65,0.4807,5,1,1,0,50,58,10,"2. 24-72h","Auto Loan",$100K+,0,active,CUS0001412,65+,"Consumer Banking",FL,Orlando,4.1,1,1
FRD000002935,Card-Not-Present,Unauthorized,0,"Online Banking","card testing","Customer Reported","Card Services",Closed-Confirmed,"2025-04-04 10:44:29",2025-04-04,"2025-04-04 11:49:40","2025-04-04 21:34:58","2025-04-12 20:50:30",59.06,24.34,23.61,0.73,0.9700,1,1,0,0,1,10,8,"1. <24h","Business Savings",$1K-5K,1,active,CUS0001665,25-34,"Financial Banking",CA,"Los Angeles",9.3,1,0
FRD000004316,Phishing/Smishing,Unauthorized,1,"Online Banking","credential harvest","Customer Reported","Fraud Ops",Closed-Confirmed,"2025-05-23 02:24:35",2025-05-23,"2025-05-25 13:17:56","2025-05-26 05:36:56","2025-06-12 19:56:39",1362.86,1362.86,789.15,573.71,0.5790,3,1,1,1,58,75,20,"3. 3-7d","Premier Savings",<$1K,1,active,CUS0000955,25-34,"Consumer Banking",NY,Albany,13.3,1,0
FRD000008536,"Identity Theft/Synthetic",Unauthorized,0,"Online Banking","new account fraud","ML Model","Fraud Ops",Closed-Confirmed,"2024-11-25 16:23:10",2024-11-25,"2025-01-31 12:49:04","2025-02-03 10:44:16","2025-02-11 07:03:35",1497.91,1391.66,253.32,1138.34,0.1820,1,1,1,0,1604,1674,77,"4. 7d+","Auto Loan",$25K-100K,0,active,CUS0000365,35-44,"Consumer Banking",KS,Topeka,8.5,1,0
FRD000008794,"Identity Theft/Synthetic",Unauthorized,0,"Online Banking",bust-out,"Customer Reported","Fraud Ops",Open,"2025-04-07 20:24:04",2025-04-07,"2026-01-06 14:23:21","2026-01-06 21:45:18",NULL,4775.85,4775.85,950.19,3825.66,0.1990,3,1,0,1,6569,6577,NULL,"4. 7d+","Business Platinum",$1K-5K,0,active,CUS0000464,65+,"Financial Banking",MI,Detroit,0.5,1,0
FRD000004731,Phishing/Smishing,Unauthorized,1,"Online Banking","SMS link","ML Model","Fraud Ops",Closed-Confirmed,"2025-04-17 00:13:26",2025-04-17,"2025-04-19 20:12:49","2025-04-20 02:06:21","2025-06-10 03:25:25",1967.54,1967.54,1277.94,689.60,0.6495,2,1,1,0,67,73,54,"3. 3-7d","Auto Loan",$1K-5K,0,active,CUS0002837,35-44,"Consumer Banking",MI,"Grand Rapids",0.7,1,0
FRD000006061,"Zelle/P2P Scam",Authorized,1,"Online Banking","fake marketplace seller","Customer Reported",Claims,Closed-Confirmed,"2024-09-01 22:03:50",2024-09-01,"2024-09-02 03:09:17","2024-09-02 06:35:58","2024-09-02 23:16:22",1929.62,1929.62,214.34,1715.28,0.1111,3,0,0,0,5,8,1,"1. <24h","Total Checking",<$1K,1,active,CUS0002604,35-44,"Consumer Banking",TX,Houston,8.0,1,0
FRD000009186,"Identity Theft/Synthetic",Unauthorized,0,"Online Banking","synthetic identity","Customer Reported","Fraud Ops","Under Review","2024-04-23 23:10:01",2024-04-23,"2024-06-11 19:12:44","2024-06-13 18:01:48",NULL,14416.54,14416.54,2599.72,11816.82,0.1803,1,1,1,0,1172,1218,NULL,"4. 7d+","Financial Investment Account",$5K-25K,0,active,CUS0000759,45-54,"Private Client Banking",TX,Houston,0.7,1,0
FRD000006788,"Zelle/P2P Scam",Authorized,1,"Online Banking","rental deposit","Customer Reported",Claims,Closed-Confirmed,"2026-01-10 12:52:12",2026-01-10,"2026-01-10 15:28:15","2026-01-10 22:14:06","2026-01-21 16:51:03",170.26,170.26,16.34,153.92,0.0960,3,0,0,0,2,9,11,"1. <24h","Auto Loan",<$1K,0,active,CUS0000601,25-34,"Consumer Banking",NJ,Newark,35.0,0,0
FRD000006310,"Zelle/P2P Scam",Authorized,1,"Online Banking","ticket resale","Customer Reported",Claims,"Closed-No Fraud","2025-12-16 23:03:07",2025-12-16,"2025-12-17 04:16:09","2025-12-17 11:48:47","2025-12-21 13:44:43",995.60,0.00,0.00,0.00,NULL,1,0,0,0,5,12,4,"1. <24h","Private Client Checking",$1K-5K,1,active,CUS0000501,65+,"Private Client Banking",MA,Springfield,13.4,1,0
FRD000002384,Card-Not-Present,Unauthorized,0,"Online Banking","subscription abuse","Customer Reported","Card Services",Closed-Confirmed,"2026-01-12 00:14:31",2026-01-12,"2026-01-13 06:48:39","2026-01-13 13:48:18","2026-02-01 22:31:00",179.40,179.40,176.80,2.60,0.9855,1,0,0,0,30,37,20,"2. 24-72h","Financial Investment Account",$5K-25K,0,active,CUS0000296,55-64,"Private Client Banking",KS,Topeka,9.7,1,0
FRD000008350,"Business Email Compromise",Authorized,1,"Online Banking","CEO impersonation","ML Model","Wire Recall",Closed-Confirmed,"2026-04-27 01:42:45",2026-04-27,"2026-05-02 00:40:13","2026-05-02 17:30:15","2026-06-07 04:23:19",353586.69,353586.69,131359.48,222227.21,0.3715,1,0,0,1,118,135,41,"3. 3-7d","Auto Loan",$5K-25K,0,active,CUS0001089,55-64,"Consumer Banking",CA,"San Diego",7.7,0,0
FRD000004539,Phishing/Smishing,Unauthorized,1,"Online Banking","QR code","Customer Reported","Fraud Ops",Closed-Confirmed,"2026-06-06 10:06:02",2026-06-06,"2026-06-09 06:53:46","2026-06-10 18:32:03","2026-07-08 00:48:48",3791.15,2060.60,1290.16,770.44,0.6261,3,1,0,1,68,104,31,"3. 3-7d","Total Checking",$5K-25K,1,active,CUS0002038,65+,"Consumer Banking",CA,"Los Angeles",0.4,1,0
FRD000006234,"Zelle/P2P Scam",Authorized,1,"Online Banking","fake marketplace seller","Customer Reported",Claims,Closed-Confirmed,"2024-04-24 04:17:31",2024-04-24,"2024-04-24 18:34:15","2024-04-24 20:41:56","2024-05-01 19:44:16",791.26,348.06,47.84,300.22,0.1374,1,0,0,0,14,16,7,"1. <24h","Business Checking",$1K-5K,1,active,CUS0001002,65+,"Financial Banking",NJ,Trenton,6.9,1,0
FRD000004773,Phishing/Smishing,Unauthorized,1,"Online Banking","SMS link","Customer Reported","Fraud Ops",Closed-Confirmed,"2024-05-18 18:37:27",2024-05-18,"2024-05-23 00:30:38","2024-05-24 10:37:00","2024-06-24 03:07:17",2390.22,2390.22,1470.59,919.63,0.6153,1,1,1,1,101,135,36,"3. 3-7d","Sapphire Preferred",<$1K,0,active,CUS0001097,45-54,"Consumer Banking",PA,Philadelphia,10.3,1,0
FRD000009658,"Tech Support/Impersonation",Authorized,1,"Online Banking","fake antivirus","Customer Reported",Claims,Closed-Confirmed,"2025-04-26 00:37:06",2025-04-26,"2025-05-02 11:26:11","2025-05-02 15:38:34","2025-05-12 16:17:44",6490.87,6490.87,1809.13,4681.74,0.2787,2,0,0,1,154,159,16,"3. 3-7d","Sapphire Preferred",$1K-5K,0,active,CUS0000238,65+,"Consumer Banking",TX,Houston,1.6,1,0
FRD000008737,"Identity Theft/Synthetic",Unauthorized,0,"Online Banking","synthetic identity","Customer Reported","Fraud Ops","Under Review","2026-05-16 10:21:33",2026-05-16,"2026-11-05 06:32:56","2026-11-10 05:51:37",NULL,3688.88,3688.88,853.03,2835.85,0.2312,3,1,0,1,4148,4267,NULL,"4. 7d+","Sapphire Preferred",$1K-5K,0,active,CUS0000113,35-44,"Consumer Banking",NJ,Newark,20.1,0,0
FRD000007255,"Zelle/P2P Scam",Authorized,1,"Online Banking","rental deposit","Customer Reported",Claims,Closed-Confirmed,"2025-07-07 17:18:36",2025-07-07,"2025-07-07 17:34:00","2025-07-08 12:25:29","2025-07-15 16:34:32",3227.16,2656.96,342.35,2314.61,0.1289,1,0,0,0,0,19,7,"1. <24h","Total Checking",<$1K,1,active,CUS0002382,65+,"Consumer Banking",KS,"Overland Park",35.0,0,0
FRD000000236,Card-Not-Present,Unauthorized,0,"Online Banking","subscription abuse","Customer Reported","Card Services",Closed-Confirmed,"2026-03-18 22:16:41",2026-03-18,"2026-03-19 14:03:59","2026-03-19 22:53:33","2026-04-13 19:31:56",166.89,166.89,156.87,10.02,0.9400,5,1,0,0,15,24,25,"2. 24-72h","Private Client Checking",<$1K,1,active,CUS0000914,18-24,"Private Client Banking",FL,Miami,1.1,1,0
FRD000005618,"Account Takeover",Unauthorized,0,"Online Banking","password reset abuse","Customer Reported","Fraud Ops","Closed-No Fraud","2026-06-08 16:31:22",2026-06-08,"2026-06-17 18:43:33","2026-06-18 13:58:06","2026-06-27 14:17:19",3797.66,0.00,0.00,0.00,NULL,1,0,0,0,218,237,18,"4. 7d+","Total Checking",<$1K,1,active,CUS0000930,45-54,"Consumer Banking",FL,Orlando,5.1,1,0
FRD000009188,"Identity Theft/Synthetic",Unauthorized,0,"Online Banking",bust-out,"ML Model","Fraud Ops",Closed-Confirmed,"2024-02-01 13:37:56",2024-02-01,"2024-04-17 21:20:27","2024-04-21 18:06:50","2024-04-26 18:07:51",7218.62,7218.62,1407.62,5811.00,0.1950,1,1,1,0,1831,1924,85,"4. 7d+","Total Checking",<$1K,1,active,CUS0000843,65+,"Consumer Banking",FL,Orlando,9.0,1,0
FRD000005456,"Account Takeover",Unauthorized,0,"Online Banking","session hijack","Customer Reported","Fraud Ops",Closed-Confirmed,"2024-02-27 06:31:00",2024-02-27,"2024-03-01 00:46:14","2024-03-01 10:14:05","2024-03-10 02:30:34",568.78,455.09,186.04,269.05,0.4088,4,0,1,1,66,75,11,"3. 3-7d","Private Client Savings",<$1K,1,active,CUS0002319,25-34,"Private Client Banking",TX,Austin,15.3,1,0
FRD000004386,Phishing/Smishing,Unauthorized,1,"Online Banking","SMS link","Rules Engine","Fraud Ops","Closed-No Fraud","2024-05-21 22:25:13",2024-05-21,"2024-05-23 14:17:48","2024-05-24 01:53:18","2024-05-30 05:43:46",1916.30,0.00,0.00,0.00,NULL,4,0,0,0,39,51,8,"2. 24-72h","Private Client Checking",$5K-25K,1,active,CUS0000320,25-34,"Private Client Banking",CA,"San Diego",4.7,0,0
FRD000002655,Card-Not-Present,Unauthorized,0,"Online Banking","online retail","Rules Engine","Card Services",Closed-Confirmed,"2026-04-05 09:20:46",2026-04-05,"2026-04-06 04:15:48","2026-04-06 10:09:42","2026-04-16 03:47:43",340.68,340.68,237.31,103.37,0.6966,1,1,1,0,18,24,10,"2. 24-72h","Financial Investment Account",$5K-25K,0,active,CUS0000141,18-24,"Private Client Banking",KS,"Overland Park",2.0,0,0
FRD000005866,"Account Takeover",Unauthorized,0,"Online Banking","SIM swap","ML Model","Fraud Ops",Closed-Confirmed,"2025-07-15 05:31:20",2025-07-15,"2025-07-19 22:25:31",NULL,"2025-08-15 00:01:04",3616.33,3616.33,1934.12,1682.21,0.5348,1,1,0,0,112,NULL,30,"Never Reported","Sapphire Preferred",$1K-5K,0,active,CUS0000063,35-44,"Consumer Banking",TX,Austin,0.1,1,0
FRD000005386,"Account Takeover",Unauthorized,0,"Online Banking","password reset abuse","ML Model","Fraud Ops",Closed-Confirmed,"2025-04-21 14:56:53",2025-04-21,"2025-04-25 11:46:25",NULL,"2025-05-02 15:08:40",5134.08,5134.08,2859.04,2275.04,0.5569,2,1,0,0,92,NULL,11,"Never Reported","Sapphire Preferred",$25K-100K,0,active,CUS0000755,45-54,"Consumer Banking",KS,Topeka,0.9,1,0
FRD000007311,"Zelle/P2P Scam",Authorized,1,"Online Banking","utility impersonation","Customer Reported",Claims,Closed-Confirmed,"2025-10-20 06:00:05",2025-10-20,"2025-10-20 13:16:17","2025-10-21 02:53:26","2025-10-29 19:29:59",402.42,402.42,50.39,352.03,0.1252,2,0,0,0,7,20,9,"1. <24h","Premier Savings",$1K-5K,1,closed,CUS0001679,55-64,"Consumer Banking",TX,Dallas,4.5,1,0
FRD000005055,"Account Takeover",Unauthorized,0,"Online Banking","session hijack","Customer Reported","Fraud Ops",Closed-Confirmed,"2024-12-13 00:31:07",2024-12-13,"2024-12-19 12:30:47","2024-12-20 06:32:51","2025-01-04 21:25:22",3693.69,821.09,302.54,518.55,0.3685,1,1,1,0,155,174,22,"4. 7d+","Freedom Unlimited",<$1K,0,active,CUS0001211,35-44,"Consumer Banking",MA,Boston,0.4,1,2
FRD000000986,Card-Not-Present,Unauthorized,0,"Online Banking","subscription abuse","Customer Reported","Card Services",Closed-Confirmed,"2025-09-16 07:29:50",2025-09-16,"2025-09-16 09:27:36","2025-09-16 10:39:52","2025-11-03 00:28:27",39.34,39.34,36.97,2.37,0.9398,3,1,1,1,1,3,47,"1. <24h","Premier Savings",$5K-25K,1,active,CUS0001318,45-54,"Consumer Banking",KS,"Overland Park",10.9,1,0
FRD000002392,Card-Not-Present,Unauthorized,0,"Online Banking","digital wallet","Rules Engine","Card Services",Closed-Confirmed,"2024-06-24 22:48:31",2024-06-24,"2024-06-26 00:24:22","2024-06-26 05:12:38","2024-07-07 04:53:30",284.33,96.80,96.80,0.00,1.0000,4,1,1,0,25,30,12,"2. 24-72h","Private Client Checking",$1K-5K,1,active,CUS0000931,65+,"Private Client Banking",CA,"Los Angeles",5.2,1,3
FRD000002519,Card-Not-Present,Unauthorized,0,"Online Banking","subscription abuse","ML Model","Card Services",Open,"2024-07-22 23:25:04",2024-07-22,"2024-07-23 02:20:14","2024-07-23 13:32:36",NULL,50.75,15.28,14.00,1.28,0.9162,1,1,0,0,2,14,NULL,"1. <24h","Premier Savings",$5K-25K,1,active,CUS0002769,55-64,"Consumer Banking",TX,Austin,1.5,0,0
FRD000002256,Card-Not-Present,Unauthorized,0,"Online Banking","digital wallet","Rules Engine","Card Services",Closed-Confirmed,"2025-11-11 06:54:36",2025-11-11,"2025-11-11 22:53:22",NULL,"2025-11-28 11:24:41",64.81,64.81,52.21,12.60,0.8056,1,1,0,0,15,NULL,17,"Never Reported","Sapphire Preferred",<$1K,0,active,CUS0001473,18-24,"Consumer Banking",NJ,Newark,4.0,1,1
FRD000009109,"Identity Theft/Synthetic",Unauthorized,0,"Online Banking","new account fraud","ML Model","Fraud Ops",Closed-Confirmed,"2025-07-24 19:09:28",2025-07-24,"2025-09-02 05:22:26","2025-09-04 21:33:18","2025-09-20 08:48:06",31991.43,31991.43,5408.90,26582.53,0.1691,3,1,0,1,946,1010,57,"4. 7d+","Premier Savings",$25K-100K,1,active,CUS0002329,18-24,"Consumer Banking",CA,"San Diego",5.9,0,0
FRD000002202,Card-Not-Present,Unauthorized,0,"Online Banking","digital wallet","ML Model","Card Services",Closed-Confirmed,"2026-01-29 19:23:55",2026-01-29,"2026-01-30 07:32:16",NULL,"2026-02-24 01:34:19",147.77,147.77,147.77,0.00,1.0000,5,1,0,1,12,NULL,25,"Never Reported","Total Checking",$1K-5K,1,active,CUS0002672,25-34,"Consumer Banking",FL,Miami,31.6,1,0
FRD000008315,"Business Email Compromise",Authorized,1,"Online Banking","vendor invoice redirect","Customer Reported","Wire Recall",Closed-Confirmed,"2025-09-12 14:02:50",2025-09-12,"2025-09-16 02:50:17","2025-09-16 17:14:58","2025-09-30 19:35:15",58605.58,58605.58,18989.09,39616.49,0.3240,2,0,0,0,84,99,18,"3. 3-7d","Sapphire Preferred",$1K-5K,0,active,CUS0002460,45-54,"Consumer Banking",FL,Tampa,12.8,1,0
FRD000000668,Card-Not-Present,Unauthorized,0,"Online Banking","digital wallet","ML Model","Card Services",Closed-Confirmed,"2024-10-21 17:08:12",2024-10-21,"2024-10-21 22:40:47",NULL,"2024-11-01 07:37:04",36.42,36.42,32.81,3.61,0.9009,1,1,0,0,5,NULL,10,"Never Reported","Sapphire Preferred",$25K-100K,0,active,CUS0000486,65+,"Consumer Banking",CA,"San Diego",8.8,1,0
FRD000008490,"Identity Theft/Synthetic",Unauthorized,0,"Online Banking",bust-out,"Statement Review","Fraud Ops",Closed-Confirmed,"2026-04-30 05:50:24",2026-04-30,"2026-07-15 23:29:03","2026-07-22 12:59:36","2026-07-27 21:32:14",6724.11,6370.62,1337.64,5032.98,0.2100,3,0,1,0,1841,1999,88,"4. 7d+","Sapphire Preferred",$5K-25K,0,active,CUS0000004,18-24,"Consumer Banking",KS,"Overland Park",0.8,1,2
FRD000005528,"Account Takeover",Unauthorized,0,"Online Banking","session hijack","Customer Reported","Fraud Ops",Closed-Confirmed,"2024-12-28 17:17:24",2024-12-28,"2025-01-03 15:36:36","2025-01-03 17:57:41","2025-01-07 10:03:52",4665.71,4665.71,2698.47,1967.24,0.5784,1,1,1,0,142,144,9,"3. 3-7d","Business Platinum",$5K-25K,0,active,CUS0002734,65+,"Financial Banking",TX,Houston,26.7,1,1
FRD000001743,Card-Not-Present,Unauthorized,0,"Online Banking","online retail","ML Model","Card Services",Closed-Confirmed,"2025-02-08 10:33:20",2025-02-08,"2025-02-09 13:26:26","2025-02-09 16:40:52","2025-02-15 10:34:07",162.08,162.08,162.08,0.00,1.0000,1,1,1,0,26,30,7,"2. 24-72h","Total Checking",<$1K,1,active,CUS0001547,45-54,"Consumer Banking",WA,Tacoma,7.1,1,0
FRD000000287,Card-Not-Present,Unauthorized,0,"Online Banking","digital wallet","ML Model","Card Services",Closed-Confirmed,"2024-09-11 17:56:58",2024-09-11,"2024-09-11 22:48:28","2024-09-12 00:18:32","2024-09-23 01:34:24",80.96,72.42,72.42,0.00,1.0000,4,1,0,1,4,6,11,"1. <24h","Sapphire Preferred",$1K-5K,0,active,CUS0001764,35-44,"Consumer Banking",NJ,Trenton,3.7,1,0
FRD000001500,Card-Not-Present,Unauthorized,0,"Online Banking","online retail","Merchant Alert","Card Services",Closed-Confirmed,"2024-02-10 16:01:00",2024-02-10,"2024-02-11 01:16:14","2024-02-11 06:07:06","2024-02-27 21:53:14",22.14,22.14,17.03,5.11,0.7692,2,1,1,1,9,14,17,"1. <24h","Sapphire Preferred",$5K-25K,0,restricted,CUS0002420,65+,"Consumer Banking",FL,Orlando,23.3,1,0
FRD000006142,"Zelle/P2P Scam",Authorized,1,"Online Banking","rental deposit","Customer Reported",Claims,"Closed-No Fraud","2025-12-24 11:19:24",2025-12-24,"2025-12-24 19:30:52","2025-12-25 04:25:02","2025-12-28 05:46:47",907.04,0.00,0.00,0.00,NULL,3,0,0,0,8,17,3,"1. <24h","Total Checking",$5K-25K,1,active,CUS0002756,45-54,"Consumer Banking",FL,Orlando,4.3,1,0
FRD000000862,Card-Not-Present,Unauthorized,0,"Online Banking","digital wallet","ML Model","Card Services",Closed-Confirmed,"2024-01-10 11:41:24",2024-01-10,"2024-01-10 22:58:44",NULL,"2024-02-06 05:41:33",28.22,21.34,14.79,6.55,0.6931,2,1,0,0,11,NULL,26,"Never Reported","Premier Savings",$1K-5K,1,active,CUS0001185,65+,"Consumer Banking",CA,"Los Angeles",0.7,0,0
FRD000005555,"Account Takeover",Unauthorized,0,"Online Banking","password reset abuse","Rules Engine","Fraud Ops",Closed-Confirmed,"2024-05-03 00:16:15",2024-05-03,"2024-05-06 04:39:04",NULL,"2024-05-15 15:52:40",8733.33,8733.33,4946.03,3787.30,0.5663,5,1,0,0,76,NULL,12,"Never Reported","Sapphire Preferred",$5K-25K,0,active,CUS0002901,65+,"Consumer Banking",CA,"San Diego",0.2,1,0
FRD000007145,"Zelle/P2P Scam",Authorized,1,"Online Banking","rental deposit","Customer Reported",Claims,Closed-Confirmed,"2025-06-12 09:34:12",2025-06-12,"2025-06-12 12:19:08","2025-06-13 15:58:51","2025-06-15 06:47:07",332.47,332.47,33.15,299.32,0.0997,1,0,0,0,2,30,2,"2. 24-72h","Sapphire Preferred",<$1K,0,active,CUS0001372,65+,"Consumer Banking",TX,Houston,2.5,1,0
FRD000004512,Phishing/Smishing,Unauthorized,1,"Online Banking","fake login page","Rules Engine","Fraud Ops",Closed-Confirmed,"2024-11-04 11:06:20",2024-11-04,"2024-11-10 08:59:20",NULL,"2024-12-16 10:01:12",1126.55,1126.55,727.51,399.04,0.6458,1,1,0,0,141,NULL,41,"Never Reported","Freedom Unlimited",$5K-25K,0,active,CUS0002251,65+,"Consumer Banking",FL,Miami,2.0,1,0
FRD000006711,"Zelle/P2P Scam",Authorized,1,"Online Banking","fake marketplace seller","Customer Reported",Claims,"Closed-No Fraud","2024-03-12 23:21:23",2024-03-12,"2024-03-13 06:36:26","2024-03-13 11:04:09","2024-03-16 22:04:42",506.35,0.00,0.00,0.00,NULL,2,0,0,0,7,11,3,"1. <24h","Sapphire Preferred",$100K+,0,closed,CUS0001914,35-44,"Consumer Banking",MA,Worcester,1.6,1,0
FRD000007343,"Zelle/P2P Scam",Authorized,1,"Online Banking","utility impersonation","Customer Reported",Claims,Closed-Confirmed,"2025-04-12 09:07:23",2025-04-12,"2025-04-12 16:05:28","2025-04-13 18:25:01","2025-05-20 16:18:46",329.68,162.25,19.77,142.48,0.1218,4,1,0,0,6,33,38,"2. 24-72h","Premier Savings",<$1K,1,active,CUS0001057,55-64,"Consumer Banking",KS,Topeka,5.1,1,0
FRD000008534,"Identity Theft/Synthetic",Unauthorized,0,"Online Banking","stolen SSN","ML Model","Fraud Ops",Closed-Confirmed,"2026-05-24 19:18:09",2026-05-24,"2026-06-27 02:19:50","2026-06-29 19:18:43","2026-07-26 05:29:30",7195.97,7195.97,1096.74,6099.23,0.1524,5,1,0,1,799,864,62,"4. 7d+","Premier Savings",$25K-100K,1,active,CUS0000923,35-44,"Consumer Banking",CA,"Los Angeles",0.9,1,0
FRD000000361,Card-Not-Present,Unauthorized,0,"Online Banking","online retail","ML Model","Card Services","Closed-No Fraud","2026-03-12 04:58:31",2026-03-12,"2026-03-12 15:16:49",NULL,"2026-04-01 19:37:25",666.68,0.00,0.00,0.00,NULL,4,0,0,1,10,NULL,20,"Never Reported","Business Platinum",$1K-5K,0,active,CUS0002892,45-54,"Financial Banking",CA,"San Diego",7.3,1,0
FRD000000173,Card-Not-Present,Unauthorized,0,"Online Banking","digital wallet","Rules Engine","Card Services",Closed-Confirmed,"2025-08-30 04:53:15",2025-08-30,"2025-08-30 12:13:58","2025-08-30 21:25:11","2025-09-03 01:07:52",30.24,30.24,24.84,5.40,0.8214,1,1,0,0,7,16,3,"1. <24h","Business Checking",$100K+,1,active,CUS0001747,25-34,"Financial Banking",NJ,Trenton,4.6,0,0
FRD000002898,Card-Not-Present,Unauthorized,0,"Online Banking","subscription abuse","ML Model","Card Services",Closed-Confirmed,"2024-06-10 21:00:55",2024-06-10,"2024-06-11 03:38:59","2024-06-11 10:02:28","2024-06-19 12:54:03",163.96,163.96,163.96,0.00,1.0000,4,1,1,0,6,13,8,"1. <24h","Sapphire Preferred",$1K-5K,0,active,CUS0002047,55-64,"Consumer Banking",TX,Houston,0.6,1,0
FRD000004274,Phishing/Smishing,Unauthorized,1,"Online Banking","credential harvest","Customer Reported","Fraud Ops",Closed-Confirmed,"2024-11-25 06:40:07",2024-11-25,"2024-11-26 05:46:05","2024-11-26 20:45:26","2024-12-06 08:05:27",2223.21,2223.21,1488.79,734.42,0.6697,2,1,1,0,23,38,11,"2. 24-72h","Premier Savings",<$1K,1,active,CUS0001565,45-54,"Consumer Banking",NJ,Newark,22.6,1,0
FRD000001547,Card-Not-Present,Unauthorized,0,"Online Banking","digital wallet","ML Model","Card Services",Closed-Confirmed,"2025-05-30 11:56:48",2025-05-30,"2025-05-30 23:36:24",NULL,"2025-06-29 18:49:12",196.46,196.46,196.46,0.00,1.0000,7,1,0,1,11,NULL,30,"Never Reported","Premier Savings",$5K-25K,1,closed,CUS0000398,25-34,"Consumer Banking",CA,"San Francisco",2.5,1,0
FRD000008249,"Business Email Compromise",Authorized,1,"Online Banking","CEO impersonation","Customer Reported","Wire Recall",Closed-Confirmed,"2024-12-16 13:35:02",2024-12-16,"2024-12-18 23:26:58","2024-12-19 01:49:39","2025-01-21 12:02:37",623042.60,623042.60,224597.44,398445.16,0.3605,1,0,0,1,57,60,35,"2. 24-72h","Private Client Savings",$1K-5K,1,active,CUS0001408,25-34,"Private Client Banking",FL,Orlando,3.9,0,0
FRD000001216,Card-Not-Present,Unauthorized,0,"Online Banking","subscription abuse","Rules Engine","Card Services",Closed-Confirmed,"2026-04-30 18:18:27",2026-04-30,"2026-05-01 06:06:13",NULL,"2026-05-16 22:46:07",181.46,181.46,181.46,0.00,1.0000,6,1,0,0,11,NULL,16,"Never Reported","Sapphire Preferred",$5K-25K,0,active,CUS0001745,35-44,"Consumer Banking",NY,Albany,1.1,1,0
FRD000005761,"Account Takeover",Unauthorized,0,"Online Banking","password reset abuse","ML Model","Fraud Ops","Closed-No Fraud","2024-07-06 09:55:21",2024-07-06,"2024-07-07 16:45:54",NULL,"2024-07-14 16:53:00",35982.65,0.00,0.00,0.00,NULL,1,0,0,0,30,NULL,8,"Never Reported","Total Checking",<$1K,1,active,CUS0000966,18-24,"Consumer Banking",TX,Dallas,2.1,0,0
FRD000004850,Phishing/Smishing,Unauthorized,1,"Online Banking","QR code","Customer Reported","Fraud Ops",Closed-Confirmed,"2024-05-22 17:32:05",2024-05-22,"2024-05-24 01:23:04","2024-05-24 04:50:32","2024-06-10 14:57:31",4397.39,986.52,439.81,546.71,0.4458,1,1,0,0,31,35,18,"2. 24-72h","Premier Savings",$5K-25K,1,active,CUS0001632,35-44,"Consumer Banking",NY,Albany,3.6,1,0
FRD000008668,"Identity Theft/Synthetic",Unauthorized,0,"Online Banking","new account fraud","Customer Reported","Fraud Ops",Closed-Confirmed,"2025-04-04 14:06:11",2025-04-04,"2025-10-17 19:29:21","2025-10-18 20:15:17","2025-11-16 16:29:05",7003.81,1034.77,202.59,832.18,0.1958,5,1,1,0,4709,4734,226,"4. 7d+","Sapphire Preferred",$5K-25K,0,active,CUS0002450,35-44,"Consumer Banking",TX,Houston,6.1,1,0
FRD000002370,Card-Not-Present,Unauthorized,0,"Online Banking","card testing","ML Model","Card Services",Open,"2025-12-08 01:58:46",2025-12-08,"2025-12-08 11:02:01",NULL,NULL,41.36,41.36,32.91,8.45,0.7957,1,1,0,0,9,NULL,NULL,"Never Reported","Freedom Unlimited",$25K-100K,0,active,CUS0001136,55-64,"Consumer Banking",KS,Wichita,0.4,1,0
FRD000008640,"Identity Theft/Synthetic",Unauthorized,0,"Online Banking","stolen SSN","Statement Review","Fraud Ops",Closed-Confirmed,"2026-03-25 13:35:38",2026-03-25,"2026-05-28 07:43:40","2026-06-05 03:57:38","2026-06-14 00:14:15",3411.67,338.35,64.60,273.75,0.1909,1,1,1,0,1530,1718,80,"4. 7d+","Business Platinum",$1K-5K,0,active,CUS0002722,25-34,"Financial Banking",CA,"San Francisco",4.7,1,0
FRD000000368,Card-Not-Present,Unauthorized,0,"Online Banking","digital wallet","Customer Reported","Card Services",Closed-Confirmed,"2024-07-10 14:51:30",2024-07-10,"2024-07-11 22:14:51","2024-07-12 01:07:48","2024-07-16 16:56:25",163.23,132.79,132.79,0.00,1.0000,4,1,1,0,31,34,6,"2. 24-72h","Sapphire Preferred",$1K-5K,0,active,CUS0001583,65+,"Consumer Banking",MA,Boston,5.2,1,0
FRD000004072,Phishing/Smishing,Unauthorized,1,"Online Banking","SMS link","Customer Reported","Fraud Ops","Closed-No Fraud","2024-08-14 12:17:30",2024-08-14,"2024-08-17 22:33:23","2024-08-18 00:20:31","2024-08-24 05:05:12",8237.51,0.00,0.00,0.00,NULL,3,0,0,0,82,84,9,"3. 3-7d","Freedom Unlimited",$5K-25K,0,active,CUS0001342,35-44,"Consumer Banking",FL,Tampa,5.1,1,1
FRD000007287,"Zelle/P2P Scam",Authorized,1,"Online Banking","utility impersonation","Customer Reported",Claims,Open,"2026-04-10 12:50:08",2026-04-10,"2026-04-10 17:59:43","2026-04-11 02:32:41",NULL,1023.87,1023.87,122.87,901.00,0.1200,1,1,0,0,5,13,NULL,"1. <24h","Auto Loan",$100K+,0,active,CUS0000034,55-64,"Consumer Banking",FL,Miami,0.0,1,0
FRD000002070,Card-Not-Present,Unauthorized,0,"Online Banking","digital wallet","Customer Reported","Card Services",Closed-Confirmed,"2024-07-05 14:37:27",2024-07-05,"2024-07-06 10:39:42","2024-07-06 12:52:23","2024-07-25 13:21:00",334.72,334.72,272.28,62.44,0.8135,2,1,1,1,20,22,19,"1. <24h","Private Client Savings",<$1K,1,active,CUS0002290,35-44,"Private Client Banking",TX,Dallas,3.1,1,0
FRD000009752,"Tech Support/Impersonation",Authorized,1,"Online Banking","refund overpayment","Customer Reported",Claims,"Closed-No Fraud","2025-08-21 00:40:45",2025-08-21,"2025-08-21 18:54:57","2025-08-22 14:15:16","2025-08-28 04:56:08",9276.31,0.00,0.00,0.00,NULL,2,0,0,1,18,37,7,"2. 24-72h","Sapphire Preferred",$5K-25K,0,active,CUS0002549,35-44,"Consumer Banking",CA,"San Diego",15.6,0,0
FRD000009160,"Identity Theft/Synthetic",Unauthorized,0,"Online Banking","stolen SSN","ML Model","Fraud Ops",Closed-Confirmed,"2026-02-02 21:11:51",2026-02-02,"2026-03-23 14:17:44","2026-03-25 05:44:40","2026-04-04 00:01:42",4722.61,4722.61,1168.34,3554.27,0.2474,3,1,1,1,1169,1208,60,"4. 7d+","Auto Loan",$1K-5K,0,restricted,CUS0000806,35-44,"Consumer Banking",PA,Harrisburg,6.0,1,0
FRD000001968,Card-Not-Present,Unauthorized,0,"Online Banking","subscription abuse","ML Model","Card Services",Closed-Confirmed,"2025-07-02 00:39:57",2025-07-02,"2025-07-02 10:50:11",NULL,"2025-07-13 11:45:46",60.34,60.34,60.34,0.00,1.0000,2,1,0,0,10,NULL,11,"Never Reported","Freedom Unlimited",$1K-5K,0,active,CUS0000855,18-24,"Consumer Banking",TX,Houston,3.5,1,0
FRD000000832,Card-Not-Present,Unauthorized,0,"Online Banking","card testing","ML Model","Card Services","Closed-No Fraud","2024-07-26 03:14:41",2024-07-26,"2024-07-27 00:43:20",NULL,"2024-08-13 06:26:23",296.70,0.00,0.00,0.00,NULL,3,0,0,0,21,NULL,18,"Never Reported","Premier Savings",$1K-5K,1,active,CUS0002810,25-34,"Consumer Banking",CA,"Los Angeles",12.5,1,0
FRD000004159,Phishing/Smishing,Unauthorized,1,"Online Banking","SMS link","Customer Reported","Fraud Ops",Closed-Confirmed,"2025-04-15 23:10:12",2025-04-15,"2025-04-18 16:37:20","2025-04-18 17:49:05","2025-04-19 12:25:02",21785.41,21785.41,11259.06,10526.35,0.5168,3,1,1,0,65,66,3,"2. 24-72h","Total Checking",$100K+,1,active,CUS0001599,45-54,"Consumer Banking",TX,Houston,8.5,0,0
FRD000001910,Card-Not-Present,Unauthorized,0,"Online Banking","card testing","Rules Engine","Card Services",Closed-Confirmed,"2024-07-21 21:11:58",2024-07-21,"2024-07-21 22:24:29","2024-07-22 11:04:05","2024-08-11 22:48:01",123.19,32.23,24.35,7.88,0.7555,2,1,0,0,1,13,21,"1. <24h","Private Client Savings",$5K-25K,1,active,CUS0000625,45-54,"Private Client Banking",KS,Topeka,0.8,1,0
FRD000009707,"Tech Support/Impersonation",Authorized,1,"Online Banking","fake antivirus","Customer Reported",Claims,Closed-Confirmed,"2024-07-24 02:42:19",2024-07-24,"2024-07-31 06:18:38","2024-07-31 19:30:45","2024-08-12 14:19:05",7628.03,7628.03,1929.11,5698.92,0.2529,5,0,0,0,171,184,19,"4. 7d+","Premier Savings",$100K+,1,active,CUS0001336,55-64,"Consumer Banking",KS,Wichita,9.0,0,0
FRD000007264,"Zelle/P2P Scam",Authorized,1,"Online Banking","utility impersonation","Customer Reported",Claims,Closed-Confirmed,"2025-03-15 03:55:51",2025-03-15,"2025-03-15 06:23:38","2025-03-15 09:34:24","2025-04-06 03:24:54",1024.76,586.98,57.61,529.37,0.0981,2,0,0,0,2,5,21,"1. <24h","Freedom Unlimited",$1K-5K,0,active,CUS0002985,55-64,"Consumer Banking",NJ,Trenton,3.0,1,0
FRD000008970,"Identity Theft/Synthetic",Unauthorized,0,"Online Banking","synthetic identity","Customer Reported","Fraud Ops","Closed-No Fraud","2025-06-14 18:18:58",2025-06-14,"2025-11-02 21:36:27","2025-11-04 16:10:38","2025-11-23 19:42:52",2892.72,0.00,0.00,0.00,NULL,3,0,0,0,3387,3429,162,"4. 7d+","Freedom Unlimited",$25K-100K,0,active,CUS0001969,35-44,"Consumer Banking",NJ,Trenton,4.2,1,0
FRD000008389,"Business Email Compromise",Authorized,1,"Online Banking","CEO impersonation","Customer Reported","Wire Recall",Closed-Confirmed,"2025-02-13 06:53:17",2025-02-13,"2025-02-15 09:24:46","2025-02-15 13:24:43","2025-03-15 03:35:00",493459.60,493459.60,198271.35,295188.25,0.4018,1,1,0,1,50,54,29,"2. 24-72h","Auto Loan",<$1K,0,active,CUS0001631,45-54,"Consumer Banking",CA,"San Francisco",4.6,0,0
FRD000001771,Card-Not-Present,Unauthorized,0,"Online Banking","digital wallet","Rules Engine","Card Services",Closed-Confirmed,"2026-06-01 04:37:37",2026-06-01,"2026-06-01 10:26:50","2026-06-01 16:17:50","2026-06-23 09:21:40",94.13,94.13,76.49,17.64,0.8126,2,1,1,1,5,11,22,"1. <24h","Sapphire Preferred",$1K-5K,0,active,CUS0000523,45-54,"Consumer Banking",FL,Tampa,0.9,1,0
FRD000005129,"Account Takeover",Unauthorized,0,"Online Banking","SIM swap","ML Model","Fraud Ops",Closed-Confirmed,"2025-07-31 13:30:58",2025-07-31,"2025-08-02 05:22:31","2025-08-03 18:28:44","2025-08-12 14:30:22",503.95,263.42,103.95,159.47,0.3946,2,1,1,0,39,76,12,"3. 3-7d","Premier Savings",$1K-5K,1,active,CUS0000385,55-64,"Consumer Banking",TX,Austin,5.0,1,0
FRD000006649,"Zelle/P2P Scam",Authorized,1,"Online Banking","utility impersonation","Customer Reported",Claims,Closed-Confirmed,"2024-11-16 11:45:18",2024-11-16,"2024-11-16 21:14:19","2024-11-17 03:32:47","2024-11-19 06:55:31",2684.18,1869.15,241.03,1628.12,0.1290,4,0,0,0,9,15,2,"1. <24h","Premier Savings",<$1K,1,active,CUS0002623,35-44,"Consumer Banking",CA,"San Diego",11.1,1,0
FRD000002704,Card-Not-Present,Unauthorized,0,"Online Banking","online retail","Rules Engine","Card Services",Closed-Confirmed,"2026-06-16 12:40:39",2026-06-16,"2026-06-16 20:24:18","2026-06-17 06:45:11","2026-07-09 19:44:22",146.86,146.86,137.44,9.42,0.9359,3,1,0,0,7,18,23,"1. <24h","Auto Loan",<$1K,0,active,CUS0001817,35-44,"Consumer Banking",MI,Lansing,3.6,1,0
FRD000004322,Phishing/Smishing,Unauthorized,1,"Online Banking","fake login page","Customer Reported","Fraud Ops",Closed-Confirmed,"2024-07-06 06:35:42",2024-07-06,"2024-07-07 11:40:38","2024-07-07 20:04:44","2024-07-11 11:45:14",5909.47,5909.47,3002.99,2906.48,0.5082,3,1,1,0,29,37,5,"2. 24-72h","Business Platinum",$5K-25K,0,active,CUS0000996,35-44,"Financial Banking",KS,"Overland Park",6.2,1,0
FRD000009082,"Identity Theft/Synthetic",Unauthorized,0,"Online Banking","stolen SSN","ML Model","Fraud Ops",Closed-Confirmed,"2025-09-01 02:20:25",2025-09-01,"2025-11-23 08:40:31",NULL,"2025-11-27 22:02:18",5666.50,5666.50,1393.64,4272.86,0.2459,1,1,0,1,1998,NULL,87,"Never Reported","Auto Loan",$1K-5K,0,active,CUS0002642,65+,"Consumer Banking",MI,Detroit,9.0,1,0
FRD000004084,Phishing/Smishing,Unauthorized,1,"Online Banking","credential harvest","Customer Reported","Fraud Ops",Closed-Confirmed,"2024-06-15 17:28:10",2024-06-15,"2024-06-24 05:16:29","2024-06-25 01:50:00","2024-07-09 05:56:58",4292.76,4292.76,1863.78,2428.98,0.4342,1,1,0,1,203,224,23,"4. 7d+","Auto Loan",<$1K,0,active,CUS0000082,18-24,"Consumer Banking",MI,Detroit,2.0,1,0
FRD000005162,"Account Takeover",Unauthorized,0,"Online Banking","password reset abuse","ML Model","Fraud Ops",Open,"2026-02-11 17:49:52",2026-02-11,"2026-02-18 15:26:59",NULL,NULL,13717.40,13717.40,5538.64,8178.76,0.4038,1,1,0,1,165,NULL,NULL,"Never Reported","Auto Loan",$1K-5K,0,restricted,CUS0002953,45-54,"Consumer Banking",CA,"San Diego",14.8,1,0
FRD000009746,"Tech Support/Impersonation",Authorized,1,"Online Banking","fake antivirus","Customer Reported",Claims,Closed-Confirmed,"2025-07-16 20:28:07",2025-07-16,"2025-07-17 14:51:43","2025-07-19 03:35:58","2025-08-18 15:17:03",1445.95,870.26,177.95,692.31,0.2045,1,0,0,0,18,55,32,"2. 24-72h","Financial Investment Account",<$1K,0,active,CUS0002264,65+,"Private Client Banking",KS,Wichita,2.8,0,1
FRD000005912,"Zelle/P2P Scam",Authorized,1,"Online Banking","utility impersonation","Customer Reported",Claims,"Under Review","2025-04-03 23:07:20",2025-04-03,"2025-04-04 13:28:05","2025-04-04 21:28:03",NULL,1426.73,117.89,11.69,106.20,0.0992,3,0,0,0,14,22,NULL,"1. <24h","Private Client Checking",$1K-5K,1,active,CUS0002195,25-34,"Private Client Banking",CA,"San Diego",5.7,0,0
FRD000004301,Phishing/Smishing,Unauthorized,1,"Online Banking","QR code","Rules Engine","Fraud Ops",Closed-Confirmed,"2026-05-31 13:30:48",2026-05-31,"2026-06-07 18:07:25",NULL,"2026-06-29 01:14:07",3729.05,484.82,290.59,194.23,0.5994,1,1,0,0,172,NULL,28,"Never Reported","Sapphire Preferred",<$1K,0,active,CUS0001864,35-44,"Consumer Banking",MI,Lansing,8.8,0,0
FRD000000049,Card-Not-Present,Unauthorized,0,"Online Banking","card testing","ML Model","Card Services",Closed-Confirmed,"2024-12-14 17:26:44",2024-12-14,"2024-12-15 01:56:43",NULL,"2025-01-14 02:01:20",415.00,415.00,361.02,53.98,0.8699,2,1,0,0,8,NULL,30,"Never Reported","Auto Loan",$1K-5K,0,active,CUS0000265,25-34,"Consumer Banking",CA,"San Diego",8.0,1,0
FRD000000169,Card-Not-Present,Unauthorized,0,"Online Banking","online retail","Rules Engine","Card Services",Closed-Confirmed,"2025-12-12 22:20:05",2025-12-12,"2025-12-13 16:15:14","2025-12-13 19:26:17","2025-12-20 00:14:30",27.60,27.60,24.52,3.08,0.8884,3,1,0,0,17,21,7,"1. <24h","Sapphire Preferred",$5K-25K,0,active,CUS0002121,55-64,"Consumer Banking",KS,"Overland Park",23.1,1,0
FRD000006134,"Zelle/P2P Scam",Authorized,1,"Online Banking","rental deposit","Customer Reported",Claims,Closed-Confirmed,"2024-08-29 19:28:08",2024-08-29,"2024-08-30 00:14:59","2024-08-30 08:34:47","2024-09-16 02:50:36",1739.18,1739.18,202.30,1536.88,0.1163,3,0,0,0,4,13,17,"1. <24h","Total Checking",$1K-5K,1,active,CUS0000104,65+,"Consumer Banking",MI,Lansing,4.8,1,0
FRD000004035,Phishing/Smishing,Unauthorized,1,"Online Banking","fake login page","Rules Engine","Fraud Ops",Closed-Confirmed,"2025-01-31 06:55:07",2025-01-31,"2025-02-06 08:11:22","2025-02-07 12:19:47","2025-03-16 04:36:24",5050.92,5050.92,2091.55,2959.37,0.4141,1,1,0,1,145,173,43,"4. 7d+","Freedom Unlimited",$5K-25K,0,active,CUS0000866,35-44,"Consumer Banking",TX,Austin,5.9,1,0
FRD000008564,"Identity Theft/Synthetic",Unauthorized,0,"Online Banking","new account fraud","Customer Reported","Fraud Ops",Closed-Confirmed,"2024-04-12 13:47:56",2024-04-12,"2024-05-29 00:18:45","2024-05-30 20:01:57","2024-06-06 00:20:08",12943.89,12943.89,3180.82,9763.07,0.2457,4,1,1,0,1114,1158,54,"4. 7d+","Auto Loan",$25K-100K,0,active,CUS0001151,35-44,"Consumer Banking",NJ,Trenton,4.1,1,0
FRD000002047,Card-Not-Present,Unauthorized,0,"Online Banking","online retail","ML Model","Card Services",Closed-Confirmed,"2024-01-06 02:45:57",2024-01-06,"2024-01-06 09:10:38",NULL,"2024-01-21 14:34:26",303.95,104.52,97.02,7.50,0.9282,1,1,0,0,6,NULL,15,"Never Reported","Sapphire Preferred",$1K-5K,0,closed,CUS0002373,35-44,"Consumer Banking",TX,Austin,3.9,1,0
FRD000007077,"Zelle/P2P Scam",Authorized,1,"Online Banking","rental deposit","Customer Reported",Claims,"Closed-No Fraud","2024-03-30 15:38:55",2024-03-30,"2024-03-30 17:22:20","2024-03-30 22:46:33","2024-04-13 08:35:41",385.85,0.00,0.00,0.00,NULL,3,0,0,0,1,7,13,"1. <24h","Business Savings",$1K-5K,1,active,CUS0002638,25-34,"Financial Banking",TX,Houston,7.8,1,0
FRD000000035,Card-Not-Present,Unauthorized,0,"Online Banking","subscription abuse","ML Model","Card Services",Closed-Confirmed,"2024-07-08 04:34:56",2024-07-08,"2024-07-09 00:55:23","2024-07-09 18:30:43","2024-07-22 22:07:46",591.28,591.28,546.37,44.91,0.9240,2,1,1,0,20,37,14,"2. 24-72h","Business Platinum",<$1K,0,active,CUS0002273,35-44,"Financial Banking",NJ,Trenton,14.0,1,0
FRD000008909,"Identity Theft/Synthetic",Unauthorized,0,"Online Banking","synthetic identity","ML Model","Fraud Ops","Closed-No Fraud","2024-05-07 01:29:21",2024-05-07,"2024-06-15 20:13:19",NULL,"2024-07-02 08:57:41",30894.64,0.00,0.00,0.00,NULL,3,0,0,0,954,NULL,56,"Never Reported","Sapphire Preferred",$1K-5K,0,active,CUS0002259,35-44,"Consumer Banking",TX,Houston,1.8,1,0
FRD000003986,Phishing/Smishing,Unauthorized,1,"Online Banking","fake login page","ML Model","Fraud Ops","Under Review","2025-07-23 23:39:28",2025-07-23,"2025-07-25 05:55:33","2025-07-26 20:26:03",NULL,10357.37,4065.15,2031.75,2033.40,0.4998,2,1,1,0,30,68,NULL,"2. 24-72h","Auto Loan",$5K-25K,0,active,CUS0000621,25-34,"Consumer Banking",CA,"San Francisco",2.5,1,0
FRD000005653,"Account Takeover",Unauthorized,0,"Online Banking","password reset abuse","Rules Engine","Fraud Ops",Closed-Confirmed,"2024-07-17 02:33:09",2024-07-17,"2024-07-22 15:07:52",NULL,"2024-07-29 04:01:26",2796.69,2796.69,1265.02,1531.67,0.4523,3,1,0,0,132,NULL,12,"Never Reported","Premier Savings",<$1K,1,active,CUS0002765,35-44,"Consumer Banking",NY,Buffalo,13.1,1,0
FRD000003970,Phishing/Smishing,Unauthorized,1,"Online Banking","credential harvest","Customer Reported","Fraud Ops",Closed-Confirmed,"2024-06-18 15:38:25",2024-06-18,"2024-06-25 02:05:01","2024-06-25 08:56:37","2024-07-27 00:48:08",2083.16,2083.16,1314.06,769.10,0.6308,1,1,0,0,154,161,38,"3. 3-7d","Auto Loan",$5K-25K,0,active,CUS0000132,45-54,"Consumer Banking",NY,Albany,24.4,1,0
FRD000004829,Phishing/Smishing,Unauthorized,1,"Online Banking","fake login page","Customer Reported","Fraud Ops",Closed-Confirmed,"2024-09-12 20:26:51",2024-09-12,"2024-09-13 00:57:37","2024-09-13 03:11:16","2024-10-18 03:07:39",2072.14,1440.74,843.03,597.71,0.5851,2,1,0,0,4,6,35,"1. <24h","Freedom Unlimited",$1K-5K,0,active,CUS0002759,45-54,"Consumer Banking",CA,"Los Angeles",9.8,1,0
FRD000008155,"Business Email Compromise",Authorized,1,"Online Banking","vendor invoice redirect","Customer Reported","Wire Recall","Closed-No Fraud","2024-07-17 19:02:22",2024-07-17,"2024-07-20 10:12:13","2024-07-20 13:17:15","2024-08-02 08:11:43",64669.08,0.00,0.00,0.00,NULL,2,0,0,1,63,66,15,"2. 24-72h","Auto Loan",<$1K,0,active,CUS0001878,45-54,"Consumer Banking",NY,Albany,32.8,1,0
FRD000009710,"Tech Support/Impersonation",Authorized,1,"Online Banking","refund overpayment","Customer Reported",Claims,"Closed-No Fraud","2026-02-05 04:51:08",2026-02-05,"2026-02-08 03:42:26","2026-02-08 10:33:48","2026-02-27 08:56:49",3342.17,0.00,0.00,0.00,NULL,1,0,0,0,70,77,22,"3. 3-7d","Private Client Checking",<$1K,1,active,CUS0001843,25-34,"Private Client Banking",KS,Wichita,2.8,0,0
FRD000005152,"Account Takeover",Unauthorized,0,"Online Banking","credential stuffing","ML Model","Fraud Ops","Closed-No Fraud","2026-02-01 00:14:33",2026-02-01,"2026-02-02 20:26:55","2026-02-03 03:51:56","2026-02-15 02:39:55",12061.04,0.00,0.00,0.00,NULL,4,0,0,0,44,51,14,"2. 24-72h","Freedom Unlimited",<$1K,0,active,CUS0000408,65+,"Consumer Banking",TX,Dallas,0.0,1,0
FRD000001905,Card-Not-Present,Unauthorized,0,"Online Banking","digital wallet","Merchant Alert","Card Services",Open,"2025-12-05 00:58:18",2025-12-05,"2025-12-05 20:12:10","2025-12-05 21:29:40",NULL,678.03,678.03,678.03,0.00,1.0000,6,1,1,0,19,20,NULL,"1. <24h","Premier Savings",$1K-5K,1,active,CUS0000411,25-34,"Consumer Banking",NY,Buffalo,0.6,0,0
FRD000004376,Phishing/Smishing,Unauthorized,1,"Online Banking","QR code","Customer Reported","Fraud Ops",Closed-Confirmed,"2024-11-04 09:18:54",2024-11-04,"2024-11-07 15:33:46","2024-11-08 22:41:30","2024-11-23 13:45:07",1446.89,1446.89,801.41,645.48,0.5539,1,1,1,1,78,109,19,"3. 3-7d","Sapphire Preferred",$1K-5K,0,active,CUS0002354,25-34,"Consumer Banking",CA,"San Diego",0.4,1,0
FRD000000779,Card-Not-Present,Unauthorized,0,"Online Banking","card testing","Merchant Alert","Card Services",Closed-Confirmed,"2025-11-18 19:39:04",2025-11-18,"2025-11-18 23:18:19","2025-11-19 17:18:52","2025-12-05 10:01:07",54.09,54.09,45.95,8.14,0.8495,4,1,0,0,3,21,16,"1. <24h","Private Client Savings",$5K-25K,1,active,CUS0001394,65+,"Private Client Banking",CA,"Los Angeles",0.9,1,0
FRD000005443,"Account Takeover",Unauthorized,0,"Online Banking","credential stuffing","Customer Reported","Fraud Ops",Open,"2025-01-23 12:30:35",2025-01-23,"2025-02-02 22:49:18","2025-02-03 22:13:51",NULL,3751.07,296.43,147.82,148.61,0.4987,2,1,1,1,250,273,NULL,"4. 7d+","Business Checking",<$1K,1,active,CUS0000423,65+,"Financial Banking",NY,Buffalo,2.4,1,0
FRD000001287,Card-Not-Present,Unauthorized,0,"Online Banking","subscription abuse","Merchant Alert","Card Services","Closed-No Fraud","2024-04-15 20:41:03",2024-04-15,"2024-04-16 19:23:29","2024-04-17 07:13:55","2024-05-01 00:20:13",110.15,0.00,0.00,0.00,NULL,5,0,0,0,22,34,15,"2. 24-72h","Business Platinum",$5K-25K,0,active,CUS0002734,65+,"Financial Banking",TX,Houston,26.7,1,1
FRD000004533,Phishing/Smishing,Unauthorized,1,"Online Banking","SMS link","Customer Reported","Fraud Ops","Under Review","2025-12-18 09:24:47",2025-12-18,"2025-12-19 07:31:57","2025-12-20 13:34:27",NULL,12404.92,12404.92,6545.65,5859.27,0.5277,1,1,1,0,22,52,NULL,"2. 24-72h","Total Checking",$1K-5K,1,closed,CUS0002280,25-34,"Consumer Banking",MI,Detroit,3.0,1,0
FRD000004507,Phishing/Smishing,Unauthorized,1,"Online Banking","QR code","Rules Engine","Fraud Ops",Closed-Confirmed,"2024-07-13 09:56:59",2024-07-13,"2024-07-16 21:38:47",NULL,"2024-08-18 22:02:59",692.57,581.42,342.36,239.06,0.5888,2,1,0,0,83,NULL,36,"Never Reported","Premier Savings",$1K-5K,1,active,CUS0002410,35-44,"Consumer Banking",CA,"San Francisco",2.0,1,0
FRD000001086,Card-Not-Present,Unauthorized,0,"Online Banking","card testing","Merchant Alert","Card Services",Closed-Confirmed,"2024-11-02 22:29:06",2024-11-02,"2024-11-04 05:52:06","2024-11-05 00:25:29","2024-11-16 05:23:09",410.44,410.44,305.37,105.07,0.7440,1,1,1,0,31,49,13,"2. 24-72h","Freedom Unlimited",<$1K,0,closed,CUS0002183,55-64,"Consumer Banking",WA,Seattle,0.4,0,0
FRD000002343,Card-Not-Present,Unauthorized,0,"Online Banking","subscription abuse","Rules Engine","Card Services",Closed-Confirmed,"2024-11-17 03:53:20",2024-11-17,"2024-11-17 15:57:59",NULL,"2024-12-13 10:27:05",186.12,150.46,150.46,0.00,1.0000,2,1,0,1,12,NULL,26,"Never Reported","Freedom Unlimited",$5K-25K,0,active,CUS0002956,65+,"Consumer Banking",TX,Dallas,6.0,1,0
FRD000004339,Phishing/Smishing,Unauthorized,1,"Online Banking","QR code","Customer Reported","Fraud Ops",Closed-Confirmed,"2025-12-15 12:12:04",2025-12-15,"2025-12-18 00:44:03","2025-12-18 15:49:07","2026-01-03 14:42:02",956.34,956.34,480.95,475.39,0.5029,2,1,1,0,60,75,19,"3. 3-7d","Total Checking",$5K-25K,1,active,CUS0001149,45-54,"Consumer Banking",KS,Wichita,3.1,1,0
FRD000002161,Card-Not-Present,Unauthorized,0,"Online Banking","subscription abuse","Rules Engine","Card Services",Closed-Confirmed,"2025-12-07 09:02:32",2025-12-07,"2025-12-07 18:30:19","2025-12-08 02:31:16","2026-01-11 19:24:28",172.34,172.34,137.02,35.32,0.7951,4,1,1,1,9,17,35,"1. <24h","Private Client Savings",$1K-5K,1,active,CUS0002059,65+,"Private Client Banking",KS,Topeka,6.4,1,0
FRD000005504,"Account Takeover",Unauthorized,0,"Online Banking","SIM swap","Rules Engine","Fraud Ops",Closed-Confirmed,"2026-01-08 06:29:40",2026-01-08,"2026-01-16 11:38:08","2026-01-16 21:38:09","2026-02-15 20:53:12",592.68,592.68,270.95,321.73,0.4572,1,1,1,0,197,207,38,"4. 7d+","Premier Savings",$5K-25K,1,active,CUS0002428,25-34,"Consumer Banking",NJ,Newark,3.1,1,0
FRD000007400,"Zelle/P2P Scam",Authorized,1,"Online Banking","ticket resale","Customer Reported",Claims,"Closed-No Fraud","2025-09-22 17:47:41",2025-09-22,"2025-09-23 00:28:29","2025-09-23 14:12:12","2025-10-05 07:31:08",351.30,0.00,0.00,0.00,NULL,1,0,0,0,6,20,12,"1. <24h","Freedom Unlimited",<$1K,0,closed,CUS0002770,45-54,"Consumer Banking",CA,"San Diego",4.2,1,0
FRD000004579,Phishing/Smishing,Unauthorized,1,"Online Banking","QR code","ML Model","Fraud Ops","Closed-No Fraud","2026-02-09 04:02:01",2026-02-09,"2026-02-12 11:17:27","2026-02-12 20:03:14","2026-02-23 03:24:30",8410.06,0.00,0.00,0.00,NULL,3,0,0,0,79,88,13,"3. 3-7d","Financial Investment Account",$1K-5K,0,active,CUS0000364,35-44,"Private Client Banking",NJ,Newark,4.2,1,0
FRD000004128,Phishing/Smishing,Unauthorized,1,"Online Banking","QR code","ML Model","Fraud Ops",Closed-Confirmed,"2025-11-07 17:42:40",2025-11-07,"2025-11-17 07:19:19",NULL,"2025-11-30 18:53:43",742.41,742.41,484.95,257.46,0.6532,1,0,0,0,229,NULL,23,"Never Reported","Premier Savings",$1K-5K,1,active,CUS0000074,65+,"Consumer Banking",TX,Houston,18.5,1,0
FRD000006784,"Zelle/P2P Scam",Authorized,1,"Online Banking","ticket resale","Customer Reported",Claims,Closed-Confirmed,"2025-06-24 10:56:32",2025-06-24,"2025-06-24 16:41:29","2025-06-24 20:27:06","2025-07-01 12:20:41",1512.68,1512.68,222.92,1289.76,0.1474,1,0,0,0,5,9,7,"1. <24h","Financial Investment Account",$5K-25K,0,active,CUS0000712,25-34,"Private Client Banking",TX,Dallas,5.6,1,0
FRD000000547,Card-Not-Present,Unauthorized,0,"Online Banking","online retail","Merchant Alert","Card Services",Open,"2025-10-23 12:29:46",2025-10-23,"2025-10-24 08:48:24","2025-10-24 10:34:32",NULL,19.53,19.53,15.90,3.63,0.8141,3,1,0,0,20,22,NULL,"1. <24h","Business Checking",$5K-25K,1,active,CUS0001975,35-44,"Financial Banking",PA,Philadelphia,1.1,1,0
FRD000000027,Card-Not-Present,Unauthorized,0,"Online Banking","online retail","Rules Engine","Card Services",Closed-Confirmed,"2025-07-18 22:20:42",2025-07-18,"2025-07-19 06:38:41",NULL,"2025-08-11 19:32:46",83.80,83.80,73.21,10.59,0.8736,5,1,0,0,8,NULL,23,"Never Reported","Private Client Checking",$1K-5K,1,active,CUS0000675,25-34,"Private Client Banking",CA,"Los Angeles",2.7,1,1
FRD000000975,Card-Not-Present,Unauthorized,0,"Online Banking","digital wallet","Customer Reported","Card Services",Closed-Confirmed,"2024-02-14 08:55:24",2024-02-14,"2024-02-14 20:05:57","2024-02-15 00:46:09","2024-02-28 09:18:03",344.60,344.60,344.60,0.00,1.0000,5,1,1,0,11,15,14,"1. <24h","Auto Loan",<$1K,0,active,CUS0001471,45-54,"Consumer Banking",TX,Dallas,9.1,1,1
FRD000000164,Card-Not-Present,Unauthorized,0,"Online Banking","online retail","Rules Engine","Card Services",Closed-Confirmed,"2026-01-18 20:05:09",2026-01-18,"2026-01-19 02:33:03","2026-01-19 11:53:51","2026-01-30 13:20:22",262.48,262.48,237.60,24.88,0.9052,1,1,0,0,6,15,11,"1. <24h","Sapphire Preferred",$1K-5K,0,active,CUS0002795,35-44,"Consumer Banking",KS,"Overland Park",0.2,0,0
FRD000005046,"Account Takeover",Unauthorized,0,"Online Banking","SIM swap","ML Model","Fraud Ops","Under Review","2024-04-21 02:22:38",2024-04-21,"2024-04-22 22:11:24",NULL,NULL,2420.25,2420.25,1284.07,1136.18,0.5306,6,1,0,1,43,NULL,NULL,"Never Reported","Sapphire Preferred",$5K-25K,0,closed,CUS0000071,25-34,"Consumer Banking",NJ,"Jersey City",0.4,1,0
FRD000001760,Card-Not-Present,Unauthorized,0,"Online Banking","online retail","ML Model","Card Services",Closed-Confirmed,"2025-05-21 14:38:20",2025-05-21,"2025-05-22 20:09:32","2025-05-23 05:05:54","2025-07-21 05:25:33",48.18,48.18,48.18,0.00,1.0000,2,1,0,0,29,38,60,"2. 24-72h","Total Checking",$25K-100K,1,active,CUS0000841,35-44,"Consumer Banking",MI,"Grand Rapids",4.2,0,0
FRD000004755,Phishing/Smishing,Unauthorized,1,"Online Banking","credential harvest","Customer Reported","Fraud Ops",Closed-Confirmed,"2024-12-05 15:52:42",2024-12-05,"2024-12-11 04:53:31","2024-12-12 00:10:20","2024-12-20 18:51:12",1872.79,1872.79,1247.55,625.24,0.6661,5,1,0,0,133,152,15,"3. 3-7d","Freedom Unlimited",$1K-5K,0,active,CUS0001358,25-34,"Consumer Banking",TX,Houston,1.9,1,0
FRD000002063,Card-Not-Present,Unauthorized,0,"Online Banking","online retail","Rules Engine","Card Services",Closed-Confirmed,"2024-04-17 02:11:11",2024-04-17,"2024-04-17 15:49:30",NULL,"2024-05-11 21:14:57",429.71,429.71,378.24,51.47,0.8802,1,1,0,0,13,NULL,24,"Never Reported","Business Savings",$5K-25K,1,active,CUS0001400,25-34,"Financial Banking",KS,Wichita,9.9,1,0
FRD000002285,Card-Not-Present,Unauthorized,0,"Online Banking","online retail","ML Model","Card Services",Closed-Confirmed,"2024-04-27 13:20:59",2024-04-27,"2024-04-27 16:42:03","2024-04-27 18:15:37","2024-05-05 09:10:05",248.83,248.83,223.34,25.49,0.8976,2,1,0,0,3,4,7,"1. <24h","Freedom Unlimited",$5K-25K,0,active,CUS0001441,35-44,"Consumer Banking",CA,"San Diego",12.9,1,0
FRD000002878,Card-Not-Present,Unauthorized,0,"Online Banking","subscription abuse","ML Model","Card Services",Open,"2026-02-15 15:48:35",2026-02-15,"2026-02-16 06:11:04","2026-02-16 08:12:11",NULL,117.87,117.87,117.87,0.00,1.0000,2,1,0,1,14,16,NULL,"1. <24h","Financial Investment Account",<$1K,0,active,CUS0002298,45-54,"Private Client Banking",CA,"Los Angeles",11.6,1,0
FRD000005937,"Zelle/P2P Scam",Authorized,1,"Online Banking","ticket resale","Customer Reported",Claims,"Closed-No Fraud","2026-04-18 19:35:41",2026-04-18,"2026-04-18 22:30:58","2026-04-18 23:26:21","2026-05-01 15:56:16",424.98,0.00,0.00,0.00,NULL,3,0,0,0,2,3,12,"1. <24h","Freedom Unlimited",<$1K,0,active,CUS0000429,65+,"Consumer Banking",NJ,Newark,2.8,1,0
FRD000001019,Card-Not-Present,Unauthorized,0,"Online Banking","card testing","ML Model","Card Services",Closed-Confirmed,"2025-12-04 01:28:48",2025-12-04,"2025-12-05 01:37:07","2025-12-05 13:48:42","2025-12-07 04:49:28",319.62,319.62,235.93,83.69,0.7382,2,0,0,0,24,36,3,"2. 24-72h","Auto Loan",$25K-100K,0,active,CUS0000853,25-34,"Consumer Banking",FL,Tampa,15.6,0,0
FRD000008214,"Business Email Compromise",Authorized,1,"Online Banking","vendor invoice redirect","Rules Engine","Wire Recall",Closed-Confirmed,"2025-05-04 10:00:53",2025-05-04,"2025-05-09 12:34:07","2025-05-10 12:37:09","2025-05-18 23:23:28",23022.86,23022.86,6414.68,16608.18,0.2786,1,0,0,0,122,146,14,"3. 3-7d","Auto Loan",<$1K,0,active,CUS0000544,45-54,"Consumer Banking",CA,"Los Angeles",0.0,1,0
FRD000002557,Card-Not-Present,Unauthorized,0,"Online Banking","digital wallet","Merchant Alert","Card Services","Closed-No Fraud","2024-12-16 17:07:20",2024-12-16,"2024-12-17 18:36:44","2024-12-17 19:17:21","2024-12-25 10:36:45",178.65,0.00,0.00,0.00,NULL,2,0,0,0,25,26,8,"2. 24-72h","Sapphire Preferred",$1K-5K,0,active,CUS0002447,25-34,"Consumer Banking",KS,Wichita,12.2,1,0
FRD000000946,Card-Not-Present,Unauthorized,0,"Online Banking","card testing","Rules Engine","Card Services","Under Review","2024-08-14 15:26:54",2024-08-14,"2024-08-15 05:08:42","2024-08-15 14:47:22",NULL,254.79,254.79,188.50,66.29,0.7398,1,1,0,0,13,23,NULL,"1. <24h","Auto Loan",<$1K,0,closed,CUS0000494,65+,"Consumer Banking",TX,Dallas,1.0,1,1
FRD000000992,Card-Not-Present,Unauthorized,0,"Online Banking","digital wallet","ML Model","Card Services",Closed-Confirmed,"2024-02-09 07:23:10",2024-02-09,"2024-02-09 15:19:51",NULL,"2024-03-11 21:08:39",37.73,37.73,37.73,0.00,1.0000,1,1,0,0,7,NULL,31,"Never Reported","Financial Investment Account",$25K-100K,0,active,CUS0001507,25-34,"Private Client Banking",PA,Pittsburgh,4.4,1,0
FRD000006103,"Zelle/P2P Scam",Authorized,1,"Online Banking","fake marketplace seller","Customer Reported",Claims,Closed-Confirmed,"2025-10-20 13:47:41",2025-10-20,"2025-10-20 15:14:40","2025-10-20 17:20:27","2025-11-11 22:25:49",834.57,227.62,26.34,201.28,0.1157,1,0,0,0,1,3,22,"1. <24h","Business Savings",$5K-25K,1,active,CUS0001099,55-64,"Financial Banking",FL,Orlando,1.0,1,1
FRD000002131,Card-Not-Present,Unauthorized,0,"Online Banking","digital wallet","ML Model","Card Services",Closed-Confirmed,"2025-01-27 09:52:21",2025-01-27,"2025-01-27 13:36:29",NULL,"2025-02-14 05:01:19",400.90,400.90,400.90,0.00,1.0000,3,1,0,0,3,NULL,17,"Never Reported","Freedom Unlimited",$1K-5K,0,active,CUS0000593,45-54,"Consumer Banking",FL,Orlando,6.3,1,0
FRD000006867,"Zelle/P2P Scam",Authorized,1,"Online Banking","utility impersonation","Rules Engine",Claims,"Under Review","2025-06-29 03:03:42",2025-06-29,"2025-06-29 11:35:21",NULL,NULL,2931.21,2931.21,439.83,2491.38,0.1501,2,0,0,0,8,NULL,NULL,"Never Reported","Total Checking",$5K-25K,1,active,CUS0002022,65+,"Consumer Banking",PA,Pittsburgh,5.0,1,0
FRD000005888,"Account Takeover",Unauthorized,0,"Online Banking","password reset abuse","ML Model","Fraud Ops","Closed-No Fraud","2026-05-24 10:31:00",2026-05-24,"2026-05-27 12:03:01","2026-05-27 19:48:05","2026-06-11 08:40:58",9445.58,0.00,0.00,0.00,NULL,5,0,0,0,73,81,17,"3. 3-7d","Premier Savings",$25K-100K,1,active,CUS0001976,65+,"Consumer Banking",TX,Austin,27.5,1,0
FRD000004430,Phishing/Smishing,Unauthorized,1,"Online Banking","SMS link","Rules Engine","Fraud Ops",Closed-Confirmed,"2025-11-17 20:43:36",2025-11-17,"2025-11-18 14:04:48",NULL,"2025-12-15 18:38:00",1271.94,1271.94,766.30,505.64,0.6025,3,1,0,0,17,NULL,27,"Never Reported","Auto Loan",<$1K,0,active,CUS0000550,35-44,"Consumer Banking",NJ,"Jersey City",17.9,0,1
FRD000000963,Card-Not-Present,Unauthorized,0,"Online Banking","subscription abuse","ML Model","Card Services",Open,"2024-07-14 12:37:41",2024-07-14,"2024-07-15 02:44:09",NULL,NULL,180.75,180.75,178.50,2.25,0.9876,1,1,0,0,14,NULL,NULL,"Never Reported","Financial Investment Account",<$1K,0,closed,CUS0000835,55-64,"Private Client Banking",KS,Wichita,4.7,1,0
FRD000009827,"Tech Support/Impersonation",Authorized,1,"Online Banking","refund overpayment","Customer Reported",Claims,Closed-Confirmed,"2024-02-28 19:45:35",2024-02-28,"2024-03-01 15:21:08","2024-03-02 00:11:28","2024-03-20 13:02:19",1637.75,1637.75,464.00,1173.75,0.2833,1,0,0,0,43,52,20,"2. 24-72h","Freedom Unlimited",$5K-25K,0,active,CUS0000709,65+,"Consumer Banking",TX,Dallas,1.8,1,0
FRD000001817,Card-Not-Present,Unauthorized,0,"Online Banking","online retail","Rules Engine","Card Services",Closed-Confirmed,"2024-07-22 06:11:11",2024-07-22,"2024-07-22 19:04:38",NULL,"2024-08-04 01:56:55",174.46,124.61,124.61,0.00,1.0000,2,1,0,0,12,NULL,12,"Never Reported","Auto Loan",$5K-25K,0,active,CUS0001313,25-34,"Consumer Banking",FL,Miami,13.8,1,0
FRD000005214,"Account Takeover",Unauthorized,0,"Online Banking","session hijack","ML Model","Fraud Ops",Closed-Confirmed,"2024-04-04 21:59:55",2024-04-04,"2024-04-06 10:41:01",NULL,"2024-04-16 22:17:38",16486.11,14161.66,5694.44,8467.22,0.4021,4,1,0,0,36,NULL,12,"Never Reported","Premier Savings",$1K-5K,1,active,CUS0001982,65+,"Consumer Banking",FL,Tampa,8.4,1,0
FRD000002610,Card-Not-Present,Unauthorized,0,"Online Banking","subscription abuse","Rules Engine","Card Services",Closed-Confirmed,"2025-11-07 11:10:35",2025-11-07,"2025-11-07 16:33:18","2025-11-07 19:44:31","2025-11-14 23:01:08",349.89,349.89,349.89,0.00,1.0000,1,1,1,0,5,8,7,"1. <24h","Freedom Unlimited",<$1K,0,active,CUS0000514,65+,"Consumer Banking",NY,Buffalo,8.2,1,0
FRD000004438,Phishing/Smishing,Unauthorized,1,"Online Banking","SMS link","Rules Engine","Fraud Ops",Closed-Confirmed,"2025-12-11 16:06:19",2025-12-11,"2025-12-11 22:51:49","2025-12-12 11:07:21","2025-12-19 00:22:05",1423.92,1423.92,628.83,795.09,0.4416,1,1,1,0,6,19,7,"1. <24h","Financial Investment Account",$25K-100K,0,active,CUS0002897,35-44,"Private Client Banking",NJ,"Jersey City",0.3,1,0
FRD000006678,"Zelle/P2P Scam",Authorized,1,"Online Banking","fake marketplace seller","Customer Reported",Claims,Closed-Confirmed,"2024-01-30 07:33:34",2024-01-30,"2024-01-30 10:03:43","2024-01-31 04:16:50","2024-03-12 02:42:47",584.19,250.61,24.33,226.28,0.0971,1,0,0,0,2,20,41,"1. <24h","Private Client Checking",$5K-25K,1,active,CUS0001716,55-64,"Private Client Banking",CA,"San Francisco",5.8,0,1
FRD000008393,"Business Email Compromise",Authorized,1,"Online Banking","payroll diversion","Customer Reported","Wire Recall",Closed-Confirmed,"2025-09-29 06:57:44",2025-09-29,"2025-10-02 04:17:58","2025-10-02 16:16:45","2025-10-20 22:37:39",150453.34,150453.34,40093.30,110360.04,0.2665,1,0,0,0,69,81,21,"3. 3-7d","Financial Investment Account",$5K-25K,0,active,CUS0000759,45-54,"Private Client Banking",TX,Houston,0.7,1,0
FRD000005292,"Account Takeover",Unauthorized,0,"Online Banking","credential stuffing","Rules Engine","Fraud Ops",Open,"2024-08-07 06:28:48",2024-08-07,"2024-08-12 00:00:06","2024-08-12 15:36:19",NULL,1399.34,865.93,359.79,506.14,0.4155,2,1,0,0,113,129,NULL,"3. 3-7d","Freedom Unlimited",$1K-5K,0,active,CUS0002277,65+,"Consumer Banking",NJ,Newark,10.2,1,0
FRD000004258,Phishing/Smishing,Unauthorized,1,"Online Banking","fake login page","Rules Engine","Fraud Ops","Closed-No Fraud","2024-01-31 19:54:53",2024-01-31,"2024-02-04 16:03:39","2024-02-05 08:55:30","2024-02-14 00:29:47",551.98,0.00,0.00,0.00,NULL,3,0,0,0,92,109,13,"3. 3-7d","Private Client Checking",<$1K,1,active,CUS0002762,25-34,"Private Client Banking",TX,Austin,1.6,1,3
FRD000002274,Card-Not-Present,Unauthorized,0,"Online Banking","card testing","ML Model","Card Services",Open,"2025-07-16 15:03:55",2025-07-16,"2025-07-17 09:36:41",NULL,NULL,943.51,279.72,253.73,25.99,0.9071,3,1,0,1,18,NULL,NULL,"Never Reported","Total Checking",<$1K,1,active,CUS0000678,25-34,"Consumer Banking",NY,"New York",1.6,1,0
FRD000006040,"Zelle/P2P Scam",Authorized,1,"Online Banking","rental deposit","Customer Reported",Claims,Closed-Confirmed,"2024-07-23 04:50:57",2024-07-23,"2024-07-23 18:11:51","2024-07-23 21:37:22","2024-08-09 04:18:57",1306.50,1306.50,129.52,1176.98,0.0991,5,0,0,0,13,16,16,"1. <24h","Sapphire Preferred",<$1K,0,active,CUS0002061,18-24,"Consumer Banking",NJ,"Jersey City",0.8,1,0
FRD000006560,"Zelle/P2P Scam",Authorized,1,"Online Banking","utility impersonation","Customer Reported",Claims,Closed-Confirmed,"2024-05-31 21:08:50",2024-05-31,"2024-06-01 03:21:38","2024-06-01 05:08:41","2024-06-18 09:50:19",1075.86,1075.86,154.73,921.13,0.1438,2,0,0,0,6,7,17,"1. <24h","Business Checking",$1K-5K,1,active,CUS0000224,65+,"Financial Banking",NY,Albany,5.3,1,0
FRD000001935,Card-Not-Present,Unauthorized,0,"Online Banking","digital wallet","ML Model","Card Services","Closed-No Fraud","2026-05-03 00:37:11",2026-05-03,"2026-05-03 14:25:03","2026-05-03 17:15:34","2026-05-04 22:17:32",733.07,0.00,0.00,0.00,NULL,1,0,0,0,13,16,1,"1. <24h","Private Client Checking",<$1K,1,restricted,CUS0000971,45-54,"Private Client Banking",TX,Dallas,3.0,1,0
FRD000001052,Card-Not-Present,Unauthorized,0,"Online Banking","subscription abuse","Merchant Alert","Card Services",Closed-Confirmed,"2025-10-09 02:41:16",2025-10-09,"2025-10-09 21:08:23",NULL,"2025-11-13 02:23:28",371.91,371.91,256.11,115.80,0.6886,2,1,0,0,18,NULL,34,"Never Reported","Total Checking",$5K-25K,1,active,CUS0000341,45-54,"Consumer Banking",NY,Buffalo,1.6,1,0
FRD000008758,"Identity Theft/Synthetic",Unauthorized,0,"Online Banking","synthetic identity","Customer Reported","Fraud Ops",Closed-Confirmed,"2026-06-11 04:56:30",2026-06-11,"2026-10-30 06:06:41","2026-11-11 18:32:45","2026-12-01 21:56:49",10674.36,10674.36,1898.61,8775.75,0.1779,2,1,0,0,3385,3685,173,"4. 7d+","Business Checking",$1K-5K,1,active,CUS0000224,65+,"Financial Banking",NY,Albany,5.3,1,0
FRD000008342,"Business Email Compromise",Authorized,1,"Online Banking","vendor invoice redirect","Customer Reported","Wire Recall",Closed-Confirmed,"2026-04-13 18:02:46",2026-04-13,"2026-04-16 11:18:51","2026-04-17 05:33:58","2026-05-04 22:31:11",51713.04,51713.04,17796.58,33916.46,0.3441,1,0,0,1,65,83,21,"3. 3-7d","Total Checking",<$1K,1,active,CUS0002006,25-34,"Consumer Banking",NY,Buffalo,5.3,0,3
FRD000004399,Phishing/Smishing,Unauthorized,1,"Online Banking","fake login page","Rules Engine","Fraud Ops","Closed-No Fraud","2024-04-01 20:41:02",2024-04-01,"2024-04-05 05:16:16","2024-04-05 16:47:25","2024-04-08 07:10:42",964.67,0.00,0.00,0.00,NULL,5,0,0,0,80,92,6,"3. 3-7d","Private Client Savings",$1K-5K,1,active,CUS0001408,25-34,"Private Client Banking",FL,Orlando,3.9,0,0
FRD000005033,"Account Takeover",Unauthorized,0,"Online Banking","password reset abuse","ML Model","Fraud Ops",Closed-Confirmed,"2025-04-02 14:16:13",2025-04-02,"2025-04-04 14:06:18","2025-04-04 20:17:56","2025-04-11 13:10:03",2073.12,1514.86,869.60,645.26,0.5740,3,1,1,0,47,54,8,"2. 24-72h","Sapphire Preferred",<$1K,0,active,CUS0001649,25-34,"Consumer Banking",KS,Topeka,0.1,1,0
FRD000006461,"Zelle/P2P Scam",Authorized,1,"Online Banking","ticket resale","Customer Reported",Claims,Closed-Confirmed,"2024-06-20 06:56:27",2024-06-20,"2024-06-20 08:12:20","2024-06-20 08:35:00","2024-07-03 06:04:42",397.46,397.46,51.22,346.24,0.1289,2,0,0,0,1,1,12,"1. <24h","Sapphire Preferred",$5K-25K,0,closed,CUS0001922,18-24,"Consumer Banking",FL,Tampa,3.8,1,0
FRD000004116,Phishing/Smishing,Unauthorized,1,"Online Banking","QR code","Customer Reported","Fraud Ops",Closed-Confirmed,"2025-11-29 14:52:34",2025-11-29,"2025-12-01 10:03:44","2025-12-02 14:02:53","2026-01-14 04:41:26",1700.24,1700.24,767.10,933.14,0.4512,1,1,0,0,43,71,45,"2. 24-72h","Premier Savings",$5K-25K,1,active,CUS0002325,25-34,"Consumer Banking",FL,Orlando,6.4,1,0
FRD000009069,"Identity Theft/Synthetic",Unauthorized,0,"Online Banking",bust-out,"Statement Review","Fraud Ops",Closed-Confirmed,"2026-04-05 12:42:31",2026-04-05,"2026-04-25 16:01:49","2026-04-26 10:00:25","2026-04-30 08:52:48",6184.26,6184.26,1016.72,5167.54,0.1644,4,1,1,0,483,501,24,"4. 7d+","Business Checking",<$1K,1,active,CUS0000829,35-44,"Financial Banking",NJ,Newark,0.1,1,0
FRD000004455,Phishing/Smishing,Unauthorized,1,"Online Banking","SMS link","Customer Reported","Fraud Ops",Closed-Confirmed,"2025-02-12 16:31:48",2025-02-12,"2025-02-16 07:26:16","2025-02-17 06:34:21","2025-03-01 10:20:55",1242.10,1001.38,647.06,354.32,0.6462,4,1,0,0,86,110,16,"3. 3-7d","Sapphire Preferred",$25K-100K,0,active,CUS0001643,65+,"Consumer Banking",CA,"San Francisco",2.2,1,0
FRD000005009,"Account Takeover",Unauthorized,0,"Online Banking","credential stuffing","ML Model","Fraud Ops",Closed-Confirmed,"2026-05-14 02:10:21",2026-05-14,"2026-05-17 12:30:59",NULL,"2026-05-19 07:03:20",7026.26,7026.26,3190.94,3835.32,0.4541,6,1,0,0,82,NULL,5,"Never Reported","Premier Savings",$25K-100K,1,active,CUS0002482,65+,"Consumer Banking",FL,Tampa,5.1,1,0
FRD000002588,Card-Not-Present,Unauthorized,0,"Online Banking","online retail","Rules Engine","Card Services",Closed-Confirmed,"2026-03-30 21:13:10",2026-03-30,"2026-03-31 07:52:03","2026-03-31 09:04:34","2026-04-14 01:37:34",210.27,210.27,180.76,29.51,0.8597,2,1,0,0,10,11,14,"1. <24h","Freedom Unlimited",$5K-25K,0,active,CUS0002418,35-44,"Consumer Banking",NJ,Newark,12.4,1,0
FRD000008347,"Business Email Compromise",Authorized,1,"Online Banking","closing wire redirect","Customer Reported","Wire Recall",Closed-Confirmed,"2024-08-18 05:53:01",2024-08-18,"2024-08-24 09:38:30","2024-08-24 13:46:46","2024-09-29 15:53:45",120270.56,120270.56,44717.31,75553.25,0.3718,2,0,0,1,147,151,42,"3. 3-7d","Premier Savings",$5K-25K,1,active,CUS0000019,45-54,"Consumer Banking",CA,"Los Angeles",4.5,1,0
FRD000002299,Card-Not-Present,Unauthorized,0,"Online Banking","card testing","Rules Engine","Card Services",Closed-Confirmed,"2026-05-23 00:10:11",2026-05-23,"2026-05-24 13:26:04","2026-05-24 18:34:26","2026-06-22 21:29:53",216.11,216.11,150.94,65.17,0.6984,1,1,1,0,37,42,30,"2. 24-72h","Sapphire Preferred",<$1K,0,active,CUS0001686,55-64,"Consumer Banking",KS,"Overland Park",14.7,1,0
FRD000006942,"Zelle/P2P Scam",Authorized,1,"Online Banking","rental deposit","Customer Reported",Claims,Closed-Confirmed,"2024-04-28 08:30:50",2024-04-28,"2024-04-28 11:07:20","2024-04-29 08:59:15","2024-05-17 15:13:51",12663.06,12663.06,1218.32,11444.74,0.0962,1,0,0,0,2,24,19,"2. 24-72h","Auto Loan",$25K-100K,0,restricted,CUS0002858,25-34,"Consumer Banking",MA,Boston,3.0,1,0
FRD000006842,"Zelle/P2P Scam",Authorized,1,"Online Banking","ticket resale","Customer Reported",Claims,Closed-Confirmed,"2025-11-04 01:20:07",2025-11-04,"2025-11-05 00:12:37","2025-11-05 04:24:04","2025-11-08 16:08:24",660.74,660.74,81.43,579.31,0.1232,3,0,0,0,22,27,4,"2. 24-72h","Auto Loan",$1K-5K,0,active,CUS0000097,55-64,"Consumer Banking",MI,Detroit,7.5,1,0
FRD000005696,"Account Takeover",Unauthorized,0,"Online Banking","session hijack","Rules Engine","Fraud Ops",Closed-Confirmed,"2024-07-17 00:06:17",2024-07-17,"2024-07-17 22:12:47","2024-07-19 13:17:07","2024-07-30 04:24:10",13195.38,13195.38,6562.05,6633.33,0.4973,3,1,1,1,22,61,13,"2. 24-72h","Sapphire Preferred",$5K-25K,0,active,CUS0002990,55-64,"Consumer Banking",CA,"San Diego",0.3,1,0
FRD000009815,"Tech Support/Impersonation",Authorized,1,"Online Banking","bank impersonation","Rules Engine",Claims,Closed-Confirmed,"2024-01-13 23:13:32",2024-01-13,"2024-01-18 19:05:04","2024-01-19 02:06:28","2024-02-01 11:19:13",3305.99,3305.99,975.77,2330.22,0.2952,2,1,0,0,115,122,18,"3. 3-7d","Total Checking",$1K-5K,1,active,CUS0001719,35-44,"Consumer Banking",FL,Miami,6.0,1,0
FRD000004989,Phishing/Smishing,Unauthorized,1,"Online Banking","credential harvest","Customer Reported","Fraud Ops","Closed-No Fraud","2024-03-27 06:00:38",2024-03-27,"2024-04-02 06:54:39","2024-04-02 10:46:40","2024-04-13 09:55:52",2148.55,0.00,0.00,0.00,NULL,2,0,0,1,144,148,17,"3. 3-7d","Private Client Checking",$5K-25K,1,active,CUS0001566,65+,"Private Client Banking",MI,"Grand Rapids",3.3,1,0
FRD000000860,Card-Not-Present,Unauthorized,0,"Online Banking","subscription abuse","Customer Reported","Card Services",Closed-Confirmed,"2025-04-18 21:34:40",2025-04-18,"2025-04-19 03:12:57","2025-04-19 09:45:33","2025-05-09 15:21:04",60.36,60.36,53.51,6.85,0.8865,1,1,1,1,5,12,20,"1. <24h","Auto Loan",$1K-5K,0,active,CUS0000618,35-44,"Consumer Banking",WA,Seattle,7.8,1,0
FRD000000251,Card-Not-Present,Unauthorized,0,"Online Banking","card testing","Customer Reported","Card Services",Closed-Confirmed,"2024-06-14 03:24:48",2024-06-14,"2024-06-15 17:53:57","2024-06-16 00:06:09","2024-07-19 05:53:53",548.04,548.04,437.37,110.67,0.7981,1,1,0,0,38,44,35,"2. 24-72h","Sapphire Preferred",$5K-25K,0,active,CUS0001577,35-44,"Consumer Banking",NJ,"Jersey City",1.1,1,0
FRD000005576,"Account Takeover",Unauthorized,0,"Online Banking","password reset abuse","Customer Reported","Fraud Ops",Closed-Confirmed,"2024-02-21 16:23:39",2024-02-21,"2024-03-07 22:33:31","2024-03-08 21:38:28","2024-03-12 08:39:25",3039.81,1482.21,734.42,747.79,0.4955,9,1,1,0,366,389,19,"4. 7d+","Auto Loan",<$1K,0,active,CUS0002495,65+,"Consumer Banking",NJ,"Jersey City",1.4,0,0
FRD000002934,Card-Not-Present,Unauthorized,0,"Online Banking","subscription abuse","Merchant Alert","Card Services",Closed-Confirmed,"2026-02-21 04:56:07",2026-02-21,"2026-02-22 10:32:16","2026-02-22 11:06:19","2026-03-02 00:09:41",101.94,101.94,98.23,3.71,0.9636,3,1,1,0,29,30,8,"2. 24-72h","Financial Investment Account",$5K-25K,0,active,CUS0001200,65+,"Private Client Banking",KS,"Overland Park",0.3,1,0
FRD000003820,Phishing/Smishing,Unauthorized,1,"Online Banking","credential harvest","ML Model","Fraud Ops",Closed-Confirmed,"2025-06-13 03:28:17",2025-06-13,"2025-06-23 01:25:16",NULL,"2025-07-06 07:36:01",5081.72,971.83,462.33,509.50,0.4757,1,1,0,0,237,NULL,23,"Never Reported","Auto Loan",$100K+,0,restricted,CUS0001762,45-54,"Consumer Banking",TX,Houston,0.9,1,0
FRD000000356,Card-Not-Present,Unauthorized,0,"Online Banking","card testing","Merchant Alert","Card Services",Open,"2026-04-30 03:40:45",2026-04-30,"2026-04-30 16:18:59","2026-04-30 16:39:27",NULL,85.84,85.84,71.26,14.58,0.8301,1,1,0,0,12,12,NULL,"1. <24h","Business Platinum",$5K-25K,0,active,CUS0000956,55-64,"Financial Banking",TX,Austin,8.0,1,0
FRD000000856,Card-Not-Present,Unauthorized,0,"Online Banking","online retail","ML Model","Card Services",Closed-Confirmed,"2024-07-27 01:12:58",2024-07-27,"2024-07-27 07:39:33","2024-07-27 20:22:51","2024-08-28 17:08:17",65.01,23.28,18.00,5.28,0.7732,4,1,0,0,6,19,32,"1. <24h","Total Checking",$5K-25K,1,active,CUS0000148,35-44,"Consumer Banking",FL,Tampa,1.3,1,0
FRD000001960,Card-Not-Present,Unauthorized,0,"Online Banking","digital wallet","Rules Engine","Card Services",Closed-Confirmed,"2025-02-22 16:07:28",2025-02-22,"2025-02-23 04:58:10","2025-02-23 10:17:48","2025-03-09 20:08:05",191.58,191.58,158.86,32.72,0.8292,4,0,0,0,12,18,15,"1. <24h","Business Checking",$5K-25K,1,active,CUS0000059,35-44,"Financial Banking",KS,Wichita,6.9,1,2
FRD000004769,Phishing/Smishing,Unauthorized,1,"Online Banking","fake login page","Customer Reported","Fraud Ops",Closed-Confirmed,"2025-10-28 02:22:36",2025-10-28,"2025-11-01 21:26:39","2025-11-03 05:26:33","2025-11-14 02:29:41",946.47,946.47,535.84,410.63,0.5661,4,1,1,0,115,147,17,"3. 3-7d","Freedom Unlimited",$25K-100K,0,closed,CUS0002509,35-44,"Consumer Banking",CA,"San Francisco",6.3,1,0
FRD000008820,"Identity Theft/Synthetic",Unauthorized,0,"Online Banking",bust-out,"Customer Reported","Fraud Ops",Closed-Confirmed,"2024-03-12 13:12:55",2024-03-12,"2024-06-05 00:40:11","2024-06-07 02:26:35","2024-07-10 09:16:32",12927.39,5658.21,1272.00,4386.21,0.2248,1,1,1,0,2027,2077,119,"4. 7d+","Sapphire Preferred",$1K-5K,0,active,CUS0000252,65+,"Consumer Banking",KS,Topeka,0.5,1,0
FRD000001979,Card-Not-Present,Unauthorized,0,"Online Banking","subscription abuse","Merchant Alert","Card Services",Closed-Confirmed,"2025-11-04 16:10:58",2025-11-04,"2025-11-06 02:57:39","2025-11-06 18:18:47","2025-11-09 12:23:12",55.91,55.91,55.91,0.00,1.0000,4,1,1,0,34,50,4,"2. 24-72h","Premier Savings",$1K-5K,1,active,CUS0000062,25-34,"Consumer Banking",TX,Austin,3.5,1,0
FRD000005110,"Account Takeover",Unauthorized,0,"Online Banking","SIM swap","ML Model","Fraud Ops",Closed-Confirmed,"2024-08-05 08:18:13",2024-08-05,"2024-08-10 05:20:49","2024-08-10 08:25:46","2024-09-21 15:56:30",1237.06,1237.06,569.09,667.97,0.4600,4,1,0,0,117,120,47,"3. 3-7d","Freedom Unlimited",<$1K,0,active,CUS0001727,55-64,"Consumer Banking",CA,"Los Angeles",8.4,1,0
FRD000000852,Card-Not-Present,Unauthorized,0,"Online Banking","subscription abuse","ML Model","Card Services",Closed-Confirmed,"2026-03-15 17:45:22",2026-03-15,"2026-03-16 03:59:36","2026-03-16 12:42:03","2026-03-25 20:58:26",64.85,64.85,64.00,0.85,0.9869,2,1,1,0,10,18,10,"1. <24h","Premier Savings",<$1K,1,active,CUS0002477,55-64,"Consumer Banking",NJ,Trenton,35.0,1,0
FRD000009748,"Tech Support/Impersonation",Authorized,1,"Online Banking","bank impersonation","Customer Reported",Claims,Closed-Confirmed,"2025-04-03 19:22:06",2025-04-03,"2025-04-04 12:41:54","2025-04-05 19:52:23","2025-05-05 11:32:01",2265.58,2265.58,511.79,1753.79,0.2259,1,0,0,0,17,48,31,"2. 24-72h","Total Checking",$25K-100K,1,active,CUS0001069,25-34,"Consumer Banking",TX,Houston,4.4,1,0
FRD000000871,Card-Not-Present,Unauthorized,0,"Online Banking","subscription abuse","Rules Engine","Card Services",Closed-Confirmed,"2024-01-11 00:52:36",2024-01-11,"2024-01-11 11:47:47",NULL,"2024-01-31 12:57:40",151.11,124.55,113.30,11.25,0.9097,1,1,0,1,10,NULL,20,"Never Reported","Sapphire Preferred",$1K-5K,0,active,CUS0000288,35-44,"Consumer Banking",FL,Miami,0.2,1,0
FRD000002067,Card-Not-Present,Unauthorized,0,"Online Banking","subscription abuse","Merchant Alert","Card Services",Closed-Confirmed,"2025-12-12 15:51:57",2025-12-12,"2025-12-13 04:41:45",NULL,"2026-01-05 12:13:53",272.83,272.83,215.11,57.72,0.7884,1,1,0,0,12,NULL,23,"Never Reported","Sapphire Preferred",$5K-25K,0,active,CUS0002243,55-64,"Consumer Banking",NJ,Trenton,2.0,1,0
FRD000007278,"Zelle/P2P Scam",Authorized,1,"Online Banking","utility impersonation","Customer Reported",Claims,Closed-Confirmed,"2025-02-13 02:05:54",2025-02-13,"2025-02-13 07:59:42","2025-02-13 18:08:22","2025-03-12 11:24:41",612.81,612.81,81.12,531.69,0.1324,1,0,0,0,5,16,27,"1. <24h","Total Checking",<$1K,1,active,CUS0000100,35-44,"Consumer Banking",MI,"Grand Rapids",10.5,1,0
FRD000008452,"Identity Theft/Synthetic",Unauthorized,0,"Online Banking",bust-out,"Customer Reported","Fraud Ops","Closed-No Fraud","2024-07-11 20:23:37",2024-07-11,"2024-09-15 21:47:00","2024-09-21 04:46:12","2024-10-02 03:23:20",3166.17,0.00,0.00,0.00,NULL,1,0,0,1,1585,1712,82,"4. 7d+","Freedom Unlimited",<$1K,0,active,CUS0002733,35-44,"Consumer Banking",CA,"Los Angeles",17.7,1,0
FRD000003842,Phishing/Smishing,Unauthorized,1,"Online Banking","QR code","ML Model","Fraud Ops",Closed-Confirmed,"2025-02-20 07:08:58",2025-02-20,"2025-02-21 06:48:27","2025-02-23 16:36:32","2025-03-13 23:15:16",2702.52,803.10,501.25,301.85,0.6241,2,1,0,0,23,81,21,"3. 3-7d","Auto Loan",<$1K,0,active,CUS0000721,35-44,"Consumer Banking",CA,"Los Angeles",8.6,1,1
FRD000006033,"Zelle/P2P Scam",Authorized,1,"Online Banking","utility impersonation","Customer Reported",Claims,Closed-Confirmed,"2025-02-08 03:53:00",2025-02-08,"2025-02-08 05:53:14","2025-02-08 11:22:45","2025-03-13 21:57:59",687.49,687.49,76.14,611.35,0.1108,2,0,0,0,2,7,33,"1. <24h","Auto Loan",$1K-5K,0,restricted,CUS0002953,45-54,"Consumer Banking",CA,"San Diego",14.8,1,0
FRD000002818,Card-Not-Present,Unauthorized,0,"Online Banking","card testing","Rules Engine","Card Services",Closed-Confirmed,"2024-07-21 21:05:56",2024-07-21,"2024-07-22 13:42:21",NULL,"2024-08-06 06:45:55",323.97,323.97,234.37,89.60,0.7234,4,1,0,0,16,NULL,15,"Never Reported","Auto Loan",$5K-25K,0,active,CUS0000384,25-34,"Consumer Banking",CA,"San Francisco",3.9,1,2
FRD000000910,Card-Not-Present,Unauthorized,0,"Online Banking","subscription abuse","ML Model","Card Services",Closed-Confirmed,"2024-06-29 21:09:56",2024-06-29,"2024-06-30 05:33:12","2024-06-30 06:39:48","2024-07-10 21:15:48",341.85,341.85,341.85,0.00,1.0000,4,0,1,0,8,9,11,"1. <24h","Freedom Unlimited",$1K-5K,0,active,CUS0000521,65+,"Consumer Banking",NY,Buffalo,2.9,1,0
FRD000007076,"Zelle/P2P Scam",Authorized,1,"Online Banking","rental deposit","Customer Reported",Claims,Closed-Confirmed,"2024-08-04 01:00:45",2024-08-04,"2024-08-04 09:30:06","2024-08-04 15:57:48","2024-08-24 21:10:54",633.25,633.25,94.02,539.23,0.1485,3,1,0,0,8,14,20,"1. <24h","Business Platinum",$1K-5K,0,active,CUS0001735,35-44,"Financial Banking",CA,"San Diego",10.8,1,0
FRD000000294,Card-Not-Present,Unauthorized,0,"Online Banking","subscription abuse","ML Model","Card Services",Closed-Confirmed,"2025-10-23 08:33:53",2025-10-23,"2025-10-25 00:10:47","2025-10-25 11:13:12","2025-12-10 07:53:35",345.07,345.07,255.92,89.15,0.7416,3,1,0,1,39,50,47,"2. 24-72h","Premier Savings",<$1K,1,active,CUS0001500,45-54,"Consumer Banking",FL,Orlando,11.7,1,1
FRD000006775,"Zelle/P2P Scam",Authorized,1,"Online Banking","utility impersonation","Customer Reported",Claims,Closed-Confirmed,"2025-04-23 20:35:26",2025-04-23,"2025-04-24 02:31:34","2025-04-24 21:39:03","2025-05-23 18:45:40",269.16,269.16,27.28,241.88,0.1014,2,0,0,0,5,25,29,"2. 24-72h","Premier Savings",$5K-25K,1,active,CUS0000290,18-24,"Consumer Banking",MI,Detroit,0.7,1,0
FRD000009678,"Tech Support/Impersonation",Authorized,1,"Online Banking","fake antivirus","Customer Reported",Claims,Closed-Confirmed,"2024-06-26 14:32:08",2024-06-26,"2024-06-27 14:40:15","2024-06-28 06:31:33","2024-08-04 10:46:35",13295.64,7748.60,2211.75,5536.85,0.2854,1,0,0,1,24,39,38,"2. 24-72h","Private Client Savings",<$1K,1,restricted,CUS0001773,18-24,"Private Client Banking",KS,Wichita,4.4,1,0
FRD000005117,"Account Takeover",Unauthorized,0,"Online Banking","session hijack","Customer Reported","Fraud Ops",Closed-Confirmed,"2025-03-31 06:49:26",2025-03-31,"2025-04-05 19:31:39","2025-04-08 08:54:15","2025-04-28 14:02:41",2343.69,2343.69,1218.85,1124.84,0.5201,4,1,1,0,132,194,28,"4. 7d+","Auto Loan",$5K-25K,0,active,CUS0002757,25-34,"Consumer Banking",NY,Buffalo,2.9,1,0
FRD000008494,"Identity Theft/Synthetic",Unauthorized,0,"Online Banking","new account fraud","Customer Reported","Fraud Ops","Closed-No Fraud","2026-05-30 10:07:50",2026-05-30,"2026-08-13 02:56:07","2026-08-13 20:40:05","2026-08-15 05:33:35",5745.50,0.00,0.00,0.00,NULL,4,0,0,0,1792,1810,76,"4. 7d+","Financial Investment Account",$1K-5K,0,active,CUS0000560,25-34,"Private Client Banking",NJ,Trenton,0.8,1,0
FRD000000962,Card-Not-Present,Unauthorized,0,"Online Banking","card testing","Rules Engine","Card Services","Closed-No Fraud","2026-01-21 08:51:36",2026-01-21,"2026-01-22 21:48:03","2026-01-23 03:18:53","2026-01-24 10:54:36",202.33,0.00,0.00,0.00,NULL,4,0,0,0,36,42,3,"2. 24-72h","Premier Savings",<$1K,1,active,CUS0001698,55-64,"Consumer Banking",NJ,Trenton,30.6,1,0
FRD000005063,"Account Takeover",Unauthorized,0,"Online Banking","credential stuffing","ML Model","Fraud Ops",Closed-Confirmed,"2024-04-14 01:54:41",2024-04-14,"2024-04-15 17:02:57","2024-04-16 04:12:37","2024-04-22 08:12:56",2018.55,2018.55,848.10,1170.45,0.4202,3,1,1,1,39,50,8,"2. 24-72h","Premier Savings",<$1K,1,active,CUS0001565,45-54,"Consumer Banking",NJ,Newark,22.6,1,0
FRD000006625,"Zelle/P2P Scam",Authorized,1,"Online Banking","ticket resale","Rules Engine",Claims,Closed-Confirmed,"2025-05-05 05:45:39",2025-05-05,"2025-05-05 10:10:29","2025-05-05 17:17:40","2025-06-01 08:26:55",3605.30,2192.96,276.74,1916.22,0.1262,1,0,0,0,4,11,27,"1. <24h","Auto Loan",$1K-5K,0,active,CUS0002438,25-34,"Consumer Banking",NJ,Trenton,22.9,1,0
FRD000005971,"Zelle/P2P Scam",Authorized,1,"Online Banking","utility impersonation","Customer Reported",Claims,"Under Review","2024-11-05 23:35:09",2024-11-05,"2024-11-06 06:00:06","2024-11-06 15:58:07",NULL,148.33,148.33,14.46,133.87,0.0975,1,0,0,0,6,16,NULL,"1. <24h","Private Client Checking",$25K-100K,1,active,CUS0002436,35-44,"Private Client Banking",CA,"Los Angeles",1.1,1,0
FRD000000365,Card-Not-Present,Unauthorized,0,"Online Banking","subscription abuse","Rules Engine","Card Services",Closed-Confirmed,"2024-09-27 12:20:20",2024-09-27,"2024-09-28 01:54:42","2024-09-28 11:38:51","2024-10-31 09:51:36",93.53,93.53,72.37,21.16,0.7738,2,1,1,0,13,23,33,"1. <24h","Total Checking",$25K-100K,1,closed,CUS0000767,65+,"Consumer Banking",FL,Miami,1.6,1,1
FRD000000640,Card-Not-Present,Unauthorized,0,"Online Banking","card testing","Merchant Alert","Card Services",Closed-Confirmed,"2024-04-15 22:03:28",2024-04-15,"2024-04-16 05:32:01",NULL,"2024-05-01 01:33:00",131.09,131.09,118.92,12.17,0.9072,1,1,0,0,7,NULL,15,"Never Reported","Premier Savings",$5K-25K,1,active,CUS0000549,35-44,"Consumer Banking",KS,Topeka,0.7,1,0
FRD000004246,Phishing/Smishing,Unauthorized,1,"Online Banking","QR code","Customer Reported","Fraud Ops",Closed-Confirmed,"2024-04-08 10:13:07",2024-04-08,"2024-04-10 12:23:03","2024-04-12 23:24:29","2024-05-10 01:42:38",1883.32,1194.41,542.97,651.44,0.4546,1,1,1,0,50,109,31,"3. 3-7d","Auto Loan",<$1K,0,active,CUS0002156,25-34,"Consumer Banking",KS,Wichita,1.9,1,0
FRD000002740,Card-Not-Present,Unauthorized,0,"Online Banking","online retail","Rules Engine","Card Services",Closed-Confirmed,"2024-05-10 21:01:31",2024-05-10,"2024-05-11 00:22:32","2024-05-11 04:31:52","2024-05-30 15:05:47",486.12,486.12,355.36,130.76,0.7310,1,1,1,0,3,7,19,"1. <24h","Private Client Savings",<$1K,1,active,CUS0001241,25-34,"Private Client Banking",MI,Detroit,2.4,1,0
FRD000004428,Phishing/Smishing,Unauthorized,1,"Online Banking","fake login page","Customer Reported","Fraud Ops","Under Review","2026-06-10 16:05:06",2026-06-10,"2026-06-15 04:17:01","2026-06-15 11:19:48",NULL,5649.41,5649.41,2408.63,3240.78,0.4264,3,1,1,1,108,115,NULL,"3. 3-7d","Premier Savings",<$1K,1,closed,CUS0000380,35-44,"Consumer Banking",MI,"Grand Rapids",3.9,1,0
FRD000000331,Card-Not-Present,Unauthorized,0,"Online Banking","card testing","Rules Engine","Card Services",Open,"2025-12-15 07:43:47",2025-12-15,"2025-12-16 06:09:05","2025-12-16 06:40:58",NULL,89.37,89.37,78.20,11.17,0.8750,2,1,0,0,22,22,NULL,"1. <24h","Auto Loan",<$1K,0,active,CUS0001471,45-54,"Consumer Banking",TX,Dallas,9.1,1,1
FRD000000864,Card-Not-Present,Unauthorized,0,"Online Banking","digital wallet","ML Model","Card Services",Closed-Confirmed,"2025-12-13 05:46:33",2025-12-13,"2025-12-13 13:23:09","2025-12-13 19:35:48","2025-12-26 13:54:36",73.17,73.17,64.24,8.93,0.8780,2,1,0,0,7,13,13,"1. <24h","Premier Savings",$25K-100K,1,active,CUS0000871,65+,"Consumer Banking",KS,Wichita,1.4,1,0
FRD000002251,Card-Not-Present,Unauthorized,0,"Online Banking","subscription abuse","Rules Engine","Card Services",Closed-Confirmed,"2025-08-26 09:04:05",2025-08-26,"2025-08-27 03:56:31","2025-08-27 11:51:04","2025-09-26 10:19:18",54.74,54.74,53.78,0.96,0.9825,3,1,1,0,18,26,31,"2. 24-72h","Sapphire Preferred",$5K-25K,0,active,CUS0001745,35-44,"Consumer Banking",NY,Albany,1.1,1,0
FRD000006321,"Zelle/P2P Scam",Authorized,1,"Online Banking","utility impersonation","Customer Reported",Claims,Closed-Confirmed,"2024-01-30 09:59:41",2024-01-30,"2024-01-30 16:36:45","2024-01-31 06:55:31","2024-02-02 11:58:00",3986.79,614.71,85.73,528.98,0.1395,1,0,0,0,6,20,3,"1. <24h","Premier Savings",$5K-25K,1,active,CUS0002683,45-54,"Consumer Banking",TX,Houston,22.5,0,0
FRD000008191,"Business Email Compromise",Authorized,1,"Online Banking","vendor invoice redirect","ML Model","Wire Recall","Closed-No Fraud","2025-05-05 07:23:45",2025-05-05,"2025-05-07 00:36:03","2025-05-07 00:58:26","2025-05-24 06:48:45",9777.30,0.00,0.00,0.00,NULL,1,0,0,1,41,41,18,"2. 24-72h","Auto Loan",$5K-25K,0,active,CUS0001664,35-44,"Consumer Banking",FL,Tampa,1.6,1,0
FRD000009095,"Identity Theft/Synthetic",Unauthorized,0,"Online Banking","new account fraud","ML Model","Fraud Ops",Closed-Confirmed,"2024-06-24 15:13:17",2024-06-24,"2024-08-25 12:28:21",NULL,"2024-09-14 02:21:06",16619.33,16619.33,3084.38,13534.95,0.1856,3,0,0,0,1485,NULL,81,"Never Reported","Auto Loan",$100K+,0,restricted,CUS0000258,45-54,"Consumer Banking",FL,Orlando,9.2,1,1
FRD000006056,"Zelle/P2P Scam",Authorized,1,"Online Banking","fake marketplace seller","Customer Reported",Claims,Closed-Confirmed,"2024-06-30 01:53:35",2024-06-30,"2024-06-30 08:06:14","2024-06-30 09:03:10","2024-07-19 13:59:49",583.46,583.46,65.57,517.89,0.1124,1,0,0,0,6,7,19,"1. <24h","Auto Loan",$100K+,0,active,CUS0002707,35-44,"Consumer Banking",NJ,Newark,1.6,0,0
FRD000000738,Card-Not-Present,Unauthorized,0,"Online Banking","digital wallet","Rules Engine","Card Services",Open,"2024-02-07 04:27:51",2024-02-07,"2024-02-07 22:16:13",NULL,NULL,48.96,48.96,37.72,11.24,0.7704,2,1,0,0,17,NULL,NULL,"Never Reported","Freedom Unlimited",$25K-100K,0,active,CUS0002977,18-24,"Consumer Banking",NY,Albany,7.3,1,0
FRD000003850,Phishing/Smishing,Unauthorized,1,"Online Banking","credential harvest","Customer Reported","Fraud Ops",Closed-Confirmed,"2025-01-02 11:40:37",2025-01-02,"2025-01-03 08:35:05","2025-01-03 16:44:14","2025-01-04 19:34:24",14874.24,14874.24,9486.29,5387.95,0.6378,2,1,0,0,20,29,2,"2. 24-72h","Freedom Unlimited",$1K-5K,0,active,CUS0000197,55-64,"Consumer Banking",CA,"San Diego",0.0,1,2
FRD000008727,"Identity Theft/Synthetic",Unauthorized,0,"Online Banking","synthetic identity","Statement Review","Fraud Ops","Closed-No Fraud","2024-04-25 07:57:43",2024-04-25,"2024-08-20 19:31:55","2024-08-22 12:50:10","2024-08-30 05:17:31",4697.52,0.00,0.00,0.00,NULL,3,0,0,0,2819,2860,126,"4. 7d+","Business Platinum",<$1K,0,active,CUS0000052,65+,"Financial Banking",CA,"San Francisco",6.3,1,0
FRD000007361,"Zelle/P2P Scam",Authorized,1,"Online Banking","fake marketplace seller","Customer Reported",Claims,Open,"2026-03-13 15:21:19",2026-03-13,"2026-03-13 19:52:54","2026-03-14 14:02:19",NULL,620.09,620.09,61.05,559.04,0.0985,3,0,0,0,4,22,NULL,"1. <24h","Freedom Unlimited",<$1K,0,active,CUS0001197,25-34,"Consumer Banking",TX,Austin,14.8,1,1
FRD000007396,"Zelle/P2P Scam",Authorized,1,"Online Banking","ticket resale","Customer Reported",Claims,"Under Review","2026-03-27 10:35:40",2026-03-27,"2026-03-27 16:32:18","2026-03-28 10:12:05",NULL,2697.85,2697.85,317.22,2380.63,0.1176,2,0,0,0,5,23,NULL,"1. <24h","Auto Loan",<$1K,0,active,CUS0001944,25-34,"Consumer Banking",NJ,Newark,16.2,1,2
FRD000002731,Card-Not-Present,Unauthorized,0,"Online Banking","card testing","ML Model","Card Services",Closed-Confirmed,"2024-05-05 17:07:42",2024-05-05,"2024-05-05 19:30:54","2024-05-05 20:35:42","2024-05-25 06:08:44",184.45,172.24,172.24,0.00,1.0000,4,1,1,0,2,3,19,"1. <24h","Total Checking",$1K-5K,1,active,CUS0000515,25-34,"Consumer Banking",MI,"Grand Rapids",1.1,1,0
FRD000006985,"Zelle/P2P Scam",Authorized,1,"Online Banking","utility impersonation","Customer Reported",Claims,Closed-Confirmed,"2026-02-12 04:26:27",2026-02-12,"2026-02-12 11:11:59","2026-02-14 10:57:54","2026-02-22 07:40:32",5765.35,5765.35,352.74,5412.61,0.0612,1,0,0,0,6,54,10,"2. 24-72h","Private Client Savings",$1K-5K,1,active,CUS0001444,45-54,"Private Client Banking",MI,Lansing,0.7,1,0
FRD000007369,"Zelle/P2P Scam",Authorized,1,"Online Banking","ticket resale","Customer Reported",Claims,Closed-Confirmed,"2025-03-07 22:02:22",2025-03-07,"2025-03-08 11:24:03","2025-03-09 07:24:33","2025-03-27 04:28:59",1779.01,1779.01,237.01,1542.00,0.1332,1,0,0,0,13,33,19,"2. 24-72h","Business Savings",<$1K,1,active,CUS0001419,65+,"Financial Banking",FL,Tampa,17.8,1,2
FRD000003805,Phishing/Smishing,Unauthorized,1,"Online Banking","fake login page","Rules Engine","Fraud Ops",Closed-Confirmed,"2024-11-03 14:46:35",2024-11-03,"2024-11-05 18:44:01","2024-11-06 17:47:27","2024-11-17 23:05:13",611.22,611.22,416.28,194.94,0.6811,4,1,1,0,51,75,14,"3. 3-7d","Freedom Unlimited",$1K-5K,0,active,CUS0001016,55-64,"Consumer Banking",TX,Austin,7.1,1,0
FRD000005780,"Account Takeover",Unauthorized,0,"Online Banking","session hijack","Customer Reported","Fraud Ops",Closed-Confirmed,"2026-06-20 00:48:57",2026-06-20,"2026-06-22 16:26:47","2026-06-23 17:01:54","2026-07-31 14:05:21",5421.07,5421.07,2160.79,3260.28,0.3986,2,1,0,0,63,88,41,"3. 3-7d","Freedom Unlimited",$5K-25K,0,active,CUS0002776,35-44,"Consumer Banking",KS,Topeka,4.8,0,0
FRD000000523,Card-Not-Present,Unauthorized,0,"Online Banking","digital wallet","Rules Engine","Card Services","Under Review","2024-07-30 16:18:30",2024-07-30,"2024-07-31 08:09:42",NULL,NULL,604.25,604.25,579.52,24.73,0.9591,3,1,0,0,15,NULL,NULL,"Never Reported","Total Checking",$100K+,1,active,CUS0000266,25-34,"Consumer Banking",KS,"Overland Park",1.0,0,0
FRD000009138,"Identity Theft/Synthetic",Unauthorized,0,"Online Banking","stolen SSN","Customer Reported","Fraud Ops","Under Review","2025-06-12 06:17:00",2025-06-12,"2026-01-10 19:41:12","2026-01-12 19:53:32",NULL,18694.95,18694.95,4641.33,14053.62,0.2483,1,1,1,0,5101,5149,NULL,"4. 7d+","Business Savings",<$1K,1,active,CUS0001128,35-44,"Financial Banking",TX,Dallas,0.3,1,0
FRD000004925,Phishing/Smishing,Unauthorized,1,"Online Banking","credential harvest","Rules Engine","Fraud Ops",Closed-Confirmed,"2025-12-20 00:42:56",2025-12-20,"2025-12-21 12:59:17",NULL,"2026-01-24 12:08:33",1941.02,1941.02,961.00,980.02,0.4951,1,1,0,0,36,NULL,35,"Never Reported","Sapphire Preferred",$5K-25K,0,active,CUS0001184,35-44,"Consumer Banking",NY,Buffalo,10.2,1,0
FRD000004187,Phishing/Smishing,Unauthorized,1,"Online Banking","QR code","ML Model","Fraud Ops",Closed-Confirmed,"2026-02-28 02:17:26",2026-02-28,"2026-03-01 08:28:57","2026-03-01 19:46:08","2026-03-30 18:56:27",1107.90,74.10,35.75,38.35,0.4825,1,1,1,0,30,41,30,"2. 24-72h","Business Checking",$1K-5K,1,active,CUS0002931,45-54,"Financial Banking",MI,Lansing,13.7,1,0
FRD000006004,"Zelle/P2P Scam",Authorized,1,"Online Banking","rental deposit","Customer Reported",Claims,Closed-Confirmed,"2024-03-02 04:11:49",2024-03-02,"2024-03-02 18:25:51","2024-03-02 18:57:14","2024-03-15 13:31:48",259.40,144.15,15.09,129.06,0.1047,1,0,0,0,14,14,13,"1. <24h","Premier Savings",$5K-25K,1,active,CUS0001481,18-24,"Consumer Banking",CA,"San Francisco",5.0,1,0
FRD000006696,"Zelle/P2P Scam",Authorized,1,"Online Banking","ticket resale","Customer Reported",Claims,Closed-Confirmed,"2026-01-10 18:55:02",2026-01-10,"2026-01-11 10:17:45","2026-01-11 14:07:49","2026-01-16 03:32:19",849.09,849.09,88.15,760.94,0.1038,2,0,0,0,15,19,5,"1. <24h","Total Checking",$5K-25K,1,active,CUS0002434,25-34,"Consumer Banking",MA,Worcester,1.5,1,0
FRD000008955,"Identity Theft/Synthetic",Unauthorized,0,"Online Banking",bust-out,"Statement Review","Fraud Ops",Closed-Confirmed,"2026-04-06 12:45:17",2026-04-06,"2026-04-13 22:16:48","2026-04-14 21:34:57","2026-04-28 17:30:08",15165.07,3071.28,578.20,2493.08,0.1883,1,0,1,0,177,200,22,"4. 7d+","Private Client Checking",$5K-25K,1,active,CUS0002469,65+,"Private Client Banking",PA,Harrisburg,0.7,1,0
FRD000008624,"Identity Theft/Synthetic",Unauthorized,0,"Online Banking","stolen SSN","Statement Review","Fraud Ops",Closed-Confirmed,"2026-04-15 14:04:01",2026-04-15,"2026-09-10 02:42:19","2026-09-14 09:17:53","2026-10-02 15:01:34",3831.72,3831.72,752.63,3079.09,0.1964,2,1,1,0,3540,3643,170,"4. 7d+","Premier Savings",$5K-25K,1,active,CUS0001014,25-34,"Consumer Banking",FL,Orlando,9.6,1,0
FRD000004509,Phishing/Smishing,Unauthorized,1,"Online Banking","fake login page","Customer Reported","Fraud Ops",Closed-Confirmed,"2025-08-20 09:19:49",2025-08-20,"2025-08-22 23:29:28","2025-08-24 13:46:47","2025-09-01 02:26:22",3352.78,2585.30,1429.58,1155.72,0.5530,2,1,0,0,62,100,11,"3. 3-7d","Freedom Unlimited",$100K+,0,active,CUS0002502,65+,"Consumer Banking",CA,"San Diego",7.6,0,0
FRD000008455,"Identity Theft/Synthetic",Unauthorized,0,"Online Banking","stolen SSN","Customer Reported","Fraud Ops",Closed-Confirmed,"2024-11-11 02:02:24",2024-11-11,"2025-01-04 07:00:39","2025-01-05 07:10:12","2025-01-19 13:44:13",10478.23,10478.23,1990.38,8487.85,0.1900,4,1,1,0,1300,1325,69,"4. 7d+","Auto Loan",$1K-5K,0,restricted,CUS0000937,65+,"Consumer Banking",CA,"San Francisco",1.9,1,0
FRD000005916,"Zelle/P2P Scam",Authorized,1,"Online Banking","fake marketplace seller","Customer Reported",Claims,Closed-Confirmed,"2026-03-15 16:50:55",2026-03-15,"2026-03-15 17:17:41","2026-03-15 21:54:07","2026-03-25 06:56:18",646.28,646.28,89.82,556.46,0.1390,1,0,0,0,0,5,9,"1. <24h","Sapphire Preferred",<$1K,0,active,CUS0000724,45-54,"Consumer Banking",FL,Tampa,3.2,1,0
FRD000007366,"Zelle/P2P Scam",Authorized,1,"Online Banking","utility impersonation","Customer Reported",Claims,Closed-Confirmed,"2025-04-11 10:30:34",2025-04-11,"2025-04-11 15:09:33","2025-04-11 19:39:02","2025-04-16 17:55:13",659.29,659.29,102.38,556.91,0.1553,2,0,0,0,4,9,5,"1. <24h","Premier Savings",$5K-25K,1,active,CUS0000927,55-64,"Consumer Banking",TX,Houston,3.3,1,0
FRD000000133,Card-Not-Present,Unauthorized,0,"Online Banking","online retail","Merchant Alert","Card Services",Closed-Confirmed,"2024-09-07 01:52:24",2024-09-07,"2024-09-07 20:52:04","2024-09-08 08:08:54","2024-09-10 01:00:45",249.72,249.72,249.72,0.00,1.0000,3,1,1,1,18,30,2,"2. 24-72h","Total Checking",$25K-100K,1,closed,CUS0000767,65+,"Consumer Banking",FL,Miami,1.6,1,1
FRD000004415,Phishing/Smishing,Unauthorized,1,"Online Banking","SMS link","Customer Reported","Fraud Ops",Closed-Confirmed,"2025-02-08 17:33:43",2025-02-08,"2025-02-12 02:34:05","2025-02-12 03:49:56","2025-03-08 02:39:56",9947.71,9947.71,4199.32,5748.39,0.4221,1,1,0,1,81,82,27,"3. 3-7d","Sapphire Preferred",$5K-25K,0,closed,CUS0000611,35-44,"Consumer Banking",KS,Topeka,9.1,1,0
FRD000008892,"Identity Theft/Synthetic",Unauthorized,0,"Online Banking",bust-out,"Customer Reported","Fraud Ops",Closed-Confirmed,"2025-04-03 23:13:00",2025-04-03,"2025-10-17 03:13:23","2025-10-17 18:41:15","2025-10-26 20:07:39",12734.47,2002.13,430.99,1571.14,0.2153,2,1,1,0,4708,4723,205,"4. 7d+","Freedom Unlimited",$1K-5K,0,active,CUS0002145,35-44,"Consumer Banking",NJ,Trenton,1.0,1,0
FRD000006189,"Zelle/P2P Scam",Authorized,1,"Online Banking","ticket resale","Customer Reported",Claims,Closed-Confirmed,"2026-06-02 12:53:05",2026-06-02,"2026-06-02 16:06:51","2026-06-03 04:00:06","2026-06-09 00:43:23",589.26,589.26,59.09,530.17,0.1003,1,0,0,0,3,15,6,"1. <24h","Sapphire Preferred",<$1K,0,active,CUS0000873,45-54,"Consumer Banking",MI,"Grand Rapids",5.0,0,0
FRD000000199,Card-Not-Present,Unauthorized,0,"Online Banking","card testing","Rules Engine","Card Services",Closed-Confirmed,"2025-05-09 03:36:18",2025-05-09,"2025-05-09 07:56:35",NULL,"2025-06-12 23:45:47",85.39,85.39,85.39,0.00,1.0000,4,1,0,0,4,NULL,34,"Never Reported","Premier Savings",$5K-25K,1,active,CUS0000911,35-44,"Consumer Banking",TX,Houston,2.2,1,0
FRD000002592,Card-Not-Present,Unauthorized,0,"Online Banking","online retail","Merchant Alert","Card Services","Closed-No Fraud","2024-07-21 12:38:11",2024-07-21,"2024-07-22 03:20:16","2024-07-22 08:25:40","2024-08-08 09:13:43",227.92,0.00,0.00,0.00,NULL,1,0,0,0,14,19,17,"1. <24h","Freedom Unlimited",$1K-5K,0,active,CUS0001374,55-64,"Consumer Banking",FL,Orlando,0.8,1,0
FRD000006317,"Zelle/P2P Scam",Authorized,1,"Online Banking","utility impersonation","Customer Reported",Claims,Closed-Confirmed,"2024-03-14 13:20:49",2024-03-14,"2024-03-14 15:42:23","2024-03-14 18:51:39","2024-04-19 17:49:14",512.83,512.83,63.64,449.19,0.1241,1,1,0,0,2,5,36,"1. <24h","Total Checking",<$1K,1,active,CUS0000507,45-54,"Consumer Banking",MA,Springfield,3.7,1,0
FRD000005982,"Zelle/P2P Scam",Authorized,1,"Online Banking","fake marketplace seller","Customer Reported",Claims,Closed-Confirmed,"2025-09-16 13:49:14",2025-09-16,"2025-09-16 21:18:03","2025-09-17 06:29:56","2025-10-13 21:47:50",1319.54,1319.54,146.37,1173.17,0.1109,1,0,0,0,7,16,27,"1. <24h","Premier Savings",<$1K,1,active,CUS0001786,45-54,"Consumer Banking",CA,"San Francisco",1.3,0,0
FRD000008271,"Business Email Compromise",Authorized,1,"Online Banking","vendor invoice redirect","ML Model","Wire Recall","Under Review","2024-01-27 13:16:42",2024-01-27,"2024-01-28 08:18:23",NULL,NULL,130563.18,130563.18,44962.41,85600.77,0.3444,1,0,0,1,19,NULL,NULL,"Never Reported","Premier Savings",$100K+,1,active,CUS0000584,35-44,"Consumer Banking",NY,Albany,5.4,1,1
FRD000008378,"Business Email Compromise",Authorized,1,"Online Banking","vendor invoice redirect","Customer Reported","Wire Recall",Closed-Confirmed,"2025-01-18 16:47:28",2025-01-18,"2025-01-23 04:21:08","2025-01-23 16:42:00","2025-01-28 08:33:54",22515.44,22515.44,8281.93,14233.51,0.3678,1,0,0,1,107,119,9,"3. 3-7d","Business Checking",$5K-25K,1,active,CUS0002869,25-34,"Financial Banking",MA,Boston,0.4,0,0
FRD000002149,Card-Not-Present,Unauthorized,0,"Online Banking","card testing","Customer Reported","Card Services","Under Review","2024-01-19 00:55:16",2024-01-19,"2024-01-19 14:07:50","2024-01-19 15:56:48",NULL,56.12,56.12,42.55,13.57,0.7582,5,1,0,1,13,15,NULL,"1. <24h","Auto Loan",<$1K,0,active,CUS0000259,65+,"Consumer Banking",FL,Tampa,7.5,1,0
FRD000003971,Phishing/Smishing,Unauthorized,1,"Online Banking","fake login page","ML Model","Fraud Ops",Closed-Confirmed,"2024-05-03 23:49:41",2024-05-03,"2024-05-07 10:01:03","2024-05-07 15:35:22","2024-06-15 05:07:59",576.49,338.84,198.55,140.29,0.5860,1,1,1,0,82,87,42,"3. 3-7d","Auto Loan",$1K-5K,0,active,CUS0000634,65+,"Consumer Banking",KS,"Overland Park",4.5,1,0
FRD000001464,Card-Not-Present,Unauthorized,0,"Online Banking","online retail","Rules Engine","Card Services",Open,"2026-04-17 16:59:39",2026-04-17,"2026-04-18 01:22:27","2026-04-18 05:04:25",NULL,206.17,206.17,203.15,3.02,0.9854,2,1,1,0,8,12,NULL,"1. <24h","Auto Loan",$1K-5K,0,closed,CUS0002946,35-44,"Consumer Banking",MI,"Grand Rapids",12.9,1,0
FRD000003906,Phishing/Smishing,Unauthorized,1,"Online Banking","credential harvest","ML Model","Fraud Ops",Closed-Confirmed,"2026-01-03 00:22:24",2026-01-03,"2026-01-08 07:46:23","2026-01-08 22:59:09","2026-01-18 00:03:53",2637.45,2637.45,1720.69,916.76,0.6524,3,1,1,0,127,142,14,"3. 3-7d","Sapphire Preferred",$1K-5K,0,active,CUS0000840,45-54,"Consumer Banking",FL,Orlando,1.1,0,0
FRD000001415,Card-Not-Present,Unauthorized,0,"Online Banking","subscription abuse","ML Model","Card Services",Closed-Confirmed,"2024-02-17 07:50:18",2024-02-17,"2024-02-18 00:24:46","2024-02-18 19:12:50","2024-03-07 17:51:00",216.59,216.59,152.25,64.34,0.7029,1,1,0,1,16,35,19,"2. 24-72h","Freedom Unlimited",$1K-5K,0,active,CUS0002204,65+,"Consumer Banking",TX,Austin,10.0,1,0
FRD000005557,"Account Takeover",Unauthorized,0,"Online Banking","credential stuffing","Rules Engine","Fraud Ops",Closed-Confirmed,"2024-02-14 12:53:15",2024-02-14,"2024-02-19 03:28:18",NULL,"2024-03-05 22:15:53",7119.11,7119.11,3949.36,3169.75,0.5548,6,1,0,0,110,NULL,20,"Never Reported","Financial Investment Account",$5K-25K,0,active,CUS0000012,25-34,"Private Client Banking",NJ,Newark,2.5,1,0
FRD000009762,"Tech Support/Impersonation",Authorized,1,"Online Banking","bank impersonation","Customer Reported",Claims,Closed-Confirmed,"2024-04-27 12:41:39",2024-04-27,"2024-04-30 04:52:39","2024-05-02 08:42:07","2024-05-22 18:08:05",6611.31,2098.63,487.27,1611.36,0.2322,4,0,0,0,64,116,25,"3. 3-7d","Premier Savings",<$1K,1,active,CUS0002784,35-44,"Consumer Banking",NJ,Trenton,15.7,1,0
FRD000004599,Phishing/Smishing,Unauthorized,1,"Online Banking","QR code","Rules Engine","Fraud Ops",Open,"2024-01-23 13:16:35",2024-01-23,"2024-01-30 09:58:16",NULL,NULL,2902.03,2902.03,1948.17,953.86,0.6713,4,1,0,0,164,NULL,NULL,"Never Reported","Freedom Unlimited",$1K-5K,0,closed,CUS0001410,65+,"Consumer Banking",CA,"Los Angeles",4.2,1,0
FRD000000542,Card-Not-Present,Unauthorized,0,"Online Banking","digital wallet","Rules Engine","Card Services",Closed-Confirmed,"2025-07-06 10:39:53",2025-07-06,"2025-07-07 18:58:05",NULL,"2025-08-19 14:49:53",487.89,487.89,472.31,15.58,0.9681,1,1,0,0,32,NULL,44,"Never Reported","Premier Savings",$5K-25K,1,active,CUS0002972,35-44,"Consumer Banking",KS,Topeka,1.1,1,0
FRD000000009,Card-Not-Present,Unauthorized,0,"Online Banking","subscription abuse","Rules Engine","Card Services",Closed-Confirmed,"2024-05-28 04:13:06",2024-05-28,"2024-05-28 10:59:45","2024-05-29 02:54:26","2024-08-02 05:35:35",188.83,166.27,166.27,0.00,1.0000,5,1,1,0,6,22,66,"1. <24h","Freedom Unlimited",$25K-100K,0,active,CUS0001148,35-44,"Consumer Banking",MI,Lansing,9.5,1,0
FRD000000808,Card-Not-Present,Unauthorized,0,"Online Banking","subscription abuse","Rules Engine","Card Services",Closed-Confirmed,"2024-11-08 00:22:28",2024-11-08,"2024-11-08 02:56:19",NULL,"2024-11-16 05:17:43",158.49,142.63,130.10,12.53,0.9122,2,1,0,0,2,NULL,8,"Never Reported","Financial Investment Account",$100K+,0,active,CUS0000289,45-54,"Private Client Banking",NJ,Trenton,3.6,1,0
FRD000002390,Card-Not-Present,Unauthorized,0,"Online Banking","digital wallet","ML Model","Card Services","Closed-No Fraud","2025-05-24 10:13:09",2025-05-24,"2025-05-24 21:08:57","2025-05-25 04:58:01","2025-06-11 01:44:20",227.58,0.00,0.00,0.00,NULL,3,0,0,1,10,18,17,"1. <24h","Freedom Unlimited",$1K-5K,0,active,CUS0001542,25-34,"Consumer Banking",FL,Miami,2.0,1,0
FRD000005060,"Account Takeover",Unauthorized,0,"Online Banking","SIM swap","ML Model","Fraud Ops",Closed-Confirmed,"2026-06-03 07:40:14",2026-06-03,"2026-06-07 18:28:44","2026-06-08 11:35:40","2026-06-13 19:54:12",10452.84,10452.84,4785.40,5667.44,0.4578,4,1,0,0,106,123,10,"3. 3-7d","Private Client Savings",$100K+,1,active,CUS0002786,25-34,"Private Client Banking",NY,"New York",6.5,0,0
FRD000004422,Phishing/Smishing,Unauthorized,1,"Online Banking","SMS link","Rules Engine","Fraud Ops",Closed-Confirmed,"2024-12-16 14:03:38",2024-12-16,"2024-12-22 11:01:02","2024-12-23 00:03:44","2025-01-23 11:44:19",380.85,380.85,162.26,218.59,0.4260,1,1,1,0,140,154,37,"3. 3-7d","Private Client Savings",$1K-5K,1,active,CUS0000255,35-44,"Private Client Banking",TX,Houston,3.4,0,0
FRD000001097,Card-Not-Present,Unauthorized,0,"Online Banking","digital wallet","Merchant Alert","Card Services",Closed-Confirmed,"2025-08-25 04:28:49",2025-08-25,"2025-08-26 02:22:43",NULL,"2025-09-11 20:11:25",200.52,200.52,139.14,61.38,0.6939,2,1,0,0,21,NULL,17,"Never Reported","Freedom Unlimited",<$1K,0,active,CUS0002779,18-24,"Consumer Banking",FL,Miami,6.3,1,2
FRD000001722,Card-Not-Present,Unauthorized,0,"Online Banking","online retail","ML Model","Card Services",Closed-Confirmed,"2025-07-13 09:56:40",2025-07-13,"2025-07-13 21:47:07",NULL,"2025-08-02 14:52:04",663.16,663.16,574.07,89.09,0.8657,3,1,0,0,11,NULL,20,"Never Reported","Sapphire Preferred",$5K-25K,0,active,CUS0001965,25-34,"Consumer Banking",PA,Harrisburg,10.1,1,0
FRD000008222,"Business Email Compromise",Authorized,1,"Online Banking","payroll diversion","Customer Reported","Wire Recall",Open,"2024-12-08 04:55:37",2024-12-08,"2024-12-09 12:37:40","2024-12-11 07:37:41",NULL,176584.44,176584.44,25194.03,151390.41,0.1427,1,0,0,1,31,74,NULL,"3. 3-7d","Premier Savings",$5K-25K,1,active,CUS0001288,25-34,"Consumer Banking",MI,Detroit,1.9,1,0
FRD000007302,"Zelle/P2P Scam",Authorized,1,"Online Banking","rental deposit","Rules Engine",Claims,Open,"2024-04-13 09:31:21",2024-04-13,"2024-04-13 15:44:13",NULL,NULL,1023.10,1023.10,150.94,872.16,0.1475,3,0,0,0,6,NULL,NULL,"Never Reported","Sapphire Preferred",$5K-25K,0,active,CUS0001971,55-64,"Consumer Banking",NY,"New York",4.1,1,2
FRD000004654,Phishing/Smishing,Unauthorized,1,"Online Banking","credential harvest","ML Model","Fraud Ops",Closed-Confirmed,"2024-09-13 00:44:15",2024-09-13,"2024-09-16 15:10:32","2024-09-17 22:41:40","2024-10-28 00:15:41",849.73,345.69,229.70,115.99,0.6645,2,1,1,0,86,117,44,"3. 3-7d","Total Checking",$25K-100K,1,active,CUS0000323,55-64,"Consumer Banking",NY,"New York",9.1,1,0
FRD000006650,"Zelle/P2P Scam",Authorized,1,"Online Banking","fake marketplace seller","Rules Engine",Claims,Closed-Confirmed,"2024-05-10 09:36:01",2024-05-10,"2024-05-10 14:41:42","2024-05-10 17:41:26","2024-05-20 19:13:06",654.81,654.81,79.56,575.25,0.1215,1,0,0,0,5,8,10,"1. <24h","Business Platinum",<$1K,0,active,CUS0002573,25-34,"Financial Banking",FL,Miami,0.2,1,1
FRD000004263,Phishing/Smishing,Unauthorized,1,"Online Banking","QR code","ML Model","Fraud Ops",Closed-Confirmed,"2024-04-08 09:07:44",2024-04-08,"2024-04-10 09:32:14","2024-04-10 17:36:33","2024-04-25 10:44:39",691.05,691.05,471.08,219.97,0.6817,2,1,0,1,48,56,17,"2. 24-72h","Private Client Checking",$1K-5K,1,active,CUS0002328,25-34,"Private Client Banking",TX,Austin,3.6,1,0
FRD000007309,"Zelle/P2P Scam",Authorized,1,"Online Banking","fake marketplace seller","Customer Reported",Claims,Closed-Confirmed,"2024-01-09 09:51:01",2024-01-09,"2024-01-09 22:45:18","2024-01-09 23:57:20","2024-01-16 11:26:25",463.51,463.51,56.80,406.71,0.1225,2,0,0,0,12,14,7,"1. <24h","Private Client Checking",$1K-5K,1,active,CUS0000675,25-34,"Private Client Banking",CA,"Los Angeles",2.7,1,1
FRD000006125,"Zelle/P2P Scam",Authorized,1,"Online Banking","rental deposit","Customer Reported",Claims,"Under Review","2024-06-13 12:19:25",2024-06-13,"2024-06-14 02:23:48","2024-06-14 07:24:56",NULL,845.00,845.00,92.01,752.99,0.1089,1,0,0,0,14,19,NULL,"1. <24h","Total Checking",$5K-25K,1,active,CUS0001433,65+,"Consumer Banking",KS,Wichita,1.0,0,0
FRD000005822,"Account Takeover",Unauthorized,0,"Online Banking","session hijack","Customer Reported","Fraud Ops",Closed-Confirmed,"2026-01-03 04:53:44",2026-01-03,"2026-01-04 00:21:33","2026-01-04 12:49:22","2026-01-31 09:25:03",1201.35,1201.35,620.08,581.27,0.5162,5,1,0,1,19,31,28,"2. 24-72h","Sapphire Preferred",<$1K,0,closed,CUS0000564,45-54,"Consumer Banking",FL,Orlando,0.8,1,0
FRD000008815,"Identity Theft/Synthetic",Unauthorized,0,"Online Banking","new account fraud","Statement Review","Fraud Ops",Closed-Confirmed,"2024-08-24 02:45:40",2024-08-24,"2025-05-16 07:04:34","2025-05-16 14:04:52","2025-05-25 14:09:33",69638.36,69638.36,11782.14,57856.22,0.1692,4,0,0,0,6364,6371,274,"4. 7d+","Total Checking",$5K-25K,1,active,CUS0002426,45-54,"Consumer Banking",MI,Lansing,3.6,0,0
FRD000001593,Card-Not-Present,Unauthorized,0,"Online Banking","digital wallet","Rules Engine","Card Services","Under Review","2025-12-17 09:32:09",2025-12-17,"2025-12-17 21:05:45","2025-12-18 17:17:57",NULL,79.85,31.83,29.59,2.24,0.9296,3,1,0,0,11,31,NULL,"2. 24-72h","Business Savings",$25K-100K,1,active,CUS0001461,35-44,"Financial Banking",FL,Tampa,2.2,1,0
FRD000002467,Card-Not-Present,Unauthorized,0,"Online Banking","digital wallet","Merchant Alert","Card Services","Closed-No Fraud","2024-11-27 08:46:41",2024-11-27,"2024-11-27 10:47:40","2024-11-28 04:43:23","2024-12-13 19:32:16",69.34,0.00,0.00,0.00,NULL,1,0,0,1,2,19,16,"1. <24h","Sapphire Preferred",<$1K,0,active,CUS0000913,45-54,"Consumer Banking",TX,Houston,28.3,1,0
FRD000005785,"Account Takeover",Unauthorized,0,"Online Banking","session hijack","ML Model","Fraud Ops",Closed-Confirmed,"2024-03-22 13:22:44",2024-03-22,"2024-03-27 19:00:05","2024-03-28 08:48:30","2024-04-14 07:59:19",6490.65,6490.65,2567.97,3922.68,0.3956,3,1,1,0,125,139,22,"3. 3-7d","Premier Savings",$5K-25K,1,active,CUS0002554,55-64,"Consumer Banking",TX,Houston,6.0,1,0
FRD000002246,Card-Not-Present,Unauthorized,0,"Online Banking","card testing","ML Model","Card Services","Closed-No Fraud","2025-11-19 18:58:29",2025-11-19,"2025-11-21 13:03:17",NULL,"2025-12-01 11:32:24",163.44,0.00,0.00,0.00,NULL,3,0,0,1,42,NULL,11,"Never Reported","Freedom Unlimited",$1K-5K,0,active,CUS0000099,55-64,"Consumer Banking",CA,"San Diego",3.8,1,0
FRD000008621,"Identity Theft/Synthetic",Unauthorized,0,"Online Banking",bust-out,"Statement Review","Fraud Ops","Closed-No Fraud","2026-06-15 00:25:25",2026-06-15,"2026-08-07 08:44:16","2026-08-08 10:55:23","2026-08-18 19:54:54",25533.61,0.00,0.00,0.00,NULL,1,0,0,0,1280,1306,64,"4. 7d+","Private Client Checking",$1K-5K,1,active,CUS0001870,25-34,"Private Client Banking",WA,Spokane,0.7,1,0
FRD000001580,Card-Not-Present,Unauthorized,0,"Online Banking","card testing","Rules Engine","Card Services",Closed-Confirmed,"2024-11-25 07:56:13",2024-11-25,"2024-11-26 06:00:12","2024-11-26 10:23:47","2024-11-28 06:02:55",105.01,105.01,105.01,0.00,1.0000,2,1,1,0,22,26,2,"2. 24-72h","Sapphire Preferred",$5K-25K,0,active,CUS0001965,25-34,"Consumer Banking",PA,Harrisburg,10.1,1,0
FRD000004305,Phishing/Smishing,Unauthorized,1,"Online Banking","fake login page","Customer Reported","Fraud Ops",Closed-Confirmed,"2026-01-03 02:32:13",2026-01-03,"2026-01-12 11:08:29","2026-01-12 20:56:46","2026-02-16 22:22:05",2094.54,2094.54,1062.95,1031.59,0.5075,4,1,1,0,224,234,44,"4. 7d+","Total Checking",$5K-25K,1,closed,CUS0002859,65+,"Consumer Banking",NJ,"Jersey City",1.0,0,0
FRD000008667,"Identity Theft/Synthetic",Unauthorized,0,"Online Banking","new account fraud","Customer Reported","Fraud Ops",Open,"2025-06-24 23:54:20",2025-06-24,"2025-10-11 13:40:39","2025-10-12 14:33:11",NULL,2548.85,2548.85,420.76,2128.09,0.1651,2,1,1,0,2605,2630,NULL,"4. 7d+","Total Checking",$1K-5K,1,active,CUS0002622,18-24,"Consumer Banking",TX,Houston,5.0,1,2
FRD000002828,Card-Not-Present,Unauthorized,0,"Online Banking","online retail","ML Model","Card Services",Closed-Confirmed,"2024-09-08 06:26:25",2024-09-08,"2024-09-09 03:33:10","2024-09-09 07:09:39","2024-09-13 17:04:04",338.06,338.06,338.06,0.00,1.0000,3,1,1,0,21,24,5,"2. 24-72h","Sapphire Preferred",$5K-25K,0,restricted,CUS0002420,65+,"Consumer Banking",FL,Orlando,23.3,1,0
FRD000006101,"Zelle/P2P Scam",Authorized,1,"Online Banking","utility impersonation","Customer Reported",Claims,"Closed-No Fraud","2026-04-26 11:00:26",2026-04-26,"2026-04-26 18:20:22","2026-04-27 18:12:51","2026-05-12 20:33:28",1278.29,0.00,0.00,0.00,NULL,1,0,0,0,7,31,16,"2. 24-72h","Business Savings",<$1K,1,active,CUS0000214,25-34,"Financial Banking",TX,Houston,1.6,1,0
FRD000004349,Phishing/Smishing,Unauthorized,1,"Online Banking","QR code","ML Model","Fraud Ops",Closed-Confirmed,"2024-05-04 06:43:50",2024-05-04,"2024-05-04 18:48:42","2024-05-05 16:50:04","2024-05-19 13:03:43",1635.48,1635.48,733.95,901.53,0.4488,2,1,1,0,12,34,15,"2. 24-72h","Premier Savings",$1K-5K,1,active,CUS0002192,25-34,"Consumer Banking",MI,Detroit,7.8,0,0
FRD000008652,"Identity Theft/Synthetic",Unauthorized,0,"Online Banking","new account fraud","Statement Review","Fraud Ops",Closed-Confirmed,"2024-07-10 23:47:31",2024-07-10,"2024-10-05 14:22:01",NULL,"2024-10-21 17:25:09",49105.49,49105.49,7756.99,41348.50,0.1580,3,0,0,0,2078,NULL,102,"Never Reported","Private Client Checking",<$1K,1,active,CUS0001597,65+,"Private Client Banking",TX,Dallas,5.9,1,0
FRD000002545,Card-Not-Present,Unauthorized,0,"Online Banking","subscription abuse","ML Model","Card Services",Closed-Confirmed,"2025-07-29 16:11:06",2025-07-29,"2025-07-30 03:06:41","2025-07-30 11:00:57","2025-08-01 16:25:54",138.27,38.15,37.82,0.33,0.9913,5,1,1,0,10,18,3,"1. <24h","Auto Loan",$1K-5K,0,active,CUS0000673,55-64,"Consumer Banking",NJ,Newark,0.1,1,0
FRD000009176,"Identity Theft/Synthetic",Unauthorized,0,"Online Banking","new account fraud","ML Model","Fraud Ops",Open,"2026-01-21 15:11:34",2026-01-21,"2026-02-06 01:24:58",NULL,NULL,2025.65,2025.65,481.16,1544.49,0.2375,2,1,0,0,370,NULL,NULL,"Never Reported","Freedom Unlimited",$1K-5K,0,active,CUS0000125,35-44,"Consumer Banking",CA,"Los Angeles",1.2,1,0
FRD000005111,"Account Takeover",Unauthorized,0,"Online Banking","password reset abuse","Customer Reported","Fraud Ops",Closed-Confirmed,"2026-06-14 23:28:17",2026-06-14,"2026-06-18 12:43:23","2026-06-19 20:40:28","2026-06-30 14:31:32",2305.64,2305.64,1243.30,1062.34,0.5392,5,1,1,0,85,117,15,"3. 3-7d","Auto Loan",$1K-5K,0,active,CUS0000433,25-34,"Consumer Banking",TX,Houston,0.4,1,0
FRD000003966,Phishing/Smishing,Unauthorized,1,"Online Banking","SMS link","ML Model","Fraud Ops",Open,"2025-12-15 15:05:23",2025-12-15,"2025-12-18 04:20:59",NULL,NULL,1959.10,1103.78,677.28,426.50,0.6136,1,1,0,0,61,NULL,NULL,"Never Reported","Sapphire Preferred",<$1K,0,active,CUS0002131,25-34,"Consumer Banking",CA,"San Francisco",11.7,1,0
FRD000009175,"Identity Theft/Synthetic",Unauthorized,0,"Online Banking","new account fraud","Statement Review","Fraud Ops",Closed-Confirmed,"2024-09-17 15:37:22",2024-09-17,"2024-12-31 14:18:38","2025-01-01 04:56:31","2025-01-29 09:29:18",80556.74,80556.74,13520.20,67036.54,0.1678,2,0,1,0,2518,2533,133,"4. 7d+","Sapphire Preferred",$1K-5K,0,active,CUS0000402,35-44,"Consumer Banking",NY,"New York",1.0,1,0
FRD000000841,Card-Not-Present,Unauthorized,0,"Online Banking","subscription abuse","ML Model","Card Services",Closed-Confirmed,"2025-12-06 03:49:25",2025-12-06,"2025-12-06 19:19:55","2025-12-07 08:26:46","2026-01-22 03:36:21",193.81,193.81,159.32,34.49,0.8220,2,1,1,0,15,28,46,"2. 24-72h","Financial Investment Account",$5K-25K,0,active,CUS0002955,45-54,"Private Client Banking",NJ,Newark,14.6,0,0
FRD000002218,Card-Not-Present,Unauthorized,0,"Online Banking","card testing","ML Model","Card Services",Closed-Confirmed,"2026-03-15 19:04:42",2026-03-15,"2026-03-16 17:13:36",NULL,"2026-04-04 14:04:00",99.60,99.60,93.94,5.66,0.9432,2,1,0,0,22,NULL,19,"Never Reported","Sapphire Preferred",$5K-25K,0,active,CUS0001739,35-44,"Consumer Banking",KS,"Overland Park",1.3,1,0
FRD000008216,"Business Email Compromise",Authorized,1,"Online Banking","closing wire redirect","Rules Engine","Wire Recall",Closed-Confirmed,"2024-10-10 22:11:31",2024-10-10,"2024-10-12 02:51:41","2024-10-12 08:55:59","2024-10-27 12:03:48",46357.09,46357.09,22096.60,24260.49,0.4767,2,0,0,1,28,34,16,"2. 24-72h","Sapphire Preferred",$1K-5K,0,closed,CUS0001945,65+,"Consumer Banking",MI,"Grand Rapids",13.6,1,0
FRD000006670,"Zelle/P2P Scam",Authorized,1,"Online Banking","fake marketplace seller","Customer Reported",Claims,Closed-Confirmed,"2026-01-20 16:11:07",2026-01-20,"2026-01-20 17:52:12","2026-01-20 21:09:39","2026-02-03 17:05:02",831.17,301.68,40.77,260.91,0.1351,1,0,0,0,1,4,14,"1. <24h","Private Client Savings",$1K-5K,1,active,CUS0000140,55-64,"Private Client Banking",CA,"San Francisco",11.7,1,0
FRD000003955,Phishing/Smishing,Unauthorized,1,"Online Banking","fake login page","ML Model","Fraud Ops",Closed-Confirmed,"2025-05-11 08:15:29",2025-05-11,"2025-05-13 11:00:43",NULL,"2025-05-20 18:15:48",3101.56,3101.56,1563.24,1538.32,0.5040,4,1,0,0,50,NULL,9,"Never Reported","Business Checking",$1K-5K,1,active,CUS0000951,35-44,"Financial Banking",KS,Topeka,24.3,1,0
FRD000003946,Phishing/Smishing,Unauthorized,1,"Online Banking","fake login page","Customer Reported","Fraud Ops",Closed-Confirmed,"2025-01-29 08:44:22",2025-01-29,"2025-02-04 04:24:25","2025-02-07 08:20:09","2025-03-12 05:25:21",3553.75,3553.75,1653.69,1900.06,0.4653,1,1,1,0,139,215,41,"4. 7d+","Private Client Checking",$1K-5K,1,active,CUS0001345,55-64,"Private Client Banking",FL,Miami,13.5,1,0
FRD000001707,Card-Not-Present,Unauthorized,0,"Online Banking","card testing","Rules Engine","Card Services",Closed-Confirmed,"2025-11-19 04:26:57",2025-11-19,"2025-11-19 19:55:03",NULL,"2025-12-19 10:11:10",207.31,207.31,150.32,56.99,0.7251,3,1,0,1,15,NULL,30,"Never Reported","Sapphire Preferred",$5K-25K,0,active,CUS0000468,25-34,"Consumer Banking",MI,Detroit,1.1,1,0
FRD000005070,"Account Takeover",Unauthorized,0,"Online Banking","password reset abuse","Rules Engine","Fraud Ops","Closed-No Fraud","2026-01-28 18:57:02",2026-01-28,"2026-02-02 13:15:44",NULL,"2026-02-12 12:36:43",3477.51,0.00,0.00,0.00,NULL,3,0,0,0,114,NULL,14,"Never Reported","Auto Loan",$1K-5K,0,active,CUS0000551,25-34,"Consumer Banking",TX,Austin,17.9,1,0
FRD000005242,"Account Takeover",Unauthorized,0,"Online Banking","password reset abuse","ML Model","Fraud Ops",Closed-Confirmed,"2026-02-24 14:42:33",2026-02-24,"2026-03-03 17:06:52","2026-03-06 11:56:00","2026-03-26 12:41:45",2770.25,2770.25,1220.99,1549.26,0.4408,5,1,0,0,170,237,29,"4. 7d+","Business Platinum",$1K-5K,0,active,CUS0000464,65+,"Financial Banking",MI,Detroit,0.5,1,0
FRD000002807,Card-Not-Present,Unauthorized,0,"Online Banking","card testing","Rules Engine","Card Services",Closed-Confirmed,"2025-12-12 17:12:21",2025-12-12,"2025-12-13 00:06:13","2025-12-13 04:20:53","2026-01-05 04:35:19",40.92,40.92,40.82,0.10,0.9976,5,1,1,0,6,11,23,"1. <24h","Total Checking",<$1K,1,active,CUS0002148,18-24,"Consumer Banking",KS,"Overland Park",5.2,1,0
FRD000003838,Phishing/Smishing,Unauthorized,1,"Online Banking","QR code","ML Model","Fraud Ops",Closed-Confirmed,"2024-10-14 15:24:58",2024-10-14,"2024-10-17 23:51:18","2024-10-18 13:35:43","2024-11-08 00:13:42",649.04,649.04,406.55,242.49,0.6264,2,1,0,0,80,94,24,"3. 3-7d","Business Savings",$5K-25K,1,closed,CUS0001681,35-44,"Financial Banking",CA,"Los Angeles",11.0,1,0
FRD000005778,"Account Takeover",Unauthorized,0,"Online Banking","credential stuffing","Rules Engine","Fraud Ops",Closed-Confirmed,"2025-09-29 21:54:36",2025-09-29,"2025-10-04 17:35:32",NULL,"2025-10-13 05:34:29",2718.24,2718.24,1052.36,1665.88,0.3871,5,1,0,0,115,NULL,13,"Never Reported","Freedom Unlimited",<$1K,0,active,CUS0001319,18-24,"Consumer Banking",CA,"San Diego",6.4,1,0
FRD000004494,Phishing/Smishing,Unauthorized,1,"Online Banking","fake login page","ML Model","Fraud Ops",Closed-Confirmed,"2025-03-13 22:15:06",2025-03-13,"2025-03-15 20:42:15",NULL,"2025-04-12 10:42:33",682.74,682.74,321.34,361.40,0.4707,2,1,0,1,46,NULL,29,"Never Reported","Freedom Unlimited",$1K-5K,0,active,CUS0000716,25-34,"Consumer Banking",PA,Pittsburgh,2.8,0,0
FRD000001291,Card-Not-Present,Unauthorized,0,"Online Banking","digital wallet","Merchant Alert","Card Services",Closed-Confirmed,"2025-01-12 10:41:36",2025-01-12,"2025-01-13 09:08:25",NULL,"2025-01-24 01:04:52",117.66,117.66,117.66,0.00,1.0000,3,1,0,0,22,NULL,11,"Never Reported","Auto Loan",$1K-5K,0,active,CUS0001285,45-54,"Consumer Banking",FL,Orlando,1.0,1,3
FRD000004144,Phishing/Smishing,Unauthorized,1,"Online Banking","fake login page","ML Model","Fraud Ops",Closed-Confirmed,"2026-03-18 00:26:01",2026-03-18,"2026-03-19 00:33:56",NULL,"2026-04-07 02:38:28",529.34,133.38,75.75,57.63,0.5679,1,0,0,1,24,NULL,20,"Never Reported","Total Checking",$1K-5K,1,active,CUS0000481,55-64,"Consumer Banking",TX,Houston,7.5,1,0
FRD000000650,Card-Not-Present,Unauthorized,0,"Online Banking","online retail","Rules Engine","Card Services",Closed-Confirmed,"2025-12-13 20:34:30",2025-12-13,"2025-12-14 02:17:30",NULL,"2025-12-25 01:44:12",361.96,124.78,101.92,22.86,0.8168,1,1,0,0,5,NULL,11,"Never Reported","Business Checking",$1K-5K,1,active,CUS0002793,18-24,"Financial Banking",KS,"Overland Park",7.4,1,0
FRD000007215,"Zelle/P2P Scam",Authorized,1,"Online Banking","fake marketplace seller","Customer Reported",Claims,Closed-Confirmed,"2025-03-26 23:14:39",2025-03-26,"2025-03-27 13:01:53","2025-03-28 01:20:44","2025-04-18 20:24:16",2108.59,2108.59,232.48,1876.11,0.1103,1,1,0,1,13,26,22,"2. 24-72h","Private Client Checking",<$1K,1,active,CUS0001723,45-54,"Private Client Banking",KS,Topeka,10.8,1,0
FRD000005493,"Account Takeover",Unauthorized,0,"Online Banking","SIM swap","Rules Engine","Fraud Ops","Under Review","2024-10-19 17:38:54",2024-10-19,"2024-10-20 17:04:47",NULL,NULL,6492.03,5449.51,2143.11,3306.40,0.3933,6,1,0,0,23,NULL,NULL,"Never Reported","Freedom Unlimited",$5K-25K,0,active,CUS0002838,25-34,"Consumer Banking",KS,"Overland Park",16.7,1,1
FRD000001865,Card-Not-Present,Unauthorized,0,"Online Banking","card testing","Rules Engine","Card Services","Under Review","2024-09-13 23:23:40",2024-09-13,"2024-09-13 23:43:21",NULL,NULL,193.48,193.48,193.48,0.00,1.0000,3,1,0,0,0,NULL,NULL,"Never Reported","Financial Investment Account",<$1K,0,active,CUS0002884,55-64,"Private Client Banking",MI,"Grand Rapids",0.6,1,2
FRD000005359,"Account Takeover",Unauthorized,0,"Online Banking","password reset abuse","Rules Engine","Fraud Ops",Closed-Confirmed,"2024-02-16 16:16:46",2024-02-16,"2024-02-18 07:19:51",NULL,"2024-03-15 04:26:16",12674.40,12674.40,4825.11,7849.29,0.3807,4,1,0,1,39,NULL,27,"Never Reported","Freedom Unlimited",$1K-5K,0,active,CUS0001016,55-64,"Consumer Banking",TX,Austin,7.1,1,0
FRD000006086,"Zelle/P2P Scam",Authorized,1,"Online Banking","rental deposit","Rules Engine",Claims,Closed-Confirmed,"2026-04-20 09:47:48",2026-04-20,"2026-04-20 16:33:50",NULL,"2026-04-28 20:00:30",939.45,939.45,133.05,806.40,0.1416,2,0,0,0,6,NULL,8,"Never Reported","Sapphire Preferred",$1K-5K,0,restricted,CUS0002982,25-34,"Consumer Banking",MI,Detroit,2.3,1,2
FRD000007146,"Zelle/P2P Scam",Authorized,1,"Online Banking","utility impersonation","Rules Engine",Claims,Open,"2026-06-07 17:08:35",2026-06-07,"2026-06-07 19:56:23",NULL,NULL,692.77,692.77,75.56,617.21,0.1091,2,0,0,0,2,NULL,NULL,"Never Reported","Freedom Unlimited",$25K-100K,0,active,CUS0000237,65+,"Consumer Banking",WA,Spokane,12.1,1,1
FRD000008831,"Identity Theft/Synthetic",Unauthorized,0,"Online Banking","new account fraud","Statement Review","Fraud Ops",Closed-Confirmed,"2025-06-22 05:22:41",2025-06-22,"2025-07-25 15:01:58","2025-07-28 17:02:29","2025-08-16 20:06:28",3097.82,3097.82,643.04,2454.78,0.2076,3,1,1,0,801,875,55,"4. 7d+","Freedom Unlimited",<$1K,0,active,CUS0002661,25-34,"Consumer Banking",CA,"Los Angeles",12.5,1,2
FRD000007351,"Zelle/P2P Scam",Authorized,1,"Online Banking","rental deposit","Customer Reported",Claims,Closed-Confirmed,"2024-09-27 23:51:12",2024-09-27,"2024-09-28 05:44:47","2024-09-28 15:50:05","2024-10-01 03:07:21",1285.14,545.68,50.43,495.25,0.0924,2,0,0,0,5,15,3,"1. <24h","Sapphire Preferred",$5K-25K,0,active,CUS0001670,65+,"Consumer Banking",FL,Tampa,5.4,1,0
FRD000006354,"Zelle/P2P Scam",Authorized,1,"Online Banking","rental deposit","Customer Reported",Claims,Closed-Confirmed,"2026-03-15 19:27:46",2026-03-15,"2026-03-16 12:48:07","2026-03-16 19:58:11","2026-04-10 07:19:18",231.50,231.50,26.41,205.09,0.1141,1,0,0,0,17,24,25,"2. 24-72h","Total Checking",$100K+,1,active,CUS0002856,55-64,"Consumer Banking",TX,Dallas,5.8,1,0
FRD000000843,Card-Not-Present,Unauthorized,0,"Online Banking","digital wallet","Merchant Alert","Card Services",Closed-Confirmed,"2025-05-22 16:56:31",2025-05-22,"2025-05-23 04:35:07",NULL,"2025-06-07 07:54:43",326.34,326.34,304.88,21.46,0.9342,4,1,0,1,11,NULL,15,"Never Reported","Auto Loan",$5K-25K,0,active,CUS0002032,45-54,"Consumer Banking",MI,Detroit,3.7,1,0
FRD000004463,Phishing/Smishing,Unauthorized,1,"Online Banking","fake login page","Customer Reported","Fraud Ops",Closed-Confirmed,"2025-05-19 06:35:57",2025-05-19,"2025-05-21 06:23:20","2025-05-22 02:43:17","2025-06-17 20:04:23",1097.88,1097.88,491.64,606.24,0.4478,3,1,1,0,47,68,29,"2. 24-72h","Auto Loan",$25K-100K,0,active,CUS0000023,35-44,"Consumer Banking",CA,"San Diego",2.2,1,1
FRD000001284,Card-Not-Present,Unauthorized,0,"Online Banking","digital wallet","Customer Reported","Card Services",Open,"2024-12-09 03:04:53",2024-12-09,"2024-12-09 07:22:01","2024-12-09 12:27:55",NULL,43.22,2.27,2.02,0.25,0.8899,2,1,1,0,4,9,NULL,"1. <24h","Sapphire Preferred",$25K-100K,0,active,CUS0000136,45-54,"Consumer Banking",CA,"Los Angeles",0.3,1,2
FRD000004827,Phishing/Smishing,Unauthorized,1,"Online Banking","credential harvest","ML Model","Fraud Ops",Closed-Confirmed,"2025-12-10 13:00:45",2025-12-10,"2025-12-11 12:34:28",NULL,"2026-01-06 10:37:42",5253.43,5253.43,2404.29,2849.14,0.4577,1,1,0,0,23,NULL,26,"Never Reported","Sapphire Preferred",$5K-25K,0,active,CUS0002549,35-44,"Consumer Banking",CA,"San Diego",15.6,0,0
FRD000004362,Phishing/Smishing,Unauthorized,1,"Online Banking","credential harvest","Customer Reported","Fraud Ops",Closed-Confirmed,"2025-10-31 03:44:21",2025-10-31,"2025-11-02 10:34:47","2025-11-03 01:27:14","2025-11-20 16:45:35",154.38,154.38,72.60,81.78,0.4703,5,1,0,0,54,69,20,"2. 24-72h","Private Client Checking",$1K-5K,1,active,CUS0000862,55-64,"Private Client Banking",FL,Tampa,2.8,1,0
FRD000008232,"Business Email Compromise",Authorized,1,"Online Banking","CEO impersonation","Customer Reported","Wire Recall",Closed-Confirmed,"2025-04-29 08:09:37",2025-04-29,"2025-04-30 05:09:47","2025-04-30 14:36:49","2025-05-10 09:28:53",112051.09,112051.09,32527.13,79523.96,0.2903,3,0,0,1,21,30,11,"2. 24-72h","Sapphire Preferred",$1K-5K,0,active,CUS0001765,25-34,"Consumer Banking",CA,"Los Angeles",0.2,1,0
FRD000006198,"Zelle/P2P Scam",Authorized,1,"Online Banking","utility impersonation","Rules Engine",Claims,Closed-Confirmed,"2024-03-02 15:22:10",2024-03-02,"2024-03-02 19:07:18",NULL,"2024-03-24 19:39:04",959.58,959.58,120.51,839.07,0.1256,2,0,0,0,3,NULL,22,"Never Reported","Business Savings",$100K+,1,active,CUS0001004,65+,"Financial Banking",NJ,"Jersey City",3.8,1,0
FRD000005351,"Account Takeover",Unauthorized,0,"Online Banking","credential stuffing","Customer Reported","Fraud Ops",Closed-Confirmed,"2025-09-14 03:50:32",2025-09-14,"2025-09-16 01:50:14","2025-09-16 02:05:16","2025-09-26 14:26:47",2056.40,806.29,395.23,411.06,0.4902,3,1,1,0,45,46,12,"2. 24-72h","Total Checking",$1K-5K,1,active,CUS0001350,55-64,"Consumer Banking",WA,Seattle,35.0,1,0
FRD000008245,"Business Email Compromise",Authorized,1,"Online Banking","vendor invoice redirect","Rules Engine","Wire Recall","Closed-No Fraud","2024-05-21 13:47:31",2024-05-21,"2024-05-28 20:51:06","2024-05-29 09:06:28","2024-06-04 13:11:56",88015.19,0.00,0.00,0.00,NULL,2,0,0,0,175,187,13,"4. 7d+","Total Checking",$5K-25K,1,active,CUS0001821,35-44,"Consumer Banking",TX,Austin,3.8,0,0
FRD000003914,Phishing/Smishing,Unauthorized,1,"Online Banking","QR code","Customer Reported","Fraud Ops",Closed-Confirmed,"2026-02-05 02:59:03",2026-02-05,"2026-02-09 10:46:51","2026-02-10 03:15:14","2026-02-15 08:05:07",2223.85,2223.85,960.47,1263.38,0.4319,3,1,0,0,103,120,10,"3. 3-7d","Auto Loan",<$1K,0,active,CUS0000358,35-44,"Consumer Banking",NJ,Newark,1.9,0,0
FRD000005773,"Account Takeover",Unauthorized,0,"Online Banking","SIM swap","Customer Reported","Fraud Ops",Closed-Confirmed,"2026-02-01 09:16:38",2026-02-01,"2026-02-05 02:11:05","2026-02-05 19:12:54","2026-02-21 03:11:26",872.10,872.10,404.23,467.87,0.4635,6,1,1,0,88,105,19,"3. 3-7d","Auto Loan",<$1K,0,active,CUS0001708,25-34,"Consumer Banking",MA,Springfield,1.2,1,2
FRD000008572,"Identity Theft/Synthetic",Unauthorized,0,"Online Banking",bust-out,"Statement Review","Fraud Ops",Closed-Confirmed,"2024-05-21 20:53:48",2024-05-21,"2024-10-26 21:02:13","2024-10-29 01:16:06","2024-11-12 07:35:59",6724.08,6724.08,1187.15,5536.93,0.1766,2,1,1,0,3792,3844,174,"4. 7d+","Financial Investment Account",<$1K,0,active,CUS0000455,55-64,"Private Client Banking",NJ,Newark,11.6,1,0
FRD000009779,"Tech Support/Impersonation",Authorized,1,"Online Banking","refund overpayment","Rules Engine",Claims,Closed-Confirmed,"2025-06-15 00:58:52",2025-06-15,"2025-06-16 20:02:13","2025-06-16 23:04:25","2025-06-26 19:58:06",19369.49,974.23,236.12,738.11,0.2424,1,0,0,0,43,46,11,"2. 24-72h","Auto Loan",$1K-5K,0,active,CUS0001718,35-44,"Consumer Banking",KS,Topeka,11.6,1,0
FRD000008278,"Business Email Compromise",Authorized,1,"Online Banking","CEO impersonation","Customer Reported","Wire Recall",Closed-Confirmed,"2024-08-16 13:26:27",2024-08-16,"2024-08-22 05:30:36","2024-08-23 10:03:14","2024-08-28 12:35:41",64426.12,64426.12,15211.41,49214.71,0.2361,1,0,0,0,136,164,11,"3. 3-7d","Freedom Unlimited",<$1K,0,active,CUS0002510,45-54,"Consumer Banking",TX,Dallas,12.1,1,0
FRD000005314,"Account Takeover",Unauthorized,0,"Online Banking","session hijack","ML Model","Fraud Ops",Open,"2024-08-31 21:08:47",2024-08-31,"2024-09-02 02:12:17",NULL,NULL,4523.83,2317.28,948.85,1368.43,0.4095,2,1,0,1,29,NULL,NULL,"Never Reported","Premier Savings",$5K-25K,1,active,CUS0000562,55-64,"Consumer Banking",CA,"Los Angeles",4.5,1,0
FRD000006028,"Zelle/P2P Scam",Authorized,1,"Online Banking","utility impersonation","Customer Reported",Claims,Closed-Confirmed,"2025-05-29 08:30:39",2025-05-29,"2025-05-29 12:15:44","2025-05-30 02:44:51","2025-06-12 15:56:12",89.01,89.01,8.15,80.86,0.0916,2,0,0,0,3,18,14,"1. <24h","Auto Loan",$1K-5K,0,closed,CUS0000317,35-44,"Consumer Banking",PA,Pittsburgh,2.0,1,0
FRD000001613,Card-Not-Present,Unauthorized,0,"Online Banking","subscription abuse","ML Model","Card Services",Closed-Confirmed,"2025-11-24 11:43:55",2025-11-24,"2025-11-24 20:49:44",NULL,"2026-01-02 10:58:50",352.30,352.30,323.32,28.98,0.9177,1,1,0,0,9,NULL,38,"Never Reported","Freedom Unlimited",$1K-5K,0,active,CUS0001759,55-64,"Consumer Banking",TX,Austin,1.3,1,0
FRD000003934,Phishing/Smishing,Unauthorized,1,"Online Banking","fake login page","Customer Reported","Fraud Ops",Closed-Confirmed,"2026-01-31 00:00:47",2026-01-31,"2026-02-02 20:43:59","2026-02-03 08:52:27","2026-02-08 19:49:01",1458.61,390.92,213.11,177.81,0.5451,4,1,0,0,68,80,8,"3. 3-7d","Private Client Checking",<$1K,1,active,CUS0002514,25-34,"Private Client Banking",TX,Dallas,0.9,1,0
FRD000001953,Card-Not-Present,Unauthorized,0,"Online Banking","digital wallet","Merchant Alert","Card Services",Closed-Confirmed,"2025-12-12 09:51:20",2025-12-12,"2025-12-12 15:12:28",NULL,"2025-12-25 00:55:39",548.39,548.39,470.06,78.33,0.8572,2,1,0,0,5,NULL,12,"Never Reported","Premier Savings",<$1K,1,active,CUS0001500,45-54,"Consumer Banking",FL,Orlando,11.7,1,1
FRD000009704,"Tech Support/Impersonation",Authorized,1,"Online Banking","bank impersonation","Customer Reported",Claims,Closed-Confirmed,"2024-08-22 11:49:46",2024-08-22,"2024-08-28 03:15:37","2024-08-28 10:16:20","2024-09-19 14:39:38",5264.97,4845.61,1329.96,3515.65,0.2745,1,0,0,0,135,142,28,"3. 3-7d","Private Client Savings",$1K-5K,1,active,CUS0000343,18-24,"Private Client Banking",CA,"Los Angeles",0.3,0,0
FRD000009114,"Identity Theft/Synthetic",Unauthorized,0,"Online Banking",bust-out,"Customer Reported","Fraud Ops",Closed-Confirmed,"2025-07-15 11:04:15",2025-07-15,"2025-08-05 05:13:58","2025-08-06 17:40:10","2025-08-27 04:04:33",14343.50,14343.50,2295.05,12048.45,0.1600,5,1,1,0,498,534,42,"4. 7d+","Business Platinum",<$1K,0,active,CUS0000348,18-24,"Financial Banking",NY,Albany,17.1,0,0
FRD000009687,"Tech Support/Impersonation",Authorized,1,"Online Banking","bank impersonation","Rules Engine",Claims,Closed-Confirmed,"2024-10-22 20:49:49",2024-10-22,"2024-10-25 12:14:04","2024-10-25 23:28:26","2024-11-04 18:18:31",11854.89,11854.89,2512.28,9342.61,0.2119,2,0,0,1,63,74,12,"3. 3-7d","Premier Savings",<$1K,1,active,CUS0001376,45-54,"Consumer Banking",NJ,Newark,2.7,1,0
FRD000000917,Card-Not-Present,Unauthorized,0,"Online Banking","online retail","Customer Reported","Card Services",Closed-Confirmed,"2026-01-15 03:09:05",2026-01-15,"2026-01-15 22:44:49","2026-01-16 04:50:25","2026-01-29 02:49:00",185.53,28.31,20.97,7.34,0.7407,2,1,1,0,19,25,13,"2. 24-72h","Total Checking",$5K-25K,1,active,CUS0000341,45-54,"Consumer Banking",NY,Buffalo,1.6,1,0
FRD000009851,"Tech Support/Impersonation",Authorized,1,"Online Banking","bank impersonation","Customer Reported",Claims,Closed-Confirmed,"2024-01-04 09:12:41",2024-01-04,"2024-01-07 03:20:56","2024-01-08 03:31:29","2024-01-19 06:32:11",4032.21,1166.66,233.50,933.16,0.2001,2,0,0,0,66,90,14,"3. 3-7d","Auto Loan",<$1K,0,active,CUS0001465,25-34,"Consumer Banking",CA,"Los Angeles",0.6,1,0
FRD000007288,"Zelle/P2P Scam",Authorized,1,"Online Banking","ticket resale","Customer Reported",Claims,Closed-Confirmed,"2026-04-13 08:04:26",2026-04-13,"2026-04-13 14:00:15","2026-04-14 02:09:36","2026-04-25 11:09:45",564.89,564.89,53.80,511.09,0.0952,3,0,0,0,5,18,12,"1. <24h","Total Checking",<$1K,1,active,CUS0001712,25-34,"Consumer Banking",PA,Pittsburgh,0.4,0,0
FRD000000498,Card-Not-Present,Unauthorized,0,"Online Banking","digital wallet","ML Model","Card Services",Closed-Confirmed,"2024-02-26 16:08:15",2024-02-26,"2024-02-26 22:33:16","2024-02-27 06:33:21","2024-04-01 19:42:23",196.07,196.07,196.07,0.00,1.0000,1,1,1,0,6,14,35,"1. <24h","Premier Savings",$25K-100K,1,active,CUS0001863,25-34,"Consumer Banking",NY,Albany,8.5,1,0
FRD000000921,Card-Not-Present,Unauthorized,0,"Online Banking","online retail","Rules Engine","Card Services",Closed-Confirmed,"2026-03-12 10:10:26",2026-03-12,"2026-03-12 22:14:01","2026-03-13 02:35:14","2026-04-22 12:18:40",446.78,446.78,446.78,0.00,1.0000,1,0,1,0,12,16,41,"1. <24h","Premier Savings",$5K-25K,1,active,CUS0002769,55-64,"Consumer Banking",TX,Austin,1.5,0,0
FRD000002204,Card-Not-Present,Unauthorized,0,"Online Banking","subscription abuse","Rules Engine","Card Services",Closed-Confirmed,"2025-11-03 03:27:29",2025-11-03,"2025-11-03 19:45:44","2025-11-04 07:30:50","2025-11-12 10:18:25",90.33,90.33,64.81,25.52,0.7175,3,1,1,0,16,28,9,"2. 24-72h","Auto Loan",$25K-100K,0,active,CUS0001973,65+,"Consumer Banking",NJ,Trenton,1.2,0,0
FRD000005002,"Account Takeover",Unauthorized,0,"Online Banking","credential stuffing","Customer Reported","Fraud Ops",Closed-Confirmed,"2026-01-27 02:42:38",2026-01-27,"2026-01-31 03:30:44","2026-01-31 19:40:22","2026-02-12 11:10:41",17034.41,4162.39,1608.28,2554.11,0.3864,4,1,1,1,96,112,16,"3. 3-7d","Premier Savings",$1K-5K,1,active,CUS0000928,65+,"Consumer Banking",MI,Lansing,0.3,0,1
FRD000008362,"Business Email Compromise",Authorized,1,"Online Banking","payroll diversion","ML Model","Wire Recall",Closed-Confirmed,"2024-06-15 22:23:47",2024-06-15,"2024-06-18 18:30:55",NULL,"2024-06-29 20:20:58",273139.23,273139.23,131137.43,142001.80,0.4801,1,0,0,0,68,NULL,13,"Never Reported","Auto Loan",<$1K,0,closed,CUS0002193,35-44,"Consumer Banking",FL,Miami,0.3,1,0
FRD000008345,"Business Email Compromise",Authorized,1,"Online Banking","vendor invoice redirect","Customer Reported","Wire Recall",Closed-Confirmed,"2024-06-27 19:08:37",2024-06-27,"2024-06-28 19:21:06","2024-06-29 06:53:46","2024-07-14 09:39:07",98520.25,98520.25,36564.67,61955.58,0.3711,2,0,0,0,24,35,16,"2. 24-72h","Freedom Unlimited",$1K-5K,0,closed,CUS0000262,35-44,"Consumer Banking",NY,Albany,1.4,1,0
FRD000001196,Card-Not-Present,Unauthorized,0,"Online Banking","online retail","Merchant Alert","Card Services",Closed-Confirmed,"2024-10-09 05:20:33",2024-10-09,"2024-10-10 07:32:57",NULL,"2024-10-19 05:31:54",231.28,231.28,186.63,44.65,0.8069,2,1,0,0,26,NULL,10,"Never Reported","Auto Loan",<$1K,0,active,CUS0001780,65+,"Consumer Banking",KS,"Overland Park",10.7,1,2
FRD000004701,Phishing/Smishing,Unauthorized,1,"Online Banking","credential harvest","Customer Reported","Fraud Ops",Closed-Confirmed,"2026-02-18 13:45:32",2026-02-18,"2026-02-21 11:20:50","2026-02-22 12:32:11","2026-03-09 06:05:57",1181.79,1181.79,786.93,394.86,0.6659,1,1,0,0,69,94,18,"3. 3-7d","Sapphire Preferred",$1K-5K,0,active,CUS0000233,35-44,"Consumer Banking",NY,"New York",1.9,1,0
FRD000005769,"Account Takeover",Unauthorized,0,"Online Banking","credential stuffing","ML Model","Fraud Ops",Closed-Confirmed,"2026-03-01 19:00:23",2026-03-01,"2026-03-08 06:30:39",NULL,"2026-03-29 11:15:42",3367.35,3367.35,1575.04,1792.31,0.4677,4,1,0,0,155,NULL,27,"Never Reported","Business Platinum",$1K-5K,0,active,CUS0002605,25-34,"Financial Banking",KS,Wichita,6.4,1,0
FRD000004249,Phishing/Smishing,Unauthorized,1,"Online Banking","QR code","Customer Reported","Fraud Ops",Closed-Confirmed,"2025-02-07 07:50:11",2025-02-07,"2025-02-07 08:24:43","2025-02-09 03:52:44","2025-03-04 13:25:54",13247.92,10931.10,6482.72,4448.38,0.5931,2,1,1,0,0,44,25,"2. 24-72h","Business Savings",$1K-5K,1,active,CUS0000142,45-54,"Financial Banking",TX,Dallas,3.2,1,0
FRD000006796,"Zelle/P2P Scam",Authorized,1,"Online Banking","rental deposit","Customer Reported",Claims,Closed-Confirmed,"2025-05-05 02:17:41",2025-05-05,"2025-05-05 07:22:00","2025-05-05 17:36:59","2025-06-07 16:06:44",3228.78,3228.78,475.12,2753.66,0.1472,1,0,0,0,5,15,33,"1. <24h","Financial Investment Account",$1K-5K,0,active,CUS0000417,35-44,"Private Client Banking",KS,Wichita,2.9,1,0
FRD000006874,"Zelle/P2P Scam",Authorized,1,"Online Banking","ticket resale","Customer Reported",Claims,Closed-Confirmed,"2024-10-08 11:42:30",2024-10-08,"2024-10-08 20:18:45","2024-10-09 06:48:44","2024-10-14 03:16:59",1308.24,1308.24,179.61,1128.63,0.1373,4,0,0,0,8,19,5,"1. <24h","Financial Investment Account",<$1K,0,active,CUS0002264,65+,"Private Client Banking",KS,Wichita,2.8,0,1
FRD000002448,Card-Not-Present,Unauthorized,0,"Online Banking","online retail","Customer Reported","Card Services",Closed-Confirmed,"2025-07-30 09:53:05",2025-07-30,"2025-07-31 14:07:26","2025-07-31 17:05:27","2025-09-05 21:57:55",26.53,26.53,24.41,2.12,0.9201,3,1,0,0,28,31,37,"2. 24-72h","Private Client Checking",$5K-25K,1,active,CUS0001566,65+,"Private Client Banking",MI,"Grand Rapids",3.3,1,0
FRD000006885,"Zelle/P2P Scam",Authorized,1,"Online Banking","utility impersonation","Rules Engine",Claims,Open,"2024-01-27 01:27:21",2024-01-27,"2024-01-27 11:45:13",NULL,NULL,303.07,217.52,25.73,191.79,0.1183,2,1,0,0,10,NULL,NULL,"Never Reported","Sapphire Preferred",$1K-5K,0,active,CUS0000233,35-44,"Consumer Banking",NY,"New York",1.9,1,0
FRD000005176,"Account Takeover",Unauthorized,0,"Online Banking","SIM swap","ML Model","Fraud Ops",Closed-Confirmed,"2025-10-03 09:49:51",2025-10-03,"2025-10-08 18:33:01",NULL,"2025-11-07 02:48:00",9166.67,3304.68,1779.88,1524.80,0.5386,2,1,0,0,128,NULL,34,"Never Reported","Financial Investment Account",$25K-100K,0,active,CUS0001507,25-34,"Private Client Banking",PA,Pittsburgh,4.4,1,0
FRD000006150,"Zelle/P2P Scam",Authorized,1,"Online Banking","utility impersonation","Customer Reported",Claims,Closed-Confirmed,"2026-02-06 12:47:50",2026-02-06,"2026-02-06 23:30:02","2026-02-07 05:45:18","2026-02-12 19:31:16",254.20,254.20,32.37,221.83,0.1273,2,0,0,0,10,16,6,"1. <24h","Freedom Unlimited",$25K-100K,0,active,CUS0001839,25-34,"Consumer Banking",NY,"New York",6.6,0,0
FRD000004679,Phishing/Smishing,Unauthorized,1,"Online Banking","fake login page","Customer Reported","Fraud Ops",Closed-Confirmed,"2024-01-11 10:09:44",2024-01-11,"2024-01-20 03:45:41","2024-01-20 05:45:48","2024-02-09 06:49:14",2618.49,2470.31,1633.71,836.60,0.6613,2,1,1,0,209,211,28,"4. 7d+","Freedom Unlimited",<$1K,0,active,CUS0001543,25-34,"Consumer Banking",TX,Houston,3.4,0,0
FRD000006630,"Zelle/P2P Scam",Authorized,1,"Online Banking","utility impersonation","Customer Reported",Claims,Closed-Confirmed,"2025-09-14 14:42:35",2025-09-14,"2025-09-14 17:26:39","2025-09-15 19:03:36","2025-10-16 02:54:35",586.31,586.31,52.32,533.99,0.0892,1,0,0,0,2,28,31,"2. 24-72h","Business Platinum",<$1K,0,active,CUS0002573,25-34,"Financial Banking",FL,Miami,0.2,1,1
FRD000007038,"Zelle/P2P Scam",Authorized,1,"Online Banking","utility impersonation","Customer Reported",Claims,Closed-Confirmed,"2026-03-15 13:33:53",2026-03-15,"2026-03-16 00:01:17","2026-03-16 01:45:34","2026-03-25 08:27:24",502.24,502.24,72.36,429.88,0.1441,3,0,0,0,10,12,9,"1. <24h","Sapphire Preferred",$25K-100K,0,closed,CUS0002577,25-34,"Consumer Banking",FL,Tampa,5.3,1,0
FRD000000916,Card-Not-Present,Unauthorized,0,"Online Banking","card testing","ML Model","Card Services",Closed-Confirmed,"2024-06-08 04:50:26",2024-06-08,"2024-06-08 19:39:16",NULL,"2024-06-09 21:34:05",528.06,189.86,134.00,55.86,0.7058,3,1,0,1,14,NULL,1,"Never Reported","Premier Savings",$1K-5K,1,active,CUS0000060,35-44,"Consumer Banking",KS,"Overland Park",3.6,1,0
FRD000005003,"Account Takeover",Unauthorized,0,"Online Banking","session hijack","ML Model","Fraud Ops",Closed-Confirmed,"2024-06-02 22:34:55",2024-06-02,"2024-06-03 19:11:18",NULL,"2024-06-20 02:28:30",5343.08,5343.08,2019.42,3323.66,0.3780,3,1,0,0,20,NULL,17,"Never Reported","Premier Savings",<$1K,1,active,CUS0002787,25-34,"Consumer Banking",CA,"San Diego",16.7,1,0
FRD000009124,"Identity Theft/Synthetic",Unauthorized,0,"Online Banking","synthetic identity","ML Model","Fraud Ops",Closed-Confirmed,"2026-01-20 13:00:01",2026-01-20,"2026-03-06 03:58:33","2026-03-12 12:37:24","2026-04-03 09:01:17",64593.24,25200.70,4508.73,20691.97,0.1789,3,1,1,0,1070,1223,72,"4. 7d+","Auto Loan",$1K-5K,0,active,CUS0000396,18-24,"Consumer Banking",CA,"Los Angeles",0.6,0,0
FRD000001772,Card-Not-Present,Unauthorized,0,"Online Banking","card testing","Customer Reported","Card Services",Closed-Confirmed,"2025-04-24 16:05:33",2025-04-24,"2025-04-24 21:46:28","2025-04-24 23:26:43","2025-05-04 06:45:21",375.39,258.15,258.15,0.00,1.0000,4,1,0,0,5,7,9,"1. <24h","Auto Loan",$1K-5K,0,active,CUS0002118,18-24,"Consumer Banking",NJ,Trenton,12.0,1,0
FRD000001554,Card-Not-Present,Unauthorized,0,"Online Banking","card testing","Merchant Alert","Card Services","Closed-No Fraud","2025-11-10 06:37:01",2025-11-10,"2025-11-11 12:45:55",NULL,"2025-11-19 19:03:51",573.03,0.00,0.00,0.00,NULL,2,0,0,1,30,NULL,9,"Never Reported","Business Platinum",$1K-5K,0,active,CUS0002892,45-54,"Financial Banking",CA,"San Diego",7.3,1,0
FRD000006722,"Zelle/P2P Scam",Authorized,1,"Online Banking","rental deposit","Rules Engine",Claims,Closed-Confirmed,"2025-05-17 14:50:59",2025-05-17,"2025-05-17 16:27:37",NULL,"2025-05-22 23:35:14",2027.91,2027.91,322.50,1705.41,0.1590,2,0,0,0,1,NULL,5,"Never Reported","Premier Savings",$1K-5K,1,active,CUS0001847,65+,"Consumer Banking",KS,Wichita,5.4,0,0
FRD000006884,"Zelle/P2P Scam",Authorized,1,"Online Banking","ticket resale","Customer Reported",Claims,Open,"2026-04-27 02:38:43",2026-04-27,"2026-04-27 10:21:22","2026-04-28 04:17:24",NULL,264.59,264.59,25.01,239.58,0.0945,1,0,0,0,7,25,NULL,"2. 24-72h","Auto Loan",$25K-100K,0,active,CUS0000006,65+,"Consumer Banking",FL,Tampa,1.4,1,0
FRD000006758,"Zelle/P2P Scam",Authorized,1,"Online Banking","fake marketplace seller","Customer Reported",Claims,"Closed-No Fraud","2024-04-25 01:34:43",2024-04-25,"2024-04-25 06:57:24","2024-04-25 08:06:29","2024-05-03 10:27:43",2184.74,0.00,0.00,0.00,NULL,1,0,0,0,5,6,8,"1. <24h","Private Client Savings",$1K-5K,1,closed,CUS0002342,25-34,"Private Client Banking",KS,"Overland Park",0.3,1,0
FRD000007017,"Zelle/P2P Scam",Authorized,1,"Online Banking","fake marketplace seller","Customer Reported",Claims,Closed-Confirmed,"2024-10-27 15:07:24",2024-10-27,"2024-10-28 01:45:15","2024-10-28 10:41:07","2024-11-01 00:53:47",970.79,970.79,138.03,832.76,0.1422,1,0,0,0,10,19,4,"1. <24h","Premier Savings",$1K-5K,1,active,CUS0000795,55-64,"Consumer Banking",NJ,Newark,1.6,1,0
FRD000008478,"Identity Theft/Synthetic",Unauthorized,0,"Online Banking","synthetic identity","ML Model","Fraud Ops",Closed-Confirmed,"2024-01-23 08:51:39",2024-01-23,"2024-03-22 10:41:50",NULL,"2024-04-22 04:53:12",83506.76,8846.43,1990.37,6856.06,0.2250,1,1,0,0,1417,NULL,89,"Never Reported","Total Checking",<$1K,1,active,CUS0000701,18-24,"Consumer Banking",FL,Miami,3.5,0,0
FRD000000020,Card-Not-Present,Unauthorized,0,"Online Banking","digital wallet","ML Model","Card Services",Closed-Confirmed,"2025-05-27 08:12:54",2025-05-27,"2025-05-27 09:15:23",NULL,"2025-06-08 12:55:55",1547.73,1547.73,1103.19,444.54,0.7128,1,1,0,0,1,NULL,12,"Never Reported","Business Savings",$5K-25K,1,active,CUS0000878,25-34,"Financial Banking",CA,"San Francisco",0.7,0,0
FRD000000579,Card-Not-Present,Unauthorized,0,"Online Banking","card testing","Rules Engine","Card Services","Under Review","2026-02-11 02:42:57",2026-02-11,"2026-02-11 21:11:02","2026-02-12 18:33:01",NULL,310.62,221.13,162.77,58.36,0.7361,1,1,1,0,18,39,NULL,"2. 24-72h","Private Client Savings",$25K-100K,1,active,CUS0000212,18-24,"Private Client Banking",FL,Tampa,1.9,1,0
FRD000004582,Phishing/Smishing,Unauthorized,1,"Online Banking","fake login page","Rules Engine","Fraud Ops",Closed-Confirmed,"2024-11-10 14:23:48",2024-11-10,"2024-11-13 20:16:47","2024-11-14 00:14:18","2024-12-02 10:06:39",3265.27,3265.27,1798.99,1466.28,0.5509,3,1,1,1,77,81,21,"3. 3-7d","Private Client Savings",$1K-5K,1,active,CUS0000939,25-34,"Private Client Banking",MA,Springfield,1.7,1,1
FRD000000764,Card-Not-Present,Unauthorized,0,"Online Banking","card testing","Rules Engine","Card Services",Closed-Confirmed,"2025-05-28 13:11:53",2025-05-28,"2025-05-29 16:10:25","2025-05-29 22:07:27","2025-06-08 05:10:14",125.26,125.26,97.23,28.03,0.7762,4,1,1,0,26,32,10,"2. 24-72h","Auto Loan",<$1K,0,active,CUS0001861,35-44,"Consumer Banking",CA,"San Francisco",1.3,1,1
FRD000004961,Phishing/Smishing,Unauthorized,1,"Online Banking","credential harvest","Customer Reported","Fraud Ops",Closed-Confirmed,"2025-04-14 17:52:13",2025-04-14,"2025-04-19 01:48:26","2025-04-19 18:48:46","2025-05-04 16:19:33",6043.40,6043.40,3504.51,2538.89,0.5799,1,1,1,0,103,120,19,"3. 3-7d","Sapphire Preferred",$1K-5K,0,active,CUS0000162,35-44,"Consumer Banking",MA,Worcester,7.2,0,0
FRD000001074,Card-Not-Present,Unauthorized,0,"Online Banking","digital wallet","ML Model","Card Services",Closed-Confirmed,"2025-03-03 23:16:48",2025-03-03,"2025-03-04 07:47:03",NULL,"2025-03-17 10:58:59",46.91,46.91,41.77,5.14,0.8904,2,1,0,1,8,NULL,13,"Never Reported","Auto Loan",<$1K,0,active,CUS0001750,45-54,"Consumer Banking",KS,Wichita,0.4,0,0
FRD000006080,"Zelle/P2P Scam",Authorized,1,"Online Banking","ticket resale","Customer Reported",Claims,Closed-Confirmed,"2026-01-13 04:09:17",2026-01-13,"2026-01-13 08:19:36","2026-01-13 11:16:50","2026-01-22 06:24:23",466.07,466.07,71.18,394.89,0.1527,1,0,0,0,4,7,9,"1. <24h","Sapphire Preferred",$5K-25K,0,active,CUS0001680,18-24,"Consumer Banking",MA,Worcester,1.9,1,0
FRD000005146,"Account Takeover",Unauthorized,0,"Online Banking","session hijack","Customer Reported","Fraud Ops",Closed-Confirmed,"2024-03-21 19:05:13",2024-03-21,"2024-03-23 15:04:20","2024-03-24 02:42:32","2024-04-01 15:34:55",2699.53,1879.08,831.52,1047.56,0.4425,4,1,1,0,43,55,10,"2. 24-72h","Total Checking",$25K-100K,1,active,CUS0002108,35-44,"Consumer Banking",TX,Austin,8.9,1,0
FRD000004741,Phishing/Smishing,Unauthorized,1,"Online Banking","fake login page","Customer Reported","Fraud Ops",Closed-Confirmed,"2024-02-29 12:10:29",2024-02-29,"2024-03-10 14:22:21","2024-03-11 00:11:42","2024-03-19 03:12:06",2263.82,2263.82,1445.79,818.03,0.6387,2,1,1,0,242,252,18,"4. 7d+","Premier Savings",<$1K,1,active,CUS0002093,55-64,"Consumer Banking",TX,Austin,1.0,1,0
FRD000004766,Phishing/Smishing,Unauthorized,1,"Online Banking","QR code","Customer Reported","Fraud Ops","Closed-No Fraud","2024-07-11 22:08:23",2024-07-11,"2024-07-14 20:47:14","2024-07-15 12:51:29","2024-07-18 12:28:32",2975.48,0.00,0.00,0.00,NULL,1,0,0,0,70,86,6,"3. 3-7d","Private Client Checking",$1K-5K,1,active,CUS0000675,25-34,"Private Client Banking",CA,"Los Angeles",2.7,1,1
FRD000006233,"Zelle/P2P Scam",Authorized,1,"Online Banking","ticket resale","Rules Engine",Claims,"Under Review","2024-01-16 03:33:29",2024-01-16,"2024-01-16 08:27:27","2024-01-16 14:47:14",NULL,455.61,455.61,48.95,406.66,0.1074,1,0,0,0,4,11,NULL,"1. <24h","Total Checking",$1K-5K,1,active,CUS0000304,18-24,"Consumer Banking",FL,Miami,1.3,1,0
FRD000000073,Card-Not-Present,Unauthorized,0,"Online Banking","subscription abuse","Customer Reported","Card Services",Closed-Confirmed,"2025-07-18 15:44:02",2025-07-18,"2025-07-19 02:23:20","2025-07-19 11:06:27","2025-10-04 07:31:09",164.20,24.92,23.35,1.57,0.9370,4,1,1,1,10,19,77,"1. <24h","Auto Loan",$5K-25K,0,active,CUS0002115,45-54,"Consumer Banking",KS,Topeka,0.5,1,0
FRD000006866,"Zelle/P2P Scam",Authorized,1,"Online Banking","ticket resale","Rules Engine",Claims,Closed-Confirmed,"2024-03-23 19:11:04",2024-03-23,"2024-03-24 02:19:11","2024-03-24 14:38:00","2024-03-31 05:49:37",1413.18,601.51,73.87,527.64,0.1228,1,0,0,0,7,19,7,"1. <24h","Premier Savings",$5K-25K,1,active,CUS0002274,65+,"Consumer Banking",FL,Tampa,6.5,1,0
FRD000001801,Card-Not-Present,Unauthorized,0,"Online Banking","card testing","Customer Reported","Card Services","Under Review","2024-05-22 17:32:42",2024-05-22,"2024-05-23 02:06:48","2024-05-23 08:26:55",NULL,60.49,32.31,32.13,0.18,0.9944,2,1,1,1,8,14,NULL,"1. <24h","Private Client Checking",$1K-5K,1,active,CUS0000556,45-54,"Private Client Banking",KS,"Overland Park",3.0,1,0
FRD000009615,"Tech Support/Impersonation",Authorized,1,"Online Banking","refund overpayment","Customer Reported",Claims,Closed-Confirmed,"2026-05-07 12:32:03",2026-05-07,"2026-05-12 03:22:40","2026-05-12 12:00:26","2026-05-25 00:39:14",9507.73,9507.73,2312.22,7195.51,0.2432,3,0,0,1,110,119,17,"3. 3-7d","Auto Loan",$1K-5K,0,active,CUS0001201,65+,"Consumer Banking",KS,"Overland Park",0.9,1,0
FRD000003991,Phishing/Smishing,Unauthorized,1,"Online Banking","SMS link","Customer Reported","Fraud Ops",Closed-Confirmed,"2024-06-07 12:49:01",2024-06-07,"2024-06-11 04:02:30","2024-06-12 07:55:20","2024-06-30 02:54:52",4339.02,2087.11,1033.58,1053.53,0.4952,2,1,0,0,87,115,22,"3. 3-7d","Premier Savings",$5K-25K,1,active,CUS0000124,65+,"Consumer Banking",KS,"Overland Park",0.9,1,0
FRD000008237,"Business Email Compromise",Authorized,1,"Online Banking","CEO impersonation","Customer Reported","Wire Recall",Closed-Confirmed,"2026-02-08 18:01:42",2026-02-08,"2026-02-09 14:57:37","2026-02-10 04:54:03","2026-02-18 00:26:12",123007.42,123007.42,30095.96,92911.46,0.2447,1,0,0,0,20,34,9,"2. 24-72h","Freedom Unlimited",<$1K,0,active,CUS0001197,25-34,"Consumer Banking",TX,Austin,14.8,1,1
FRD000007332,"Zelle/P2P Scam",Authorized,1,"Online Banking","ticket resale","Customer Reported",Claims,"Closed-No Fraud","2024-09-06 02:41:12",2024-09-06,"2024-09-06 12:08:53","2024-09-06 13:26:02","2024-09-24 06:28:35",622.01,0.00,0.00,0.00,NULL,1,0,0,0,9,10,18,"1. <24h","Auto Loan",$1K-5K,0,active,CUS0000719,25-34,"Consumer Banking",KS,Topeka,0.9,1,0
FRD000001730,Card-Not-Present,Unauthorized,0,"Online Banking","digital wallet","ML Model","Card Services",Closed-Confirmed,"2025-06-23 22:04:33",2025-06-23,"2025-06-24 06:12:55",NULL,"2025-07-04 16:01:05",163.73,163.73,147.99,15.74,0.9039,3,1,0,0,8,NULL,10,"Never Reported","Premier Savings",$1K-5K,1,restricted,CUS0000458,55-64,"Consumer Banking",TX,Houston,4.5,1,0
FRD000004222,Phishing/Smishing,Unauthorized,1,"Online Banking","SMS link","Rules Engine","Fraud Ops",Closed-Confirmed,"2026-05-22 15:54:05",2026-05-22,"2026-05-26 11:59:30",NULL,"2026-05-31 15:09:11",1781.64,1781.64,1164.91,616.73,0.6538,2,1,0,0,92,NULL,8,"Never Reported","Business Savings",$5K-25K,1,active,CUS0001025,55-64,"Financial Banking",KS,"Overland Park",4.2,1,0
FRD000006312,"Zelle/P2P Scam",Authorized,1,"Online Banking","ticket resale","Customer Reported",Claims,Closed-Confirmed,"2024-05-14 02:00:11",2024-05-14,"2024-05-14 04:08:07","2024-05-14 05:00:05","2024-06-02 18:30:19",891.62,891.62,98.57,793.05,0.1106,2,0,0,0,2,2,19,"1. <24h","Private Client Checking",$25K-100K,1,active,CUS0001103,65+,"Private Client Banking",CA,"Los Angeles",3.6,1,0
FRD000005650,"Account Takeover",Unauthorized,0,"Online Banking","SIM swap","ML Model","Fraud Ops",Closed-Confirmed,"2024-12-08 01:22:07",2024-12-08,"2024-12-23 09:48:59","2024-12-25 02:53:13","2025-01-13 16:22:54",3854.93,3854.93,1298.28,2556.65,0.3368,6,1,0,0,368,409,36,"4. 7d+","Total Checking",<$1K,1,active,CUS0002241,35-44,"Consumer Banking",KS,"Overland Park",4.6,1,0
FRD000005733,"Account Takeover",Unauthorized,0,"Online Banking","password reset abuse","Customer Reported","Fraud Ops",Closed-Confirmed,"2025-09-15 07:09:11",2025-09-15,"2025-09-21 19:18:06","2025-09-22 01:44:13","2025-10-01 09:36:35",1951.84,1951.84,985.67,966.17,0.5050,4,1,1,0,156,162,16,"3. 3-7d","Business Platinum",$5K-25K,0,active,CUS0002130,25-34,"Financial Banking",KS,Wichita,2.0,1,0
FRD000008270,"Business Email Compromise",Authorized,1,"Online Banking","vendor invoice redirect","Rules Engine","Wire Recall","Closed-No Fraud","2025-07-10 20:01:51",2025-07-10,"2025-07-19 07:38:15",NULL,"2025-08-08 08:53:35",399998.88,0.00,0.00,0.00,NULL,1,0,0,0,203,NULL,28,"Never Reported","Auto Loan",$1K-5K,0,active,CUS0000300,45-54,"Consumer Banking",NJ,"Jersey City",5.1,1,1
FRD000006890,"Zelle/P2P Scam",Authorized,1,"Online Banking","fake marketplace seller","Customer Reported",Claims,Closed-Confirmed,"2025-02-12 17:12:37",2025-02-12,"2025-02-12 19:20:13","2025-02-13 06:05:54","2025-03-03 01:54:20",580.98,198.46,29.25,169.21,0.1474,2,0,0,0,2,12,18,"1. <24h","Financial Investment Account",$5K-25K,0,active,CUS0000759,45-54,"Private Client Banking",TX,Houston,0.7,1,0
FRD000006136,"Zelle/P2P Scam",Authorized,1,"Online Banking","fake marketplace seller","Customer Reported",Claims,Closed-Confirmed,"2025-03-29 16:24:31",2025-03-29,"2025-03-29 23:20:22","2025-03-30 02:54:57","2025-04-22 15:40:31",896.90,896.90,114.29,782.61,0.1274,7,0,0,0,6,10,23,"1. <24h","Business Savings",$5K-25K,1,active,CUS0001575,55-64,"Financial Banking",NJ,"Jersey City",8.0,1,0
FRD000002800,Card-Not-Present,Unauthorized,0,"Online Banking","online retail","Rules Engine","Card Services","Closed-No Fraud","2024-05-14 17:47:13",2024-05-14,"2024-05-15 17:24:05","2024-05-16 02:46:09","2024-05-24 14:43:06",47.31,0.00,0.00,0.00,NULL,4,0,0,1,23,32,9,"2. 24-72h","Freedom Unlimited",$5K-25K,0,active,CUS0001274,25-34,"Consumer Banking",KS,Wichita,0.1,1,0
FRD000002893,Card-Not-Present,Unauthorized,0,"Online Banking","subscription abuse","Customer Reported","Card Services",Closed-Confirmed,"2024-06-05 12:27:54",2024-06-05,"2024-06-05 23:46:38","2024-06-06 16:04:10","2024-08-06 21:10:00",590.25,115.58,104.96,10.62,0.9081,5,1,0,0,11,27,62,"2. 24-72h","Private Client Checking",$5K-25K,1,active,CUS0001833,55-64,"Private Client Banking",CA,"Los Angeles",3.6,0,0
FRD000009881,"Tech Support/Impersonation",Authorized,1,"Online Banking","refund overpayment","Customer Reported",Claims,Closed-Confirmed,"2026-01-31 03:50:34",2026-01-31,"2026-02-01 09:44:50","2026-02-02 02:29:52","2026-02-07 05:28:45",7246.48,7246.48,2181.53,5064.95,0.3010,2,1,0,0,29,46,7,"2. 24-72h","Premier Savings",$1K-5K,1,active,CUS0001133,45-54,"Consumer Banking",MA,Worcester,12.2,1,0
FRD000002319,Card-Not-Present,Unauthorized,0,"Online Banking","online retail","Rules Engine","Card Services",Closed-Confirmed,"2025-02-09 16:40:19",2025-02-09,"2025-02-10 02:39:45",NULL,"2025-03-15 05:33:35",413.41,413.41,413.41,0.00,1.0000,2,1,0,0,9,NULL,33,"Never Reported","Auto Loan",<$1K,0,active,CUS0001984,35-44,"Consumer Banking",CA,"San Diego",13.9,1,0
FRD000002385,Card-Not-Present,Unauthorized,0,"Online Banking","subscription abuse","Rules Engine","Card Services",Closed-Confirmed,"2024-07-11 07:10:30",2024-07-11,"2024-07-12 01:23:11",NULL,"2024-08-25 08:48:40",349.39,61.41,41.47,19.94,0.6753,3,0,0,0,18,NULL,45,"Never Reported","Business Platinum",$1K-5K,0,active,CUS0002819,65+,"Financial Banking",CA,"San Diego",5.8,0,0
FRD000001336,Card-Not-Present,Unauthorized,0,"Online Banking","digital wallet","Customer Reported","Card Services",Closed-Confirmed,"2024-05-27 18:55:55",2024-05-27,"2024-05-28 23:23:08","2024-05-29 13:53:17","2024-06-09 18:15:17",153.16,32.31,26.54,5.77,0.8214,1,1,1,0,28,42,12,"2. 24-72h","Auto Loan",<$1K,0,active,CUS0002278,45-54,"Consumer Banking",MI,Lansing,0.3,1,0
FRD000006361,"Zelle/P2P Scam",Authorized,1,"Online Banking","utility impersonation","Customer Reported",Claims,"Closed-No Fraud","2024-09-11 00:32:22",2024-09-11,"2024-09-11 07:43:49","2024-09-12 00:07:49","2024-09-17 00:21:31",1689.88,0.00,0.00,0.00,NULL,3,0,0,0,7,23,5,"1. <24h","Premier Savings",<$1K,1,active,CUS0002247,65+,"Consumer Banking",MI,Lansing,6.5,1,1
FRD000004776,Phishing/Smishing,Unauthorized,1,"Online Banking","credential harvest","ML Model","Fraud Ops",Closed-Confirmed,"2024-08-23 03:11:41",2024-08-23,"2024-08-27 00:39:48","2024-08-27 03:18:43","2024-09-04 07:09:02",3222.69,3222.69,1661.46,1561.23,0.5156,3,1,0,0,93,96,12,"3. 3-7d","Freedom Unlimited",$1K-5K,0,active,CUS0000324,65+,"Consumer Banking",KS,Topeka,4.8,1,0
FRD000008876,"Identity Theft/Synthetic",Unauthorized,0,"Online Banking","new account fraud","Statement Review","Fraud Ops",Closed-Confirmed,"2024-02-12 12:00:01",2024-02-12,"2024-05-11 05:18:19",NULL,"2024-05-23 20:56:24",48313.57,48313.57,8310.62,40002.95,0.1720,1,1,0,0,2129,NULL,101,"Never Reported","Freedom Unlimited",$5K-25K,0,active,CUS0002913,25-34,"Consumer Banking",TX,Austin,9.1,1,0
FRD000005243,"Account Takeover",Unauthorized,0,"Online Banking","SIM swap","ML Model","Fraud Ops",Closed-Confirmed,"2026-03-31 19:03:22",2026-03-31,"2026-04-01 00:27:57","2026-04-02 03:51:14","2026-04-15 23:36:58",3696.18,3696.18,1853.42,1842.76,0.5014,1,1,0,0,5,32,15,"2. 24-72h","Auto Loan",<$1K,0,active,CUS0001952,18-24,"Consumer Banking",TX,Dallas,15.2,1,0
FRD000006293,"Zelle/P2P Scam",Authorized,1,"Online Banking","rental deposit","Customer Reported",Claims,Closed-Confirmed,"2025-07-12 05:22:53",2025-07-12,"2025-07-12 10:35:14","2025-07-12 13:48:37","2025-07-29 05:06:10",616.13,90.04,11.63,78.41,0.1292,1,0,0,0,5,8,16,"1. <24h","Sapphire Preferred",$5K-25K,0,active,CUS0001190,35-44,"Consumer Banking",KS,"Overland Park",16.6,0,1
FRD000000985,Card-Not-Present,Unauthorized,0,"Online Banking","subscription abuse","ML Model","Card Services",Closed-Confirmed,"2026-06-21 00:37:00",2026-06-21,"2026-06-21 20:39:51","2026-06-21 23:56:17","2026-06-29 14:51:20",148.22,148.22,148.22,0.00,1.0000,3,1,1,0,20,23,8,"1. <24h","Business Savings",<$1K,1,active,CUS0002182,45-54,"Financial Banking",TX,Dallas,3.6,1,0
FRD000008591,"Identity Theft/Synthetic",Unauthorized,0,"Online Banking",bust-out,"Customer Reported","Fraud Ops",Closed-Confirmed,"2025-07-15 16:55:11",2025-07-15,"2026-02-16 19:41:20","2026-02-19 15:35:48","2026-04-08 09:44:13",1539.29,700.94,128.96,571.98,0.1840,1,1,0,0,5186,5254,266,"4. 7d+","Sapphire Preferred",$100K+,0,active,CUS0001399,25-34,"Consumer Banking",PA,Harrisburg,4.4,0,0
FRD000000450,Card-Not-Present,Unauthorized,0,"Online Banking","card testing","Customer Reported","Card Services",Closed-Confirmed,"2025-01-31 19:22:14",2025-01-31,"2025-02-01 03:05:31","2025-02-01 06:36:50","2025-02-12 03:27:23",2540.25,2540.25,2540.25,0.00,1.0000,5,0,1,0,7,11,11,"1. <24h","Business Platinum",$1K-5K,0,active,CUS0002112,55-64,"Financial Banking",TX,Dallas,12.4,1,0
FRD000006452,"Zelle/P2P Scam",Authorized,1,"Online Banking","rental deposit","Customer Reported",Claims,Open,"2026-01-24 10:17:17",2026-01-24,"2026-01-25 03:48:15","2026-01-25 21:07:25",NULL,1283.61,1283.61,163.56,1120.05,0.1274,1,0,0,0,17,34,NULL,"2. 24-72h","Business Platinum",$1K-5K,0,active,CUS0000464,65+,"Financial Banking",MI,Detroit,0.5,1,0
FRD000004711,Phishing/Smishing,Unauthorized,1,"Online Banking","QR code","Customer Reported","Fraud Ops",Closed-Confirmed,"2025-11-30 18:01:36",2025-11-30,"2025-12-02 05:11:39","2025-12-03 13:00:57","2025-12-10 17:36:35",2141.98,2141.98,1285.36,856.62,0.6001,4,1,1,0,35,66,9,"2. 24-72h","Auto Loan",$1K-5K,0,active,CUS0002872,45-54,"Consumer Banking",MI,Lansing,2.3,1,1
FRD000005860,"Account Takeover",Unauthorized,0,"Online Banking","credential stuffing","Customer Reported","Fraud Ops",Closed-Confirmed,"2024-09-24 23:47:08",2024-09-24,"2024-09-27 20:23:18","2024-09-28 03:59:58","2024-10-03 17:56:54",14236.12,14236.12,6699.73,7536.39,0.4706,4,1,1,0,68,76,8,"3. 3-7d","Sapphire Preferred",$1K-5K,0,active,CUS0001435,18-24,"Consumer Banking",NJ,Newark,6.0,1,2
FRD000008506,"Identity Theft/Synthetic",Unauthorized,0,"Online Banking","stolen SSN","Customer Reported","Fraud Ops",Closed-Confirmed,"2024-05-31 19:30:49",2024-05-31,"2024-11-21 17:48:06","2024-11-24 07:31:17","2024-11-25 13:40:43",19378.68,19378.68,3309.13,16069.55,0.1708,4,1,1,0,4174,4236,177,"4. 7d+","Premier Savings",<$1K,1,active,CUS0002065,18-24,"Consumer Banking",FL,Orlando,33.0,1,0
FRD000001818,Card-Not-Present,Unauthorized,0,"Online Banking","subscription abuse","Rules Engine","Card Services","Under Review","2024-04-06 18:40:16",2024-04-06,"2024-04-07 03:35:37",NULL,NULL,178.76,178.76,173.49,5.27,0.9705,4,1,0,0,8,NULL,NULL,"Never Reported","Freedom Unlimited",$1K-5K,0,active,CUS0002870,25-34,"Consumer Banking",TX,Dallas,3.6,1,0
FRD000006557,"Zelle/P2P Scam",Authorized,1,"Online Banking","ticket resale","Customer Reported",Claims,Open,"2024-08-16 04:25:44",2024-08-16,"2024-08-16 06:10:04","2024-08-16 10:54:16",NULL,2206.60,2206.60,302.17,1904.43,0.1369,2,0,0,0,1,6,NULL,"1. <24h","Auto Loan",$1K-5K,0,active,CUS0000634,65+,"Consumer Banking",KS,"Overland Park",4.5,1,0
FRD000006365,"Zelle/P2P Scam",Authorized,1,"Online Banking","utility impersonation","Customer Reported",Claims,Closed-Confirmed,"2024-09-18 05:09:32",2024-09-18,"2024-09-18 05:30:15","2024-09-18 07:51:52","2024-11-01 08:27:55",3156.56,3156.56,334.38,2822.18,0.1059,3,0,0,0,0,2,44,"1. <24h","Private Client Savings",$100K+,1,active,CUS0002364,55-64,"Private Client Banking",FL,Orlando,2.3,1,0
FRD000005281,"Account Takeover",Unauthorized,0,"Online Banking","SIM swap","ML Model","Fraud Ops",Closed-Confirmed,"2025-04-29 14:50:08",2025-04-29,"2025-05-15 12:14:59",NULL,"2025-06-05 12:04:20",7333.31,7333.31,2990.00,4343.31,0.4077,4,1,0,1,381,NULL,36,"Never Reported","Business Checking",$100K+,1,active,CUS0002371,45-54,"Financial Banking",TX,Dallas,2.2,1,0
FRD000007286,"Zelle/P2P Scam",Authorized,1,"Online Banking","rental deposit","Customer Reported",Claims,Closed-Confirmed,"2024-12-08 15:31:28",2024-12-08,"2024-12-09 00:39:46","2024-12-09 09:06:41","2025-01-14 03:33:13",1175.89,841.08,83.28,757.80,0.0990,1,0,0,0,9,17,36,"1. <24h","Sapphire Preferred",$1K-5K,0,active,CUS0000267,25-34,"Consumer Banking",NY,"New York",2.9,1,0
FRD000001209,Card-Not-Present,Unauthorized,0,"Online Banking","card testing","ML Model","Card Services",Closed-Confirmed,"2024-06-16 10:17:43",2024-06-16,"2024-06-16 16:01:20","2024-06-16 21:16:15","2024-06-24 10:46:03",51.80,51.80,51.80,0.00,1.0000,3,1,0,0,5,10,8,"1. <24h","Auto Loan",$1K-5K,0,active,CUS0000645,65+,"Consumer Banking",CA,"San Diego",1.6,1,0
FRD000005547,"Account Takeover",Unauthorized,0,"Online Banking","SIM swap","ML Model","Fraud Ops","Closed-No Fraud","2024-12-06 05:00:13",2024-12-06,"2024-12-13 10:25:26","2024-12-13 17:15:03","2024-12-24 13:48:15",2501.48,0.00,0.00,0.00,NULL,2,0,0,0,173,180,18,"4. 7d+","Auto Loan",$1K-5K,0,active,CUS0001049,45-54,"Consumer Banking",TX,Austin,7.5,1,1
FRD000008826,"Identity Theft/Synthetic",Unauthorized,0,"Online Banking","new account fraud","Statement Review","Fraud Ops",Closed-Confirmed,"2025-02-09 21:16:06",2025-02-09,"2025-10-01 02:28:10","2025-10-03 10:08:15","2025-10-13 06:48:33",11842.58,11842.58,2795.41,9047.17,0.2360,3,1,1,0,5597,5652,245,"4. 7d+","Premier Savings",$1K-5K,1,active,CUS0001264,35-44,"Consumer Banking",KS,"Overland Park",2.8,1,3
FRD000008375,"Business Email Compromise",Authorized,1,"Online Banking","closing wire redirect","ML Model","Wire Recall","Closed-No Fraud","2024-08-10 10:25:35",2024-08-10,"2024-08-13 06:41:48",NULL,"2024-08-24 17:28:18",7131.38,0.00,0.00,0.00,NULL,1,0,0,0,68,NULL,14,"Never Reported","Freedom Unlimited",<$1K,0,active,CUS0000532,65+,"Consumer Banking",FL,Orlando,4.1,1,1
FRD000000347,Card-Not-Present,Unauthorized,0,"Online Banking","digital wallet","Merchant Alert","Card Services",Open,"2025-10-25 03:31:44",2025-10-25,"2025-10-25 14:47:32","2025-10-25 17:57:45",NULL,657.74,657.74,547.54,110.20,0.8325,3,1,1,0,11,14,NULL,"1. <24h","Business Platinum",$5K-25K,0,active,CUS0002828,25-34,"Financial Banking",PA,Philadelphia,0.6,0,0
FRD000005006,"Account Takeover",Unauthorized,0,"Online Banking","credential stuffing","Rules Engine","Fraud Ops",Closed-Confirmed,"2026-05-06 18:10:36",2026-05-06,"2026-05-07 22:20:54",NULL,"2026-05-21 04:47:37",907.82,907.82,427.03,480.79,0.4704,2,1,0,0,28,NULL,14,"Never Reported","Freedom Unlimited",$1K-5K,0,active,CUS0001457,35-44,"Consumer Banking",CA,"San Diego",7.3,1,0
FRD000001719,Card-Not-Present,Unauthorized,0,"Online Banking","digital wallet","ML Model","Card Services","Closed-No Fraud","2025-07-03 03:42:47",2025-07-03,"2025-07-03 11:25:27",NULL,"2025-07-21 08:51:00",166.74,0.00,0.00,0.00,NULL,3,0,0,0,7,NULL,18,"Never Reported","Auto Loan",$1K-5K,0,active,CUS0002923,65+,"Consumer Banking",CA,"San Francisco",3.4,1,0
FRD000009613,"Tech Support/Impersonation",Authorized,1,"Online Banking","fake antivirus","Customer Reported",Claims,Closed-Confirmed,"2024-05-19 03:48:15",2024-05-19,"2024-05-27 19:11:22","2024-05-28 00:26:38","2024-06-02 17:45:55",5125.19,5125.19,1196.46,3928.73,0.2334,2,0,0,0,207,212,14,"4. 7d+","Private Client Checking",$1K-5K,1,closed,CUS0002696,35-44,"Private Client Banking",NJ,Newark,5.2,1,0
